native,target,geo_euclidean,geo_cosine,fam_euclidean,fam_cosine,syntax_knn_euclidean,syntax_knn_cosine,phonology_knn_euclidean,phonology_knn_cosine,inventory_knn_euclidean,inventory_knn_cosine,pca_combined_distance,same_cluster,native_cluster_size,same_script,fam_euclidean_norm,phonology_knn_euclidean_norm,syntax_knn_euclidean_norm,inventory_knn_euclidean_norm,geo_euclidean_norm,difficulty_score
eng,spa,0.8496208451359379,0.0040721268097995145,4.358898943540674,0.9037749551350623,3.7416573867739413,0.17840613445904518,1.7320508075688772,0.14188366967896693,5.830951894845301,0.36182077182602745,6.49703077914712,0,7,1,0.8897565210026094,0.5222329678670935,0.36758284421387466,0.8142779343403991,0.1189441627450714,0.5990906653986445
eng,fra,0.3632218118111742,0.0007444697132870104,4.358898943540674,0.9037749551350623,3.872983346207417,0.18824593690905445,2.449489742783178,0.24738219099361836,5.291502622129181,0.2591322134233639,4.909339630469903,0,7,1,0.8897565210026094,0.7385489458759963,0.3883236969818679,0.6763708770249299,0.03949980132769364,0.6326595537862796
eng,deu,0.6463695225079125,0.002357720030083832,2.6457513110645907,0.45566894604818264,2.8284271247461903,0.09745802098497969,2.23606797749979,0.19417703597461977,5.0,0.2372299286035262,3.0564657566737883,1,7,1,0.5400617248673217,0.6741998624632421,0.22335260603626417,0.6018499334426524,0.08574678687232866,0.46980383364327416
eng,ita,0.9093742609794797,0.0046657033115575786,4.0,0.8888888888888888,3.3166247903554,0.14220584589844,1.7320508075688772,0.14188366967896693,5.385164807134504,0.3000341771843086,5.385493890204582,0,7,1,0.8164965809277261,0.5222329678670935,0.3004556856387994,0.7003150678304635,0.12870378733097723,0.5470808029139694
eng,por,0.7562694941627559,0.003226774519580311,4.242640687119285,0.8994962184740788,3.4641016151377544,0.15760299761174978,1.4142135623730951,0.09546596626670911,4.69041575982343,0.21326274235134002,5.356047499182102,0,7,1,0.8660254037844386,0.4264014327112209,0.32374731147345703,0.5227065297653551,0.10369693165001656,0.5147482676551323
eng,nld,0.2574855221269145,0.0003741373245090829,3.1622776601683795,0.5555555555555556,2.449489742783178,0.07570690126642576,2.0,0.18181818181818177,5.477225575051661,0.2776539080877798,2.956329998228099,1,7,1,0.6454972243679029,0.6030226891555273,0.16350545562146043,0.7238498657063308,0.02222971763696356,0.4867948964613426
eng,rus,2.7235860526929985,0.04186456865539456,3.3166247903554,0.8333333333333334,3.872983346207417,0.18824593690905445,1.7320508075688772,0.14188366967896693,5.744562646538029,0.3525037939119676,6.308262347435857,0,7,1,0.6770032003863301,0.5222329678670935,0.3883236969818679,0.7921930273429978,0.42502201042317617,0.5514039961016546
eng,pol,0.8106919080970605,0.003709327729394807,3.4641016151377544,0.850928801500014,4.123105625617661,0.21361325138064646,1.7320508075688772,0.14188366967896693,5.830951894845301,0.347187561528875,5.843614907191004,0,7,1,0.7071067811865476,0.5222329678670935,0.42782654465663106,0.8142779343403991,0.11258583484591629,0.5560265671474194
eng,cmn,4.463534921580094,0.11237800512090057,3.605551275463989,1.0,4.58257569495584,0.2876043883434517,2.449489742783178,0.24738219099361836,6.082762530298219,0.38171792256872983,7.795408305327269,0,7,1,0.7359800721939873,0.7385489458759963,0.500392555981073,0.8786518532469964,0.7092107470716921,0.6727680846640438
eng,jpn,5.044845007627501,0.1435296063143945,3.4641016151377544,1.0,6.0,0.4998069870609444,2.6457513110645907,0.3325761875280854,5.656854249492381,0.3461147024097482,8.723152950263437,0,7,1,0.7071067811865476,0.7977240352174657,0.7242522479073147,0.7697708876716975,0.8041570882595909,0.7120869803055279
eng,kor,4.814351270483619,0.13072622685468727,3.1622776601683795,1.0,5.830951894845301,0.4471769671827107,2.23606797749979,0.25379749275536356,5.291502622129181,0.29063824236564373,8.456397659646381,0,7,1,0.6454972243679029,0.6741998624632421,0.6975537804082217,0.6763708770249299,0.7665101636081714,0.6414910287419738
eng,arb,2.699855781526311,0.04110402971931226,3.872983346207417,1.0,5.385164807134504,0.3556139237744075,2.6457513110645907,0.27475933237715777,5.291502622129181,0.26801157789705143,7.564188041064145,0,7,1,0.7905694150420949,0.7977240352174657,0.6271487790515345,0.6763708770249299,0.42114610584702555,0.6845445259733925
eng,hin,3.973718784858659,0.08903014650012098,3.7416573867739413,0.8740118423302576,5.477225575051661,0.3838046008442838,2.23606797749979,0.2166505481993597,5.656854249492381,0.2909090909090909,8.197674338592337,0,7,1,0.7637626158259734,0.6741998624632421,0.6416883174742132,0.7697708876716975,0.629208264484973,0.6729424602334485
eng,tur,1.7631121363538103,0.01753685309773001,3.872983346207417,1.0,6.082762530298219,0.4932882902904683,2.0,0.18181818181818177,5.744562646538029,0.3341996971388168,8.239473960904235,0,7,1,0.7905694150420949,0.6030226891555273,0.7373232771465221,0.7921930273429978,0.26814621151370926,0.6676274169079498
eng,vie,5.1150978235257645,0.14748624374747477,3.4641016151377544,1.0,4.795831523312719,0.33966975229356944,2.23606797749979,0.2166505481993597,5.0990195135927845,0.252599605233773,8.133068167109782,0,7,1,0.7071067811865476,0.6741998624632421,0.5340729323281959,0.6271636940259873,0.8156315972828924,0.6223527204054566
eng,tha,5.11544099416769,0.1474812746300368,4.358898943540674,1.0,5.0,0.36063798690899396,2.23606797749979,0.2166505481993597,5.0,0.2509746592811689,7.414289167780783,0,7,1,0.8897565210026094,0.6741998624632421,0.5663181055833848,0.6018499334426524,0.8156876479134181,0.679802415445339
eng,swh,4.3122656845766585,0.10473930653594188,4.58257569495584,1.0,6.324555320336759,0.5261516861566092,1.4142135623730951,0.09090909090909094,4.898979485566356,0.24189523274320968,8.682246830923546,0,7,1,0.9354143466934854,0.4264014327112209,0.775510614061369,0.5760246286760073,0.6845036915216701,0.6629556638756091
eng,fin,1.1997027161272036,0.008126660737834301,3.4641016151377544,1.0,4.69041575982343,0.2892275292349138,1.7320508075688772,0.1296117202215108,5.385164807134504,0.3000341771843086,6.55724147118616,1,7,1,0.7071067811865476,0.5222329678670935,0.5174241841340927,0.7003150678304635,0.1761236157850862,0.56002855411338
eng,hun,0.9821678942620241,0.005443435436380928,3.1622776601683795,1.0,5.0,0.3060457640647465,1.7320508075688772,0.14188366967896693,5.0990195135927845,0.2597354909626015,6.584061849059735,0,7,1,0.6454972243679029,0.5222329678670935,0.5663181055833848,0.6271636940259873,0.14059329227479408,0.5385752491114589
eng,ell,1.3610027548146495,0.010450901080275465,3.4641016151377544,0.850928801500014,4.358898943540674,0.21694465350418823,1.0,0.04653741075440765,5.744562646538029,0.3525037939119676,5.47499305789054,0,7,1,0.7071067811865476,0.30151134457776363,0.4650663600885159,0.7921930273429978,0.2024690188228559,0.5094755475607008
eng,heb,2.2443691721138057,0.02840943685717534,4.0,1.0,4.58257569495584,0.24858144337623456,2.6457513110645907,0.27475933237715777,5.744562646538029,0.3564127522592252,7.002277493463957,0,7,1,0.8164965809277261,0.7977240352174657,0.500392555981073,0.7921930273429978,0.3467507219343644,0.6806249844770667
eng,ind,6.083858852923828,0.20844177198040548,4.123105625617661,1.0,4.358898943540674,0.2734522578511295,1.4142135623730951,0.09090909090909094,4.898979485566356,0.2442913450968217,8.110263464075643,0,7,1,0.8416254115301732,0.4264014327112209,0.4650663600885159,0.5760246286760073,0.9738609441228634,0.5871979951621046
eng,tgl,5.628805447264504,0.17856940538789356,4.0,1.0,5.5677643628300215,0.3911844526817908,1.7320508075688772,0.14188366967896693,5.0990195135927845,0.2706523106583171,8.041055744800914,0,7,1,0.8164965809277261,0.5222329678670935,0.6559874832690368,0.6271636940259873,0.8995363160982227,0.6457560828077078
eng,ces,0.7109244301835594,0.0028523539605418424,3.605551275463989,0.8639172365120457,4.358898943540674,0.2602045571258922,1.7320508075688772,0.14188366967896693,5.656854249492381,0.334973352217791,6.14015923281315,0,7,0,0.7359800721939873,0.5222329678670935,0.4650663600885159,0.7697708876716975,0.09629064708848431,0.6146457011478517
eng,swe,0.8230419346918787,0.0038241753024802483,3.0,0.591751709536137,2.23606797749979,0.06658369264033637,2.0,0.18181818181818177,5.830951894845301,0.3202705791555751,3.5131511461993563,1,7,0,0.6123724356957946,0.6030226891555273,0.1297988721681695,0.8142779343403991,0.11460298518769722,0.5382990168416988
eng,nor,0.6259054666151026,0.002211662711917417,2.8284271247461903,0.5527864045000421,2.6457513110645907,0.09021832140743635,2.23606797749979,0.2372299286035261,5.5677643628300215,0.28944028759357254,4.596653741639335,1,7,0,0.5773502691896258,0.6741998624632421,0.19450185807913475,0.7469955782448925,0.08240435865798573,0.5468249726581584
eng,dan,0.4318519414143292,0.0010526867656064365,3.0,0.591751709536137,3.0,0.11992176734660287,2.0,0.18181818181818177,4.795831523312719,0.22463829682464442,3.5427050087804797,1,7,0,0.6123724356957946,0.6030226891555273,0.2504498209355252,0.5496554542940227,0.050709274305149356,0.5195411490440861
eng,ron,1.1770566890623952,0.007818083535043874,3.872983346207417,0.882148869802242,4.0,0.2040809427572,1.4142135623730951,0.09546596626670911,5.0990195135927845,0.2658830209511982,5.035555738543644,0,7,0,0.7905694150420949,0.4264014327112209,0.40838396325945503,0.6271636940259873,0.17242480259767776,0.5781437695761067
eng,ukr,1.1265508206077846,0.007162011991919126,3.4641016151377544,0.850928801500014,3.4641016151377544,0.15273132616089036,1.7320508075688772,0.14188366967896693,5.0,0.25628631325832785,5.125145770840254,0,7,0,0.7071067811865476,0.5222329678670935,0.32374731147345703,0.6018499334426524,0.1641755952754922,0.5559260083976015
eng,ben,4.424925527310377,0.1103860776598945,3.7416573867739413,0.8740118423302576,5.744562646538029,0.4165517671533828,2.23606797749979,0.2372299286035261,5.0990195135927845,0.2562720167081831,7.921115786544719,0,7,0,0.7637626158259734,0.6741998624632421,0.6839099685708037,0.6271636940259873,0.7029046106233874,0.7136805287128308
eng,urd,3.6385568783819187,0.07464788699281288,3.7416573867739413,0.8740118423302576,5.477225575051661,0.3838046008442838,1.7320508075688772,0.14188366967896693,5.5677643628300215,0.2843735526678657,7.957793095950559,0,7,0,0.7637626158259734,0.5222329678670935,0.6416883174742132,0.7469955782448925,0.5744657140126387,0.6787973126467739
eng,pan,3.7228368920237975,0.07815043541243227,3.605551275463989,0.8639172365120457,5.656854249492381,0.3873211482551602,2.0,0.19596974779263032,5.0,0.2293253644115476,7.604315312046579,0,7,0,0.7359800721939873,0.6030226891555273,0.6700578181087926,0.6018499334426524,0.5882313085251516,0.6752503130114921
eng,tam,4.6247383814043035,0.120533057167579,4.358898943540674,1.0,6.0,0.4864864864864865,1.7320508075688772,0.14719713457755834,5.830951894845301,0.34198710307786806,8.979315731534188,0,7,0,0.8897565210026094,0.5222329678670935,0.7242522479073147,0.8142779343403991,0.7355403757234319,0.7512543567862506
eng,tel,4.381146606284593,0.10818430892041997,3.4641016151377544,1.0,5.916079783099616,0.4794032068663686,2.0,0.19596974779263032,5.744562646538029,0.3291796067500631,8.620733140124118,0,7,0,0.7071067811865476,0.6030226891555273,0.7109983804275144,0.7921930273429978,0.6957541267898537,0.7087040431712913
eng,mar,4.254906907961561,0.1020521198996106,3.605551275463989,0.8639172365120457,5.830951894845301,0.43515421744059357,2.0,0.19596974779263032,5.0,0.2409635294425151,7.753699763582227,0,7,0,0.7359800721939873,0.6030226891555273,0.6975537804082217,0.6018499334426524,0.6751351873354665,0.6850946994118936
eng,jav,5.895367633755304,0.19579033069318919,3.7416573867739413,1.0,5.0990195135927845,0.3988666026900839,2.23606797749979,0.25379749275536356,5.0990195135927845,0.26847068743957014,8.565598873658539,0,7,0,0.7637626158259734,0.6741998624632421,0.581956667535994,0.6271636940259873,0.9430743604463534,0.7052983559970172
eng,mya,4.6705662020515,0.12297477699489179,4.0,1.0,6.782329983125268,0.6051264051305076,1.7320508075688772,0.11359473957208166,3.7416573867739413,0.13458901658647404,7.902053506438507,0,7,0,0.8164965809277261,0.5222329678670935,0.8478088628064984,0.28016199045791074,0.7430255097328076,0.674244562861718
eng,khm,5.309876222093574,0.15889957954384615,3.3166247903554,1.0,5.0,0.36968476355295266,2.449489742783178,0.3162365412421724,5.5677643628300215,0.31339343767440486,8.513035627712375,0,7,0,0.6770032003863301,0.7385489458759963,0.5663181055833848,0.7469955782448925,0.8474450764058807,0.7054234082586031
eng,amh,3.364627646335646,0.06380406563595076,4.0,1.0,5.830951894845301,0.4118283023249538,2.23606797749979,0.2372299286035261,5.385164807134504,0.3000341771843086,7.610743431022926,0,7,0,0.8164965809277261,0.6741998624632421,0.6975537804082217,0.7003150678304635,0.5297243978864233,0.7345431760446635
spa,eng,0.8496208451359379,0.0040721268097995145,4.358898943540674,0.9037749551350623,3.7416573867739413,0.17840613445904518,1.7320508075688772,0.14188366967896693,5.830951894845301,0.36182077182602745,6.49703077914712,0,12,1,0.8897565210026094,0.5222329678670935,0.36758284421387466,0.8142779343403991,0.1189441627450714,0.5990906653986445
spa,fra,0.5346211926781899,0.0016120591902554215,2.449489742783178,0.25,3.605551275463989,0.1565652877542102,2.6457513110645907,0.29835358455437655,5.830951894845301,0.3731093287130277,4.877322990889151,1,12,1,0.5,0.7977240352174657,0.34608704225909204,0.8142779343403991,0.06749474668611138,0.5441648447415502
spa,deu,0.8562089539739437,0.004134973629211003,4.0,0.882148869802242,4.242640687119285,0.21406291142125744,2.449489742783178,0.23936117074433505,6.244997998398398,0.4501948397061789,7.471924459784256,0,12,1,0.8164965809277261,0.7385489458759963,0.4467052120725283,0.920126403551316,0.12002020949624595,0.6629472241693322
spa,ita,0.7166617738296064,0.0028963577129963447,2.6457513110645907,0.3264246859454366,1.7320508075688772,0.03696364326665014,1.4142135623730951,0.09999999999999998,4.58257569495584,0.2870689537607938,2.2484398721154566,1,12,1,0.5400617248673217,0.4264014327112209,0.05019735271859641,0.4951378467421696,0.09722773694879233,0.3577904100404861
spa,por,0.19015235087951507,0.00020389479885807305,1.0,0.0425728922436619,2.0,0.0497029857673249,1.7320508075688772,0.1567259572884322,4.69041575982343,0.2603294909176931,2.4560423539474057,1,12,1,0.20412414523193154,0.5222329678670935,0.09251567861159542,0.5227065297653551,0.01123207902038976,0.2892662046744947
spa,nld,0.8319456165006524,0.0039039698639845577,4.358898943540674,0.9037749551350623,4.0,0.19512195121951215,1.7320508075688772,0.14188366967896693,5.656854249492381,0.34989115570239904,6.684994721962821,0,12,1,0.8897565210026094,0.5222329678670935,0.40838396325945503,0.7697708876716975,0.11605723831547687,0.6004304859859756
spa,rus,3.184072463425055,0.0571895297670183,3.7416573867739413,0.8556624327025936,3.872983346207417,0.18066342238980415,1.4142135623730951,0.09999999999999998,4.58257569495584,0.3042747572170619,6.220352437811557,1,12,1,0.7637626158259734,0.4264014327112209,0.3883236969818679,0.4951378467421696,0.5002340201838172,0.512676260342487
spa,pol,1.1919498936416237,0.00801457876100431,3.872983346207417,0.8709005551264195,3.605551275463989,0.1565652877542102,1.4142135623730951,0.09999999999999998,4.47213595499958,0.2608508517121635,4.794141133444212,1,12,1,0.7905694150420949,0.4264014327112209,0.34608704225909204,0.46690457195922563,0.17485733442071116,0.4917671436571715
spa,cmn,4.917688114057882,0.13634304531712382,4.0,1.0,5.385164807134504,0.3753049524455757,2.23606797749979,0.21064778262367367,5.196152422706632,0.3585730194101815,8.577960894418656,0,12,1,0.8164965809277261,0.6741998624632421,0.6271487790515345,0.6519951551881026,0.7833883417832571,0.6758973860718135
spa,jpn,5.519143684626886,0.1717026295035443,3.872983346207417,1.0,6.6332495807108,0.5776290581212363,2.8284271247461903,0.4,5.0990195135927845,0.39282325928108375,9.744268011063257,0,12,1,0.7905694150420949,0.8528028654224418,0.8242639773138629,0.6271636940259873,0.8816250783946874,0.753380144354644
spa,kor,5.28605646688014,0.1575209768914907,3.605551275463989,1.0,6.324555320336759,0.4998436767196447,2.449489742783178,0.3291796067500631,5.0990195135927845,0.36086448346676236,9.548470731914398,0,12,1,0.7359800721939873,0.7385489458759963,0.775510614061369,0.6271636940259873,0.8435545562518533,0.6967856628559598
spa,arb,2.5441655514817274,0.03648246056658533,4.242640687119285,1.0,4.58257569495584,0.24658942504318226,2.449489742783178,0.23936117074433505,5.477225575051661,0.3480238606380015,7.620052631880112,0,12,1,0.8660254037844386,0.7385489458759963,0.500392555981073,0.7238498657063308,0.39571696216581653,0.6728866967647857
spa,hin,4.094502185635935,0.09447868444316843,4.123105625617661,0.8908910548820038,5.0990195135927845,0.31707317073170727,2.0,0.1784161637422509,6.324555320336759,0.43019711770181024,8.97507350112876,0,12,1,0.8416254115301732,0.6030226891555273,0.581956667535994,0.9404647684566524,0.6489360178050811,0.6931511454138846
spa,tur,1.7235761726659078,0.016751059874741236,4.242640687119285,1.0,5.744562646538029,0.41730121927113906,1.7320508075688772,0.14188366967896693,5.744562646538029,0.42619541594696886,8.329080087630741,1,12,1,0.8660254037844386,0.5222329678670935,0.6839099685708037,0.7921930273429978,0.2616887369444519,0.659061247764938
spa,vie,5.365964011814676,0.16222864775283452,3.872983346207417,1.0,5.385164807134504,0.40122075406218893,2.449489742783178,0.26970325665977857,5.656854249492381,0.3836079090980775,9.330952844170927,0,12,1,0.7905694150420949,0.7385489458759963,0.6271487790515345,0.7697708876716975,0.8566059881931581,0.7055337493523469
spa,tha,5.300531646703766,0.15826986993791547,4.69041575982343,1.0,5.385164807134504,0.39262660658834403,2.8284271247461903,0.36099034957730625,5.0,0.3218673097555086,8.441414187699054,0,12,1,0.9574271077563382,0.8528028654224418,0.6271487790515345,0.6018499334426524,0.8459188113977344,0.7584320350791034
spa,swh,3.8182272303996667,0.08207508558438115,4.898979485566356,1.0,5.830951894845301,0.42482022822759136,2.23606797749979,0.2372299286035261,3.7416573867739413,0.1816563001098953,8.690792907416863,0,12,1,1.0,0.6741998624632421,0.6975537804082217,0.28016199045791074,0.6038115708169121,0.6802755988069871
spa,fin,1.9119186445628764,0.02062939183156498,3.872983346207417,1.0,4.47213595499958,0.2497655150794671,2.0,0.1784161637422509,5.0,0.3419098034715019,6.763996578958628,0,12,1,0.7905694150420949,0.6030226891555273,0.48295035037260314,0.6018499334426524,0.2924510254822143,0.5894166081665395
spa,hun,1.0980509374529117,0.0068003749547637105,3.605551275463989,1.0,5.0,0.2936775859779833,2.0,0.19999999999999996,4.898979485566356,0.3040219959942695,6.440533024067515,1,12,1,0.7359800721939873,0.6030226891555273,0.5663181055833848,0.5760246286760073,0.15952066205691195,0.5791930424680016
spa,ell,1.3113571304136622,0.00969766000951644,3.872983346207417,0.8709005551264195,3.0,0.09833036533256778,1.4142135623730951,0.09999999999999998,4.123105625617661,0.246297653651817,4.004021272545457,1,12,1,0.7905694150420949,0.4264014327112209,0.2504498209355252,0.37767700585916086,0.19436031658974512,0.4602307135859001
spa,heb,2.026383645957363,0.023147697199676798,4.358898943540674,1.0,3.872983346207417,0.17104366169469276,2.449489742783178,0.23936117074433505,5.5677643628300215,0.4621471257995229,7.164734256109708,0,12,1,0.8897565210026094,0.7385489458759963,0.3883236969818679,0.7469955782448925,0.3111467841441205,0.6568356081100953
spa,ind,6.171071780101399,0.2143564968739854,4.47213595499958,1.0,5.0,0.33741084355092077,2.23606797749979,0.2372299286035261,4.242640687119285,0.24213525325492657,8.58153818929303,0,12,1,0.912870929175277,0.6741998624632421,0.5663181055833848,0.40823544649754057,0.9881055762710862,0.6663154612732559
spa,tgl,5.9204975485711735,0.1974600989376457,4.358898943540674,1.0,4.795831523312719,0.2770559609321802,2.449489742783178,0.30000000000000004,4.242640687119285,0.2571428571428571,8.036255119149954,0,12,1,0.8897565210026094,0.7385489458759963,0.5340729323281959,0.40823544649754057,0.9471788711427941,0.666973039767192
spa,ces,0.997547799762323,0.0056131325201835836,4.0,0.882148869802242,4.123105625617661,0.2191311905569696,1.4142135623730951,0.09999999999999998,4.898979485566356,0.33307598274792594,5.93516033303903,1,12,0,0.8164965809277261,0.4264014327112209,0.42782654465663106,0.5760246286760073,0.14310531776707144,0.580673601577204
spa,swe,1.509380927172831,0.012855017098097998,4.0,0.882148869802242,3.605551275463989,0.16395392330206915,1.7320508075688772,0.14188366967896693,6.164414002968976,0.43194271800261896,6.934859584468575,0,12,0,0.8164965809277261,0.5222329678670935,0.34608704225909204,0.8995255755616136,0.22670387198590222,0.6409886546304469
spa,nor,1.3922986112492948,0.010938263535687498,3.872983346207417,0.8709005551264195,3.872983346207417,0.18512308276408862,2.449489742783178,0.30000000000000004,6.244997998398398,0.4374313228738055,7.305941962023477,0,12,0,0.7905694150420949,0.7385489458759963,0.3883236969818679,0.920126403551316,0.20758062299785895,0.6978707920605914
spa,dan,1.0793184571622227,0.006572128341258532,4.0,0.882148869802242,4.123105625617661,0.21462338249588309,1.7320508075688772,0.14188366967896693,5.5677643628300215,0.3769440171509665,7.100110000006298,0,12,0,0.8164965809277261,0.5222329678670935,0.42782654465663106,0.7469955782448925,0.15646105495965906,0.6309449146611343
spa,ron,1.2933725916373702,0.009434938171090868,2.8284271247461903,0.3876275643042054,2.8284271247461903,0.09756097560975607,1.7320508075688772,0.1567259572884322,4.69041575982343,0.2962684494510033,2.6763659997832,1,12,0,0.5773502691896258,0.5222329678670935,0.22335260603626417,0.5227065297653551,0.1914228720214402,0.48641096699678926
spa,ukr,1.32373259554282,0.009883683908420537,3.872983346207417,0.8709005551264195,3.7416573867739413,0.1707317073170732,1.4142135623730951,0.09999999999999998,4.795831523312719,0.3144893786161478,5.5362024121803275,1,12,0,0.7905694150420949,0.4264014327112209,0.36758284421387466,0.5496554542940227,0.19638162184956157,0.5595551507697901
spa,ben,4.624859612106779,0.120528044579582,4.123105625617661,0.8908910548820038,6.082762530298219,0.44574290338133815,2.0,0.19999999999999996,5.656854249492381,0.39525684318523646,9.105925764772325,0,12,0,0.8416254115301732,0.6030226891555273,0.7373232771465221,0.7697708876716975,0.7355601765352808,0.7529515931547569
spa,urd,3.679650693082341,0.07630647537105129,4.123105625617661,0.8908910548820038,4.898979485566356,0.29268292682926833,1.4142135623730951,0.09999999999999998,6.082762530298219,0.40194318190329303,8.69580638619114,0,12,0,0.8416254115301732,0.4264014327112209,0.5503635172791851,0.8786518532469964,0.5811776349734259,0.680017344828415
spa,pan,3.8876582589800273,0.0851821028757972,4.0,0.882148869802242,5.0990195135927845,0.30156970423042173,1.7320508075688772,0.1567259572884322,5.385164807134504,0.30993444065764575,8.025307255504424,0,12,0,0.8164965809277261,0.5222329678670935,0.581956667535994,0.7003150678304635,0.6151518559536128,0.6777034027245402
spa,tam,4.628741466549164,0.1206831925090196,4.69041575982343,1.0,6.164414002968976,0.4865038340369032,2.0,0.2173762078750736,4.898979485566356,0.3040219959942695,8.919358455273496,0,12,0,0.9574271077563382,0.6030226891555273,0.750218832452264,0.5760246286760073,0.7361942062642925,0.7612409757208519
spa,tel,4.434016179949858,0.11075730907717474,3.872983346207417,1.0,6.082762530298219,0.4794207937046464,2.23606797749979,0.26213521262737816,5.196152422706632,0.33745865113108675,8.743567398505718,0,12,0,0.7905694150420949,0.6741998624632421,0.7373232771465221,0.6519951551881026,0.7043894020072728,0.7362041889363224
spa,mar,4.304898524596872,0.10441352599211473,4.0,0.882148869802242,6.0,0.4390243902439024,1.7320508075688772,0.1567259572884322,5.385164807134504,0.3412674507597401,8.568384472024889,0,12,0,0.8164965809277261,0.5222329678670935,0.7242522479073147,0.7003150678304635,0.6833004010544727,0.7095699460538474
spa,jav,6.033965287865665,0.20500469843610158,4.123105625617661,1.0,5.656854249492381,0.45899821919954065,2.449489742783178,0.3291796067500631,4.47213595499958,0.2774989813102531,9.271534354402172,0,12,0,0.8416254115301732,0.7385489458759963,0.6700578181087926,0.46690457195922563,0.9657117453306948,0.7394576966102282
spa,mya,4.867511033988956,0.1334994346335866,4.358898943540674,1.0,7.211102550927978,0.6498905737037513,2.449489742783178,0.23936117074433505,5.477225575051661,0.3589522254620007,10.602410578055903,0,12,0,0.8897565210026094,0.7385489458759963,0.9155266905544484,0.7238498657063308,0.7751928360138144,0.8320066525373119
spa,khm,5.504209210140762,0.17066026161437964,3.7416573867739413,1.0,5.5677643628300215,0.429734051487799,2.6457513110645907,0.4023856953328032,5.916079783099616,0.4522774424948339,9.73361936305873,0,12,0,0.7637626158259734,0.7977240352174657,0.6559874832690368,0.836040382003964,0.8791858058892627,0.7791226378010235
spa,amh,2.9745384618543924,0.049842918034110784,4.358898943540674,1.0,5.656854249492381,0.3714127338073796,2.0,0.19999999999999996,4.358898943540674,0.25964852890543966,6.736203081069604,0,12,0,0.8897565210026094,0.6030226891555273,0.6700578181087926,0.43795619104683975,0.4660104839316502,0.6906881450650316
fra,eng,0.3632218118111742,0.0007444697132870104,4.358898943540674,0.9037749551350623,3.872983346207417,0.18824593690905445,2.449489742783178,0.24738219099361836,5.291502622129181,0.2591322134233639,4.909339630469903,0,12,1,0.8897565210026094,0.7385489458759963,0.3883236969818679,0.6763708770249299,0.03949980132769364,0.6326595537862796
fra,spa,0.5346211926781899,0.0016120591902554215,2.449489742783178,0.25,3.605551275463989,0.1565652877542102,2.6457513110645907,0.29835358455437655,5.830951894845301,0.3731093287130277,4.877322990889151,1,12,1,0.5,0.7977240352174657,0.34608704225909204,0.8142779343403991,0.06749474668611138,0.5441648447415502
fra,deu,0.47358587562612,0.0012654546566894798,4.0,0.882148869802242,4.123105625617661,0.1999446309304801,1.7320508075688772,0.1105008200066786,4.123105625617661,0.1646941583727528,5.420674923134559,0,12,1,0.8164965809277261,0.5222329678670935,0.42782654465663106,0.37767700585916086,0.057525747048171504,0.5206003634077
fra,ita,0.6055873019270347,0.002068736884737632,2.6457513110645907,0.3264246859454366,3.7416573867739413,0.17048493799374675,2.23606797749979,0.21064778262367367,4.58257569495584,0.22010109381222376,3.803992721637667,1,12,1,0.5400617248673217,0.6741998624632421,0.36758284421387466,0.4951378467421696,0.07908575909625737,0.48231001688492026
fra,por,0.5014123424142881,0.001418164318289783,2.23606797749979,0.2166505481993597,3.3166247903554,0.13520913056204853,2.0,0.1679497056621564,4.242640687119285,0.1785200028066174,3.267544547979181,1,12,1,0.4564354645876385,0.6030226891555273,0.3004556856387994,0.40823544649754057,0.06207069005386999,0.4121163002702578
fra,nld,0.3007829457438281,0.0005104565343152512,4.358898943540674,0.9037749551350623,4.123105625617661,0.20476155702539822,2.0,0.16375798999290925,4.0,0.15094339622641506,4.676503743152985,0,12,1,0.8897565210026094,0.6030226891555273,0.42782654465663106,0.3462057713491359,0.02930155769953768,0.5566438811083381
fra,rus,2.7953313060451515,0.04409078776419906,3.7416573867739413,0.8556624327025936,4.0,0.19047619047619047,2.23606797749979,0.21064778262367367,5.196152422706632,0.2932857288526818,7.112190176555389,1,12,1,0.7637626158259734,0.6741998624632421,0.40838396325945503,0.6519951551881026,0.43674028173290574,0.5989918303803542
fra,pol,0.766708994413325,0.003317110326648498,3.872983346207417,0.8709005551264195,4.0,0.19047619047619047,2.23606797749979,0.21064778262367367,5.477225575051661,0.31353228777576947,6.245051485317756,1,12,1,0.7905694150420949,0.6741998624632421,0.40838396325945503,0.7238498657063308,0.10540203255298086,0.6012451642639287
fra,cmn,4.57115660441412,0.11784006058058527,4.0,1.0,5.477225575051661,0.38278660015163235,2.8284271247461903,0.3076923076923077,5.5677643628300215,0.3267230237172425,8.193750386453639,0,12,1,0.8164965809277261,0.8528028654224418,0.6416883174742132,0.7469955782448925,0.726788775154869,0.7348761296232483
fra,jpn,5.18262396992479,0.15144766405974341,3.872983346207417,1.0,6.557438524302,0.5566055486862941,2.23606797749979,0.21064778262367367,5.477225575051661,0.3338914894865447,9.648740044416881,0,12,1,0.7905694150420949,0.6741998624632421,0.8122908231412682,0.7238498657063308,0.8266607548512732,0.7180894723552059
fra,kor,4.942802373729398,0.1377688350427918,3.605551275463989,1.0,6.557438524302,0.5305420994479693,3.0,0.41165159458544787,4.898979485566356,0.25479605890771095,8.967291390791322,0,12,1,0.7359800721939873,0.9045340337332909,0.8122908231412682,0.5760246286760073,0.7874902954989866,0.7351639037961231
fra,arb,2.492296876973598,0.03502038205795199,4.242640687119285,1.0,4.898979485566356,0.27887473694118503,2.6457513110645907,0.25875068333889883,5.656854249492381,0.31319718025655485,7.807633413741722,0,12,1,0.8660254037844386,0.7977240352174657,0.5503635172791851,0.7697708876716975,0.38724516546898213,0.7041392248197388
fra,hin,3.901707522017804,0.08581633596480198,4.123105625617661,0.8908910548820038,5.385164807134504,0.3493503648389622,2.23606797749979,0.19935923097456432,5.477225575051661,0.2776539080877798,8.31823630644406,0,12,1,0.8416254115301732,0.6741998624632421,0.6271487790515345,0.7238498657063308,0.6174465454039426,0.6859171520113161
fra,tur,1.5709275974041623,0.013919465116957186,4.242640687119285,1.0,6.0,0.4493112082460652,2.0,0.16375798999290925,5.744562646538029,0.342948949731089,8.053406058484198,1,12,1,0.8660254037844386,0.6030226891555273,0.7242522479073147,0.7921930273429978,0.23675639178733318,0.6860805166964927
fra,vie,5.1283580325933835,0.14822377619533555,3.872983346207417,1.0,5.291502622129181,0.38022021319908783,3.0,0.3594873847796515,5.656854249492381,0.31877268525426805,9.0828338503382,0,12,1,0.7905694150420949,0.9045340337332909,0.6123563221945337,0.7697708876716975,0.8177974092386381,0.7421311009975445
fra,tha,5.097009697879581,0.14639265334330653,4.69041575982343,1.0,5.291502622129181,0.3726235655715219,3.0,0.3594873847796515,4.795831523312719,0.2369729738812647,8.352767271747686,0,12,1,0.9574271077563382,0.9045340337332909,0.6123563221945337,0.5496554542940227,0.812677233699199,0.7589150850281943
fra,swh,4.041253272551988,0.09197044120216213,4.898979485566356,1.0,5.744562646538029,0.40700054667111907,2.8284271247461903,0.33100639199432735,4.898979485566356,0.24917593975474783,8.883072746247576,0,12,1,1.0,0.8528028654224418,0.6839099685708037,0.5760246286760073,0.6402387844507971,0.7683983435937122
fra,fin,1.4061819970379523,0.011162521105507972,3.872983346207417,1.0,5.0,0.3081673044496388,2.23606797749979,0.19935923097456432,4.123105625617661,0.1755354420300651,5.714321292754246,0,12,1,0.7905694150420949,0.6741998624632421,0.5663181055833848,0.37767700585916086,0.20984821944177412,0.5861283730960788
fra,hun,0.8082176250471161,0.0036853349022937243,3.605551275463989,1.0,5.477225575051661,0.3486610527210704,1.7320508075688772,0.12294198069297069,3.4641016151377544,0.12021383586527346,4.901090383331655,1,12,1,0.7359800721939873,0.5222329678670935,0.6416883174742132,0.20920647778375834,0.112181706088659,0.5166799840918088
fra,ell,1.1459123109500484,0.007407254799579488,3.872983346207417,0.8709005551264195,4.0,0.17594450410335816,2.23606797749979,0.21064778262367367,5.916079783099616,0.38751429833899087,5.944469491824644,1,12,1,0.7905694150420949,0.6741998624632421,0.40838396325945503,0.836040382003964,0.16733793962847296,0.6211705370623483
fra,heb,2.004627997801184,0.022659995353437545,4.358898943540674,1.0,4.0,0.18097164065207794,2.6457513110645907,0.25875068333889883,6.082762530298219,0.4172284825856415,7.711871702642628,0,12,1,0.8897565210026094,0.7977240352174657,0.40838396325945503,0.8786518532469964,0.3075933980216715,0.6952122056451733
fra,ind,6.0460255545613295,0.20581837669189362,4.47213595499958,1.0,4.69041575982343,0.29079185673302477,2.449489742783178,0.24738219099361836,4.898979485566356,0.2521600206352078,8.662716215970455,0,12,1,0.912870929175277,0.7385489458759963,0.5174241841340927,0.5760246286760073,0.9676815687072158,0.6967711247851626
fra,tgl,5.676765640397535,0.18159089069360557,4.358898943540674,1.0,5.291502622129181,0.33333333333333337,2.6457513110645907,0.29835358455437655,5.477225575051661,0.3266729826917705,8.949064048966164,0,12,1,0.8897565210026094,0.7977240352174657,0.6123563221945337,0.7238498657063308,0.9073697340449308,0.7427751961022522
fra,ces,0.596187620514297,0.002005575023767081,4.0,0.882148869802242,4.69041575982343,0.2799177001769044,2.23606797749979,0.21064778262367367,5.0990195135927845,0.27737799651656825,7.030276234141372,1,12,0,0.8164965809277261,0.6741998624632421,0.5174241841340927,0.6271636940259873,0.07755049352992317,0.6649358555013412
fra,swe,0.998275987269197,0.005624814006214507,4.0,0.882148869802242,4.0,0.19899812108518578,2.0,0.16375798999290925,5.291502622129181,0.26909560429282064,5.792158380958882,0,12,0,0.8164965809277261,0.6030226891555273,0.40838396325945503,0.6763708770249299,0.1432242538411838,0.6359982834648893
fra,nor,0.8687786644649642,0.0042602279054672065,3.872983346207417,0.8709005551264195,4.0,0.19488243981746012,2.23606797749979,0.21064778262367367,5.916079783099616,0.3333030969604731,6.83079373800887,0,12,0,0.7905694150420949,0.6741998624632421,0.40838396325945503,0.836040382003964,0.1220732411734156,0.6689073021395954
fra,dan,0.5577562434814277,0.0017556077540976656,4.0,0.882148869802242,4.0,0.19899812108518578,2.0,0.16375798999290925,4.58257569495584,0.21014430036175258,5.835353353897985,0,12,0,0.8164965809277261,0.6030226891555273,0.40838396325945503,0.4951378467421696,0.07127343293237834,0.605215787877035
fra,ron,1.019904813787352,0.005868713661727032,2.8284271247461903,0.3876275643042054,3.872983346207417,0.18066342238980415,2.0,0.1679497056621564,4.69041575982343,0.23016472712447866,4.150690212852545,1,12,0,0.5773502691896258,0.6030226891555273,0.3883236969818679,0.5227065297653551,0.14675692597500117,0.5373693182056964
fra,ukr,1.004764944692268,0.005696129712126408,3.872983346207417,0.8709005551264195,3.605551275463989,0.1565652877542102,2.23606797749979,0.21064778262367367,4.795831523312719,0.24238391970330309,5.917472683188297,1,12,0,0.7905694150420949,0.6741998624632421,0.34608704225909204,0.5496554542940227,0.14428410602718977,0.6146007220257204
fra,ben,4.398071486023233,0.10902964527364523,4.123105625617661,0.8908910548820038,5.830951894845301,0.40476190476190477,2.6457513110645907,0.29835358455437655,5.656854249492381,0.32427537148265373,8.869707955824296,0,12,0,0.8416254115301732,0.7977240352174657,0.6975537804082217,0.7697708876716975,0.6985184954887618,0.7918209462702556
fra,urd,3.525868601087096,0.07008244009901421,4.123105625617661,0.8908910548820038,5.385164807134504,0.3493503648389622,2.23606797749979,0.21064778262367367,5.744562646538029,0.30838100995314544,8.034578045940309,0,12,0,0.8416254115301732,0.6741998624632421,0.6271487790515345,0.7921930273429978,0.5560601506468619,0.7430993065189622
fra,pan,3.6653242307360987,0.07574011073067011,4.0,0.882148869802242,5.385164807134504,0.3329366259690576,2.449489742783178,0.2603997383663612,5.5677643628300215,0.28968860481674397,7.843430807935996,0,12,0,0.8164965809277261,0.7385489458759963,0.6271487790515345,0.7469955782448925,0.5788376700999608,0.7460071867993557
fra,tam,4.516948291182883,0.11495815893393113,4.69041575982343,1.0,6.4031242374328485,0.518021025039751,2.23606797749979,0.21553545944726382,5.830951894845301,0.35063402171008284,10.029718530402514,0,12,0,0.9574271077563382,0.6741998624632421,0.7879193285962598,0.8142779343403991,0.7179348413821566,0.8214003958821319
fra,tel,4.288352704459291,0.10363046998635694,3.872983346207417,1.0,6.324555320336759,0.5113727251200423,2.449489742783178,0.2603997383663612,5.916079783099616,0.35805559091399886,9.596354767038692,0,12,0,0.7905694150420949,0.7385489458759963,0.775510614061369,0.836040382003964,0.6805979447893523,0.7863461383339635
fra,mar,4.1583532849024385,0.09745461560634283,4.0,0.882148869802242,5.916079783099616,0.4216447687457442,2.449489742783178,0.2603997383663612,5.5677643628300215,0.3060798624966239,8.742131697545501,0,12,0,0.8164965809277261,0.7385489458759963,0.7109983804275144,0.7469955782448925,0.65936492382562,0.7668034697608348
fra,jav,5.875317417563169,0.1944239519590013,4.123105625617661,1.0,5.385164807134504,0.4060861290835014,3.0,0.41165159458544787,5.0990195135927845,0.27737799651656825,9.289205542492923,0,12,0,0.8416254115301732,0.9045340337332909,0.6271487790515345,0.6271636940259873,0.9397995253571954,0.7951154180744394
fra,mya,4.647615339680525,0.12174607145871219,4.358898943540674,1.0,7.0,0.6046670311140794,3.0,0.33287561500500895,4.898979485566356,0.23862829528418195,9.540761025073854,0,12,0,0.8897565210026094,0.9045340337332909,0.8821863902312445,0.5760246286760073,0.7392769072888902,0.8428652824462
fra,khm,5.300495628108347,0.15830860729886498,3.7416573867739413,1.0,5.477225575051661,0.4083920216900384,3.1622776601683795,0.4758575816390408,5.916079783099616,0.36414414490105396,9.687996179398446,0,12,0,0.7637626158259734,0.9534625892455924,0.6416883174742132,0.836040382003964,0.8459129284207625,0.8135337992756655
fra,amh,3.0988118970656013,0.05411061506919068,4.358898943540674,1.0,6.082762530298219,0.4249453672147048,2.6457513110645907,0.29835358455437655,5.196152422706632,0.28694957148546174,7.83478361914574,0,12,0,0.8897565210026094,0.7977240352174657,0.7373232771465221,0.6519951551881026,0.4863082703684632,0.7859373073310922
deu,eng,0.6463695225079125,0.002357720030083832,2.6457513110645907,0.45566894604818264,2.8284271247461903,0.09745802098497969,2.23606797749979,0.19417703597461977,5.0,0.2372299286035262,3.0564657566737883,1,7,1,0.5400617248673217,0.6741998624632421,0.22335260603626417,0.6018499334426524,0.08574678687232866,0.46980383364327416
deu,spa,0.8562089539739437,0.004134973629211003,4.0,0.882148869802242,4.242640687119285,0.21406291142125744,2.449489742783178,0.23936117074433505,6.244997998398398,0.4501948397061789,7.471924459784256,0,7,1,0.8164965809277261,0.7385489458759963,0.4467052120725283,0.920126403551316,0.12002020949624595,0.6629472241693322
deu,fra,0.47358587562612,0.0012654546566894798,4.0,0.882148869802242,4.123105625617661,0.1999446309304801,1.7320508075688772,0.1105008200066786,4.123105625617661,0.1646941583727528,5.420674923134559,0,7,1,0.8164965809277261,0.5222329678670935,0.42782654465663106,0.37767700585916086,0.057525747048171504,0.5206003634077
deu,ita,0.380102151963136,0.0008150075508104315,3.605551275463989,0.8639172365120457,3.872983346207417,0.1801872023102994,2.0,0.15484574527148343,4.898979485566356,0.2658696516142024,5.997940693778635,0,7,1,0.7359800721939873,0.6030226891555273,0.3883236969818679,0.5760246286760073,0.04225689530198475,0.5377309724099519
deu,por,0.905575218464106,0.0046260217972925455,3.872983346207417,0.8769085090206673,4.0,0.19416262066591783,2.23606797749979,0.1982162742627268,4.58257569495584,0.21611985284331703,6.049380234031005,0,7,1,0.7905694150420949,0.6741998624632421,0.40838396325945503,0.4951378467421696,0.12808328341145195,0.5680724239622279
deu,nld,0.3956145489437529,0.0008831137631796215,2.23606797749979,0.3195861825602283,1.4142135623730951,0.023532708129441082,1.7320508075688772,0.11359473957208166,3.605551275463989,0.1258427238784623,1.419350396139654,1,7,1,0.4564354645876385,0.5222329678670935,0.0,0.24536725767627113,0.04479056084764616,0.3065334980368879
deu,rus,2.416096734118195,0.03294037944643291,2.8284271247461903,0.7958758547680684,3.872983346207417,0.17641359066372952,2.0,0.15484574527148343,5.0990195135927845,0.2966466873946344,6.4435769987993154,0,7,1,0.5773502691896258,0.6030226891555273,0.3883236969818679,0.6271636940259873,0.37479926966265054,0.5144400100291737
deu,pol,0.3437177537560671,0.0006666817426450589,3.0,0.8174258141649446,4.123105625617661,0.1999446309304801,2.0,0.15484574527148343,5.916079783099616,0.38158345398085936,6.15403479666943,0,7,1,0.6123724356957946,0.6030226891555273,0.42782654465663106,0.836040382003964,0.03631417115354634,0.5472544777872184
deu,cmn,4.273373300408465,0.10299139387657785,3.1622776601683795,1.0,5.385164807134504,0.3645892902808139,2.23606797749979,0.18462575167278872,5.830951894845301,0.37390096630005887,8.313009860931098,0,7,1,0.6454972243679029,0.6741998624632421,0.6271487790515345,0.8142779343403991,0.6781513338635528,0.6436781455807259
deu,jpn,4.9449133412157575,0.13787929665885834,3.0,1.0,5.830951894845301,0.4329068115508863,2.449489742783178,0.23936117074433505,5.385164807134504,0.33959933959900934,8.795239600960688,0,7,1,0.6123724356957946,0.7385489458759963,0.6975537804082217,0.7003150678304635,0.7878350833222278,0.6522987376000627
deu,kor,4.68189387793226,0.12361356788030997,2.6457513110645907,1.0,5.656854249492381,0.3895171368681196,2.8284271247461903,0.33856217223385243,5.385164807134504,0.32576369528584825,8.537126803163167,0,7,1,0.5400617248673217,0.8528028654224418,0.6700578181087926,0.7003150678304635,0.744875677835607,0.6515218415039155
deu,arb,2.1054541000112494,0.02499365422731159,3.4641016151377544,1.0,5.5677643628300215,0.356279314179616,2.449489742783178,0.2142857142857143,5.916079783099616,0.35350237148658514,8.131136599345792,0,7,1,0.7071067811865476,0.7385489458759963,0.6559874832690368,0.836040382003964,0.32406149264252093,0.6695758994114913
deu,hin,3.5085963127757487,0.06939774120419595,3.3166247903554,0.8456966500379081,5.291502622129181,0.33314428847864264,2.449489742783178,0.22848325018954052,5.744562646538029,0.31350693574317356,8.233032005712285,0,7,1,0.6770032003863301,0.7385489458759963,0.6123563221945337,0.7921930273429978,0.5532390391291594,0.6567003670817124
deu,tur,1.1427765733665736,0.007366305315793742,3.4641016151377544,1.0,5.744562646538029,0.40627516480564785,1.7320508075688772,0.11359473957208166,4.898979485566356,0.25805917319762584,6.596343389291732,0,7,1,0.7071067811865476,0.5222329678670935,0.6839099685708037,0.5760246286760073,0.16682577440440005,0.5742172530585196
deu,vie,4.801670198643834,0.12994635568429447,3.0,1.0,5.5677643628300215,0.41531165129081027,2.8284271247461903,0.30563492517058644,5.196152422706632,0.27800512761884466,8.526492333707688,0,7,1,0.6123724356957946,0.8528028654224418,0.6559874832690368,0.6519951551881026,0.7644389430970753,0.6641311641512253
deu,tha,4.760776457481882,0.12772092933032586,4.0,1.0,5.744562646538029,0.4338779406819483,2.8284271247461903,0.30563492517058644,5.291502622129181,0.3017027512448244,8.50728357186065,0,7,1,0.8164965809277261,0.8528028654224418,0.6839099685708037,0.6763708770249299,0.7577597004793999,0.7342753009257985
deu,swh,3.85543947216218,0.08371076993647686,4.242640687119285,1.0,6.48074069840786,0.5116137094944957,2.6457513110645907,0.27475933237715777,5.385164807134504,0.31532453833595153,9.494743336349748,0,7,1,0.8660254037844386,0.7977240352174657,0.8001776177905671,0.7003150678304635,0.6098895080272807,0.7548158890737451
deu,fin,1.1816519506513434,0.007882710405959115,3.0,1.0,4.69041575982343,0.26742056424174354,1.4142135623730951,0.07417990022744858,4.242640687119285,0.1970449314530338,5.627102339528713,1,7,1,0.6123724356957946,0.4264014327112209,0.5174241841340927,0.40823544649754057,0.17317535430002057,0.4636910104029942
deu,hun,0.34790266792451324,0.0006828936946339237,2.6457513110645907,1.0,4.795831523312719,0.26431921620527543,2.0,0.15484574527148343,4.58257569495584,0.22360403293524345,5.606069911856714,0,7,1,0.5400617248673217,0.6030226891555273,0.5340729323281959,0.4951378467421696,0.03699770013062133,0.495709338232574
deu,ell,0.7263910571172785,0.0029765391761001903,3.0,0.8174258141649446,4.358898943540674,0.20759418430693855,2.449489742783178,0.23936117074433505,5.656854249492381,0.3694073749055343,6.041945288131663,0,7,1,0.6123724356957946,0.7385489458759963,0.4650663600885159,0.7697708876716975,0.09881683693641873,0.5817687141930162
deu,heb,1.6354128600786841,0.015082161341675393,3.605551275463989,1.0,4.795831523312719,0.25800531181807507,2.449489742783178,0.2142857142857143,4.898979485566356,0.275,6.748514939214124,0,7,1,0.7359800721939873,0.7385489458759963,0.5340729323281959,0.5760246286760073,0.24728887676986125,0.6110139827327286
deu,ind,5.7682590858319935,0.18734914866210217,3.7416573867739413,1.0,5.196152422706632,0.35300336077936956,2.23606797749979,0.19417703597461977,5.196152422706632,0.29798823883035064,9.0811807581649,0,7,1,0.7637626158259734,0.6741998624632421,0.5972972702283177,0.6519951551881026,0.9223135103446733,0.661053153204715
deu,tgl,5.396389294162262,0.16410317478673653,3.605551275463989,1.0,6.082762530298219,0.435255033597986,2.449489742783178,0.23936117074433505,5.0,0.2828628343993639,9.034103336693255,0,7,1,0.7359800721939873,0.7385489458759963,0.7373232771465221,0.6018499334426524,0.8615754000575799,0.6862521735757765
deu,ces,0.143387755414856,0.00011601411404948969,3.1622776601683795,0.8333333333333334,4.123105625617661,0.21209071994820916,2.0,0.15484574527148343,4.795831523312719,0.2560151120395566,5.499189136354591,0,7,0,0.6454972243679029,0.6030226891555273,0.42782654465663106,0.5496554542940227,0.003593940025258883,0.5625981636759453
deu,swe,0.7784856419201219,0.0034207752636111755,2.449489742783178,0.5,3.0,0.10941274720847183,1.7320508075688772,0.11359473957208166,4.58257569495584,0.20788196561866057,2.7845060650720432,1,7,0,0.5,0.5222329678670935,0.2504498209355252,0.4951378467421696,0.10732553193664503,0.4602851597620361
deu,nor,0.774082199765521,0.003382260504232182,2.23606797749979,0.4522774424948339,2.6457513110645907,0.08373863787621694,2.449489742783178,0.23936117074433505,5.291502622129181,0.2743702999887191,4.503343212904058,1,7,0,0.4564354645876385,0.7385489458759963,0.19450185807913475,0.6763708770249299,0.10660631042088792,0.5172541945359015
deu,dan,0.4408973605240038,0.0010970617995952336,2.449489742783178,0.5,2.6457513110645907,0.0846742124087072,1.7320508075688772,0.11359473957208166,2.8284271247461903,0.08253657814887105,2.194435033793792,1,7,0,0.5,0.5222329678670935,0.19450185807913475,0.04670000532338385,0.05218667762153473,0.37907294826218463
deu,ron,0.5583131674355533,0.0017587236417367924,3.4641016151377544,0.8556624327025936,4.0,0.19024663600978042,2.23606797749979,0.1982162742627268,4.795831523312719,0.2526971574645668,5.561918923746915,0,7,0,0.7071067811865476,0.6741998624632421,0.40838396325945503,0.5496554542940227,0.07136439624616438,0.5983753305800774
deu,ukr,0.5365234971545711,0.0016242285648705446,3.0,0.8174258141649446,3.4641016151377544,0.14261408518682628,2.0,0.15484574527148343,4.69041575982343,0.24292807822714624,5.067815538446,0,7,0,0.6123724356957946,0.6030226891555273,0.32374731147345703,0.5227065297653551,0.06780545323360286,0.531013117418795
deu,ben,4.027411418837859,0.09143029834148575,3.3166247903554,0.8456966500379081,5.5677643628300215,0.3646619127977342,2.449489742783178,0.23936117074433505,5.916079783099616,0.3675444679663241,8.361526931116,0,7,0,0.6770032003863301,0.7385489458759963,0.6559874832690368,0.836040382003964,0.6379779715095479,0.7262406491147775
deu,urd,3.1246170709542453,0.05504126175852109,3.3166247903554,0.8456966500379081,5.656854249492381,0.3807768393015968,2.0,0.15484574527148343,5.477225575051661,0.28793466799946155,8.086229271490813,0,7,0,0.6770032003863301,0.6030226891555273,0.6700578181087926,0.7238498657063308,0.49052307225002634,0.6709718294949903
deu,pan,3.263123165590187,0.0600324477796792,3.1622776601683795,0.8333333333333334,5.477225575051661,0.34073880517854227,2.23606797749979,0.1982162742627268,5.477225575051661,0.28793466799946155,7.721333733296417,0,7,0,0.6454972243679029,0.6741998624632421,0.6416883174742132,0.7238498657063308,0.5131455025734443,0.6747715514056459
deu,tam,4.15778483358519,0.09740726969993907,4.0,1.0,5.656854249492381,0.3983053473233198,2.449489742783178,0.2440710539815456,6.244997998398398,0.4177030247014326,9.571138539611583,0,7,0,0.8164965809277261,0.7385489458759963,0.6700578181087926,0.920126403551316,0.6592720777284824,0.784580338788197
deu,tel,3.914277893318554,0.08634308516906308,3.0,1.0,5.744562646538029,0.4154221470583488,2.6457513110645907,0.28730335490020165,6.164414002968976,0.4030379942042909,8.988212863031164,0,7,0,0.6123724356957946,0.7977240352174657,0.6839099685708037,0.8995255755616136,0.6194996850122622,0.7358285538121206
deu,mar,3.779283457598984,0.08050010120861228,3.1622776601683795,0.8333333333333334,5.477225575051661,0.35696056389011976,2.23606797749979,0.1982162742627268,5.830951894845301,0.34680273525781913,8.411456486832433,0,7,0,0.6454972243679029,0.6741998624632421,0.6416883174742132,0.8142779343403991,0.5974508197681575,0.6925510275604919
deu,jav,5.5859520396204765,0.17575173566186963,3.3166247903554,1.0,5.656854249492381,0.44238109266043824,2.8284271247461903,0.33856217223385243,5.385164807134504,0.32576369528584825,9.388042122629864,0,7,0,0.6770032003863301,0.8528028654224418,0.6700578181087926,0.7003150678304635,0.8925369979014588,0.7499873501629105
deu,mya,4.28861292474232,0.10366841455508646,3.605551275463989,1.0,6.48074069840786,0.5116137094944957,2.8284271247461903,0.2857142857142857,4.795831523312719,0.23674827776849283,8.614522771910517,0,7,0,0.7359800721939873,0.8528028654224418,0.8001776177905671,0.5496554542940227,0.6806404470000821,0.7605106020660276
deu,khm,4.9769872520259835,0.1395798717666613,2.8284271247461903,1.0,5.744562646538029,0.4431539536102954,3.0,0.3939084732686735,5.291502622129181,0.3017027512448244,8.907941136096461,0,7,0,0.5773502691896258,0.9045340337332909,0.6839099685708037,0.6763708770249299,0.7930737684097762,0.7272299028785996
deu,amh,2.8192310926752246,0.04478888657170088,3.605551275463989,1.0,5.477225575051661,0.34073880517854227,2.449489742783178,0.23936117074433505,5.291502622129181,0.3117527983883147,7.710985208912908,0,7,0,0.7359800721939873,0.7385489458759963,0.6416883174742132,0.6763708770249299,0.44064387355104573,0.7072567468533297
ita,eng,0.9093742609794797,0.0046657033115575786,4.0,0.8888888888888888,3.3166247903554,0.14220584589844,1.7320508075688772,0.14188366967896693,5.385164807134504,0.3000341771843086,5.385493890204582,0,12,1,0.8164965809277261,0.5222329678670935,0.3004556856387994,0.7003150678304635,0.12870378733097723,0.5470808029139694
ita,spa,0.7166617738296064,0.0028963577129963447,2.6457513110645907,0.3264246859454366,1.7320508075688772,0.03696364326665014,1.4142135623730951,0.09999999999999998,4.58257569495584,0.2870689537607938,2.2484398721154566,1,12,1,0.5400617248673217,0.4264014327112209,0.05019735271859641,0.4951378467421696,0.09722773694879233,0.3577904100404861
ita,fra,0.6055873019270347,0.002068736884737632,2.6457513110645907,0.3264246859454366,3.7416573867739413,0.17048493799374675,2.23606797749979,0.21064778262367367,4.58257569495584,0.22010109381222376,3.803992721637667,1,12,1,0.5400617248673217,0.6741998624632421,0.36758284421387466,0.4951378467421696,0.07908575909625737,0.48231001688492026
ita,deu,0.380102151963136,0.0008150075508104315,3.605551275463989,0.8639172365120457,3.872983346207417,0.1801872023102994,2.0,0.15484574527148343,4.898979485566356,0.2658696516142024,5.997940693778635,0,12,1,0.7359800721939873,0.6030226891555273,0.3883236969818679,0.5760246286760073,0.04225689530198475,0.5377309724099519
ita,por,0.8396447341200988,0.003976106936470547,2.449489742783178,0.29647352931855153,1.7320508075688772,0.03789760127051667,1.0,0.05131670194948623,3.605551275463989,0.14815265629545815,1.286928859286055,1,12,1,0.5,0.30151134457776363,0.05019735271859641,0.24536725767627113,0.1173147479749293,0.2780881327383473
ita,nld,0.6988108391036992,0.0027548178334926288,4.0,0.8888888888888888,3.605551275463989,0.16042984284784878,1.0,0.04653741075440765,4.58257569495584,0.22010109381222376,5.046320483910329,0,12,1,0.8164965809277261,0.30151134457776363,0.34608704225909204,0.4951378467421696,0.09431211415178709,0.4685305015934919
ita,rus,2.6057550911211655,0.038306477882870005,3.3166247903554,0.8333333333333334,3.7416573867739413,0.17048493799374675,0.0,0.0,4.242640687119285,0.24883990649921273,5.5121911129656,1,12,1,0.6770032003863301,0.0,0.36758284421387466,0.40823544649754057,0.40577648389882637,0.3581416701282464
ita,pol,0.6543197515648576,0.0024154308813363334,3.4641016151377544,0.850928801500014,3.4641016151377544,0.1460874361700334,0.0,0.0,4.795831523312719,0.2906275712866041,4.418892426802419,1,12,1,0.7071067811865476,0.0,0.32374731147345703,0.5496554542940227,0.08704531097965182,0.36368208034374166
ita,cmn,4.448008321413264,0.11155687007942294,3.605551275463989,1.0,5.291502622129181,0.3675444679663241,2.23606797749979,0.21064778262367367,5.830951894845301,0.43571190635316526,8.366250946090453,0,12,1,0.7359800721939873,0.6741998624632421,0.6123563221945337,0.8142779343403991,0.7066747616960526,0.6692906799487761
ita,jpn,5.132318924992856,0.1484960409143462,3.4641016151377544,1.0,6.557438524302,0.572382012940121,2.449489742783178,0.30000000000000004,4.58257569495584,0.30074014390232195,8.978517806510856,0,12,1,0.7071067811865476,0.7385489458759963,0.8122908231412682,0.4951378467421696,0.8184443483683649,0.6744203298829606
ita,kor,4.866727803172012,0.13353742667821078,3.1622776601683795,1.0,6.244997998398398,0.4936303164581667,2.449489742783178,0.3291796067500631,5.385164807134504,0.3866121408779353,9.069965417953956,0,12,1,0.6454972243679029,0.7385489458759963,0.7629457966554452,0.7003150678304635,0.7750649096245096,0.6746760687662541
ita,arb,1.9464956144080185,0.021357606342825575,3.872983346207417,1.0,4.47213595499958,0.2372299286035261,2.0,0.15484574527148343,5.385164807134504,0.3279398267439837,7.360377879941918,0,12,1,0.7905694150420949,0.6030226891555273,0.48295035037260314,0.7003150678304635,0.2980985393564064,0.6044687540184207
ita,hin,3.5062440356602487,0.06928981288436342,3.7416573867739413,0.8740118423302576,5.385164807134504,0.3579757621777667,1.4142135623730951,0.0871290708247231,5.916079783099616,0.3656559730732797,8.402836092892207,0,12,1,0.7637626158259734,0.4264014327112209,0.6271487790515345,0.836040382003964,0.5528548378036752,0.6142076979266825
ita,tur,1.0407650780912947,0.006108584937779105,3.872983346207417,1.0,5.830951894845301,0.43571190635316526,1.0,0.04653741075440765,5.291502622129181,0.3491859733817134,7.316221628823405,1,12,1,0.7905694150420949,0.30151134457776363,0.6975537804082217,0.6763708770249299,0.15016406756674427,0.5610232516707904
ita,vie,4.870733805820468,0.1336824910575486,3.4641016151377544,1.0,5.0990195135927845,0.3649147038914117,2.449489742783178,0.26970325665977857,5.0,0.2901272135795484,8.309645442557308,0,12,1,0.7071067811865476,0.7385489458759963,0.581956667535994,0.6018499334426524,0.7757192166860749,0.6422240551828637
ita,tha,4.796021862336424,0.1295911113448417,4.358898943540674,1.0,5.0990195135927845,0.3571304564688105,2.449489742783178,0.26970325665977857,4.47213595499958,0.24906073851736166,7.9099691018256015,0,12,1,0.8897565210026094,0.7385489458759963,0.581956667535994,0.46690457195922563,0.7635163909531174,0.6761670316185204
ita,swh,3.576605662862337,0.07202479381958915,4.58257569495584,1.0,5.916079783099616,0.4429933481039833,2.23606797749979,0.2372299286035261,4.123105625617661,0.21462338249588309,8.287042680437207,0,12,1,0.9354143466934854,0.6741998624632421,0.7109983804275144,0.37767700585916086,0.5643471191578308,0.6762428525461246
ita,fin,1.5326442108859197,0.01325816104271993,3.4641016151377544,1.0,4.358898943540674,0.24044547468724997,1.4142135623730951,0.0871290708247231,4.242640687119285,0.23684210526315785,6.126888363368594,0,12,1,0.7071067811865476,0.4264014327112209,0.4650663600885159,0.40823544649754057,0.23050350272617068,0.48450615666241226
ita,hun,0.424815027593861,0.0010179804235586065,3.1622776601683795,1.0,4.898979485566356,0.28490305806580574,1.4142135623730951,0.09999999999999998,3.872983346207417,0.1836283516077658,5.451329228255238,1,12,1,0.6454972243679029,0.4264014327112209,0.5503635172791851,0.31373470531840875,0.04955992349128179,0.4598604309163385
ita,ell,0.6093716541894139,0.0020943249077975956,3.4641016151377544,0.850928801500014,3.1622776601683795,0.10995084405410505,1.4142135623730951,0.09999999999999998,4.69041575982343,0.30448139490667847,3.6050331497373067,1,12,1,0.7071067811865476,0.4264014327112209,0.27607900401255236,0.5227065297653551,0.0797038636323788,0.4563393659827022
ita,heb,1.4325719270055093,0.011570431341083154,4.0,1.0,3.7416573867739413,0.16074567258371752,2.0,0.15484574527148343,5.656854249492381,0.45513763205741586,6.557155077706625,0,12,1,0.8164965809277261,0.6030226891555273,0.36758284421387466,0.7697708876716975,0.2141585305042594,0.5953947750859422
ita,ind,5.762465115226141,0.186932719110263,4.123105625617661,1.0,4.69041575982343,0.3012287570313158,1.7320508075688772,0.14188366967896693,4.123105625617661,0.22071349980080324,8.143311949022966,0,12,1,0.8416254115301732,0.5222329678670935,0.5174241841340927,0.37767700585916086,0.9213671715090334,0.5892506117069696
ita,tgl,5.489691379128364,0.16979016818206405,4.0,1.0,5.0990195135927845,0.3168699489360267,2.0,0.19999999999999996,4.58257569495584,0.2870689537607938,7.941233028538747,0,12,1,0.8164965809277261,0.6030226891555273,0.581956667535994,0.4951378467421696,0.8768145844539288,0.6302073863084202
ita,ces,0.47676587436810985,0.0012823182566522595,3.605551275463989,0.8639172365120457,4.0,0.20943058495790523,0.0,0.0,4.123105625617661,0.22659791675913576,4.9321767994703105,1,12,0,0.7359800721939873,0.0,0.40838396325945503,0.37767700585916086,0.058045141520727477,0.4120246222649977
ita,swe,1.1443907241273075,0.007390539752244019,3.605551275463989,0.8639172365120457,3.4641016151377544,0.15356785952974783,1.0,0.04653741075440765,5.5677643628300215,0.3412492668848308,6.142327116835015,0,12,0,0.7359800721939873,0.30151134457776363,0.32374731147345703,0.7469955782448925,0.16708941632724955,0.5313251276504248
ita,nor,1.146408455919909,0.007416795962534195,3.4641016151377544,0.850928801500014,3.7416573867739413,0.17500000000000004,2.0,0.19999999999999996,6.324555320336759,0.43759841166769053,7.128408306410674,0,12,0,0.7071067811865476,0.6030226891555273,0.36758284421387466,0.9404647684566524,0.16741897580988063,0.6358449395466129
ita,dan,0.8110819669732096,0.0037118438747320015,3.605551275463989,0.8639172365120457,4.0,0.20486677713400547,1.0,0.04653741075440765,4.898979485566356,0.2824526901475902,6.172387480417033,0,12,0,0.7359800721939873,0.30151134457776363,0.40838396325945503,0.5760246286760073,0.11264954380956084,0.5198848219464073
ita,ron,0.5996048622407996,0.0020280348950065807,2.23606797749979,0.2928932188134524,2.6457513110645907,0.0863501230991296,1.0,0.05131670194948623,3.3166247903554,0.14278484978088357,1.8710831194438176,1,12,0,0.4564354645876385,0.30151134457776363,0.19450185807913475,0.17150488848406095,0.07810863729290543,0.33084001227381377
ita,ukr,0.6536512273241978,0.0024102546094911803,3.4641016151377544,0.850928801500014,3.605551275463989,0.16042984284784878,0.0,0.0,3.7416573867739413,0.1842105263157895,4.437117660497003,1,12,0,0.7071067811865476,0.0,0.34608704225909204,0.28016199045791074,0.08693611980583671,0.37772054736676114
ita,ben,4.067643376100724,0.09324602576423435,3.7416573867739413,0.8740118423302576,6.164414002968976,0.4632549598783068,1.4142135623730951,0.09999999999999998,5.744562646538029,0.39543645824165696,8.78990548724311,0,12,0,0.7637626158259734,0.4264014327112209,0.750218832452264,0.7921930273429978,0.6445491238645845,0.6868293197107289
ita,urd,3.0790670791927433,0.0534367239631236,3.7416573867739413,0.8740118423302576,5.196152422706632,0.333282522261527,0.0,0.0,5.830951894845301,0.3598093607518955,8.060215256558951,0,12,0,0.7637626158259734,0.0,0.5972972702283177,0.8142779343403991,0.4830833164936797,0.5448840947691994
ita,pan,3.283889966284401,0.0607859108196771,3.605551275463989,0.8639172365120457,5.385164807134504,0.34003367089255565,1.0,0.05131670194948623,5.291502622129181,0.2935827428986433,7.573333115189976,0,12,0,0.7359800721939873,0.30151134457776363,0.6271487790515345,0.6763708770249299,0.5165373785986834,0.5988841140966177
ita,tam,4.09870243991591,0.09463826834118216,4.358898943540674,1.0,6.244997998398398,0.5061185173354654,1.4142135623730951,0.10557280900008414,5.385164807134504,0.3567980952061185,9.13162709225899,0,12,0,0.8897565210026094,0.4264014327112209,0.7629457966554452,0.7003150678304635,0.6496220523080329,0.7136448365996483
ita,tel,3.878292290745953,0.08474459995269368,3.4641016151377544,1.0,6.164414002968976,0.49930603714000665,1.7320508075688772,0.1567259572884322,5.656854249492381,0.38860501494435185,8.868853514123627,0,12,0,0.7071067811865476,0.5222329678670935,0.750218832452264,0.7697708876716975,0.6136220968167054,0.6888807808047804
ita,mar,3.741164315390899,0.07886743547082053,3.605551275463989,0.8639172365120457,6.244997998398398,0.4814419617589655,1.0,0.05131670194948623,5.291502622129181,0.3209752866032719,8.521555099509822,0,12,0,0.7359800721939873,0.30151134457776363,0.7629457966554452,0.6763708770249299,0.5912247570027788,0.6297778865376047
ita,jav,5.603506663557005,0.17682001277037285,3.7416573867739413,1.0,5.385164807134504,0.42184841152232466,2.449489742783178,0.3291796067500631,4.358898943540674,0.25326695411226907,8.783212601158743,0,12,0,0.7637626158259734,0.7385489458759963,0.6271487790515345,0.43795619104683975,0.8954042237654308,0.6996594168723955
ita,mya,4.3280030261560345,0.10555875545789795,4.0,1.0,7.14142842854285,0.6455412215207166,2.449489742783178,0.23936117074433505,4.58257569495584,0.24280236115151832,9.598886711938789,0,12,0,0.8164965809277261,0.7385489458759963,0.9045227677933807,0.4951378467421696,0.6870740976420003,0.7691151461994185
ita,khm,5.018064380175741,0.1418628127020326,3.3166247903554,1.0,5.291502622129181,0.393782217350893,2.6457513110645907,0.4023856953328032,5.477225575051661,0.37421728209780136,8.948904770708507,0,12,0,0.6770032003863301,0.7977240352174657,0.6123563221945337,0.7238498657063308,0.7997829639285476,0.7235698614115493
ita,amh,2.560701667929008,0.03694313161530993,4.0,1.0,5.5677643628300215,0.36360389693210726,1.4142135623730951,0.09999999999999998,3.7416573867739413,0.1842105263157895,6.371057478250386,0,12,0,0.8164965809277261,0.4264014327112209,0.6559874832690368,0.28016199045791074,0.39841783351109417,0.5946920193541717
por,eng,0.7562694941627559,0.003226774519580311,4.242640687119285,0.8994962184740788,3.4641016151377544,0.15760299761174978,1.4142135623730951,0.09546596626670911,4.69041575982343,0.21326274235134002,5.356047499182102,0,12,1,0.8660254037844386,0.4264014327112209,0.32374731147345703,0.5227065297653551,0.10369693165001656,0.5147482676551323
por,spa,0.19015235087951507,0.00020389479885807305,1.0,0.0425728922436619,2.0,0.0497029857673249,1.7320508075688772,0.1567259572884322,4.69041575982343,0.2603294909176931,2.4560423539474057,1,12,1,0.20412414523193154,0.5222329678670935,0.09251567861159542,0.5227065297653551,0.01123207902038976,0.2892662046744947
por,fra,0.5014123424142881,0.001418164318289783,2.23606797749979,0.2166505481993597,3.3166247903554,0.13520913056204853,2.0,0.1679497056621564,4.242640687119285,0.1785200028066174,3.267544547979181,1,12,1,0.4564354645876385,0.6030226891555273,0.3004556856387994,0.40823544649754057,0.06207069005386999,0.4121163002702578
por,deu,0.905575218464106,0.0046260217972925455,3.872983346207417,0.8769085090206673,4.0,0.19416262066591783,2.23606797749979,0.1982162742627268,4.58257569495584,0.21611985284331703,6.049380234031005,0,12,1,0.7905694150420949,0.6741998624632421,0.40838396325945503,0.4951378467421696,0.12808328341145195,0.5680724239622279
por,ita,0.8396447341200988,0.003976106936470547,2.449489742783178,0.29647352931855153,1.7320508075688772,0.03789760127051667,1.0,0.05131670194948623,3.605551275463989,0.14815265629545815,1.286928859286055,1,12,1,0.5,0.30151134457776363,0.05019735271859641,0.24536725767627113,0.1173147479749293,0.2780881327383473
por,nld,0.7947775622047489,0.00356330318489273,4.242640687119285,0.8994962184740788,3.7416573867739413,0.17474206658741376,1.4142135623730951,0.09546596626670911,4.242640687119285,0.1785200028066174,4.981136289081474,0,12,1,0.8660254037844386,0.4264014327112209,0.36758284421387466,0.40823544649754057,0.10998651831737005,0.5066591910464114
por,rus,3.2225252463833804,0.058584894433011736,3.605551275463989,0.8492443277111181,3.3166247903554,0.13520913056204853,1.0,0.05131670194948623,4.58257569495584,0.2495308100886101,6.28183884521631,1,12,1,0.7359800721939873,0.30151134457776363,0.3004556856387994,0.4951378467421696,0.5065145770466956,0.4558594007940572
por,pol,1.2299776993908402,0.008535002076143328,3.7416573867739413,0.8651600275073515,3.3166247903554,0.13520913056204853,1.0,0.05131670194948623,4.69041575982343,0.24825061314750085,5.10887957912951,1,12,1,0.7637626158259734,0.30151134457776363,0.3004556856387994,0.5227065297653551,0.18106847905066653,0.4520571614373294
por,cmn,4.936179595192632,0.1373836182373257,3.872983346207417,1.0,5.0,0.3327993591454702,2.449489742783178,0.2603997383663612,5.744562646538029,0.3772914345805026,8.657157956814174,0,12,1,0.7905694150420949,0.7385489458759963,0.5663181055833848,0.7921930273429978,0.7864085860883704,0.6932210655041726
por,jpn,5.5163727560552305,0.17154684725118785,3.7416573867739413,1.0,6.324555320336759,0.5398678323333483,2.23606797749979,0.26213521262737816,4.69041575982343,0.2664524761128555,9.465669873390329,0,12,1,0.7637626158259734,0.6741998624632421,0.775510614061369,0.5227065297653551,0.8811724980320094,0.6752454775422801
por,kor,5.290805120778522,0.15781938060598055,3.4641016151377544,1.0,6.164414002968976,0.4871794871794872,2.23606797749979,0.2928932188134524,5.291502622129181,0.32855840720436436,9.331804108810852,0,12,1,0.7071067811865476,0.6741998624632421,0.750218832452264,0.6763708770249299,0.8443301617746899,0.6743979061047015
por,arb,2.6926227194328947,0.04086825650991388,4.123105625617661,1.0,4.58257569495584,0.25165294814283534,2.23606797749979,0.1982162742627268,5.830951894845301,0.3540264662236098,8.176853430956028,0,12,1,0.8416254115301732,0.6741998624632421,0.500392555981073,0.8142779343403991,0.41996471781017874,0.664256026312646
por,hin,4.195193092436674,0.0991921691506793,4.0,0.886039423540362,5.0990195135927845,0.3247889635715203,1.7320508075688772,0.1339745962155614,5.656854249492381,0.31160489955742254,8.661409419204688,0,12,1,0.8164965809277261,0.5222329678670935,0.581956667535994,0.7697708876716975,0.6653820307353335,0.6406332844398113
por,tur,1.8541906479620154,0.019387960440204077,4.123105625617661,1.0,5.5677643628300215,0.4025470165139492,1.4142135623730951,0.09546596626670911,5.196152422706632,0.30226883826016726,7.824518490089419,1,12,1,0.8416254115301732,0.4264014327112209,0.6559874832690368,0.6519951551881026,0.28302221598292027,0.602235862368026
por,vie,5.426087729980195,0.1659004419960587,3.7416573867739413,1.0,5.0,0.35682411917484536,2.23606797749979,0.23019964108049895,4.898979485566356,0.25531914893617025,8.744721428543068,0,12,1,0.7637626158259734,0.6741998624632421,0.5663181055833848,0.5760246286760073,0.8664260948719246,0.6406673705252769
por,tha,5.374559489316835,0.16273725373686476,4.58257569495584,1.0,5.0,0.3489407053668575,2.23606797749979,0.23019964108049895,4.358898943540674,0.21223901093889852,8.317253119855563,0,12,1,0.9354143466934854,0.6741998624632421,0.5663181055833848,0.43795619104683975,0.8580099017999939,0.6710318144875588
por,swh,3.970989855255391,0.08878245654080641,4.795831523312719,1.0,5.830951894845301,0.4358974358974359,2.0,0.19596974779263032,4.242640687119285,0.20269004424734938,8.750175472512035,0,12,1,0.9789450103725609,0.6030226891555273,0.6975537804082217,0.40823544649754057,0.6287625438835099,0.6766233756511011
por,fin,1.8812628807688514,0.01997515470740696,3.7416573867739413,1.0,4.0,0.20512820512820518,1.7320508075688772,0.1339745962155614,4.58257569495584,0.24280236115151832,6.440505973803041,0,12,1,0.7637626158259734,0.5222329678670935,0.40838396325945503,0.4951378467421696,0.28744396870060224,0.5300066948128119
por,hun,1.1856284862019049,0.007929188832654588,3.4641016151377544,1.0,4.58257569495584,0.25165294814283534,1.0,0.05131670194948623,4.242640687119285,0.19920870405976765,5.683279309654658,1,12,1,0.7071067811865476,0.30151134457776363,0.500392555981073,0.40823544649754057,0.17382484845157847,0.4575149410938298
por,ell,1.4368553443971686,0.011643766829505742,3.7416573867739413,0.8651600275073515,3.0,0.09861218113400272,1.0,0.05131670194948623,4.795831523312719,0.2745464497523231,4.458402072229643,1,12,1,0.7637626158259734,0.30151134457776363,0.2504498209355252,0.5496554542940227,0.21485814817627327,0.44778781063225503
por,heb,2.182693744129951,0.02685911826708809,4.242640687119285,1.0,3.605551275463989,0.15005410363020588,2.23606797749979,0.1982162742627268,5.744562646538029,0.4069327834011939,7.419618850833538,0,12,1,0.8660254037844386,0.6741998624632421,0.34608704225909204,0.7921930273429978,0.33667717191550717,0.6332378079001856
por,ind,6.243895528703314,0.21946664044192432,4.358898943540674,1.0,4.58257569495584,0.29232685365962774,1.4142135623730951,0.09546596626670911,4.242640687119285,0.20585887902601208,8.639368528951684,0,12,1,0.8897565210026094,0.4264014327112209,0.500392555981073,0.40823544649754057,1.0,0.5848411426494338
por,tgl,5.959888094454034,0.2001156393259066,4.242640687119285,1.0,5.0,0.3081673044496388,1.7320508075688772,0.1567259572884322,4.69041575982343,0.2603294909176931,8.542362847779005,0,12,1,0.8660254037844386,0.5222329678670935,0.5663181055833848,0.5227065297653551,0.9536125943805958,0.6297160934026149
por,ces,1.043559711006998,0.006143522917833377,3.872983346207417,0.8769085090206673,3.872983346207417,0.19935923097456432,1.0,0.05131670194948623,4.47213595499958,0.23263817966213074,5.6530581993731674,1,12,0,0.7905694150420949,0.30151134457776363,0.3883236969818679,0.46690457195922563,0.15062051959927905,0.5177801118272908
por,swe,1.4845446543916687,0.012436710608833335,3.872983346207417,0.8769085090206673,3.3166247903554,0.14278484978088357,1.4142135623730951,0.09546596626670911,5.291502622129181,0.28511855107004147,6.125744543715089,0,12,0,0.7905694150420949,0.4264014327112209,0.3004556856387994,0.6763708770249299,0.22264732233036497,0.5664503174884513
por,nor,1.340257066645871,0.010136870807294529,3.7416573867739413,0.8651600275073515,3.605551275463989,0.16449002215597497,1.7320508075688772,0.1567259572884322,5.916079783099616,0.3527092847498121,7.058216663351998,0,12,0,0.7637626158259734,0.5222329678670935,0.34608704225909204,0.836040382003964,0.19908059114143775,0.6142645220240504
por,dan,1.0514544240041006,0.006237818635605796,3.872983346207417,0.8769085090206673,3.872983346207417,0.19473728312749672,1.4142135623730951,0.09546596626670911,4.358898943540674,0.20425507180422053,6.213839974957522,0,12,0,0.7905694150420949,0.4264014327112209,0.3883236969818679,0.43795619104683975,0.15190997617640492,0.5447248495526535
por,ron,1.38884885298086,0.010880402165374892,2.6457513110645907,0.3603978509331687,2.449489742783178,0.07471080193134272,0.0,0.0,4.242640687119285,0.20585887902601208,2.753569682058816,1,12,0,0.5400617248673217,0.0,0.16350545562146043,0.40823544649754057,0.20701716825411337,0.31630578397182535
por,ukr,1.404753991764553,0.01113172237560267,3.7416573867739413,0.8651600275073515,3.1622776601683795,0.12472643425937824,1.0,0.05131670194948623,4.123105625617661,0.19547750872348824,5.165036571532892,1,12,0,0.7637626158259734,0.30151134457776363,0.27607900401255236,0.37767700585916086,0.20961498097032735,0.4768547216221339
por,ben,4.706046419440721,0.1248088218301463,4.0,0.886039423540362,5.916079783099616,0.4317088572264891,1.7320508075688772,0.1567259572884322,5.0990195135927845,0.2824391196412135,8.89719323988212,0,12,0,0.8164965809277261,0.5222329678670935,0.7109983804275144,0.6271636940259873,0.748820552527546,0.6992224740608695
por,urd,3.7962441051691993,0.08122660451514663,4.0,0.886039423540362,4.898979485566356,0.2997811474075026,1.0,0.05131670194948623,5.385164807134504,0.2854103989895036,8.203499408233204,0,12,0,0.8164965809277261,0.30151134457776363,0.5503635172791851,0.7003150678304635,0.6002210304863628,0.6154578255774835
por,pan,3.9828228942974913,0.08941204887035903,3.872983346207417,0.8769085090206673,5.0990195135927845,0.30775562176188154,1.4142135623730951,0.11111111111111116,4.795831523312719,0.2258612655719623,7.686086144662139,0,12,0,0.7905694150420949,0.4264014327112209,0.581956667535994,0.5496554542940227,0.6306952537902315,0.6241455970312475
por,tam,4.740805746164222,0.12660972594608544,4.58257569495584,1.0,6.164414002968976,0.49982677983197643,1.0,0.05719095841793653,4.898979485566356,0.265941312054787,9.299036775233334,0,12,0,0.9354143466934854,0.30151134457776363,0.750218832452264,0.5760246286760073,0.7544978510533487,0.680174493497008
por,tel,4.541637535154841,0.11621029296480834,3.7416573867739413,1.0,6.082762530298219,0.49292751295055737,1.4142135623730951,0.11111111111111116,5.385164807134504,0.31831077944300923,9.048108874644884,0,12,0,0.7637626158259734,0.4264014327112209,0.7373232771465221,0.7003150678304635,0.7219673765782543,0.6743394273583839
por,mar,4.414371347029537,0.10980205623500139,3.872983346207417,0.8769085090206673,6.0,0.44982804439160917,1.4142135623730951,0.11111111111111116,5.0,0.2631170690667959,8.544647397393305,0,12,0,0.7905694150420949,0.4264014327112209,0.7242522479073147,0.6018499334426524,0.7011807788407379,0.6639581612303314
por,jav,6.101693479937104,0.20965286598605704,4.0,1.0,5.291502622129181,0.4144831262067026,2.23606797749979,0.2928932188134524,4.47213595499958,0.23263817966213074,9.175561048434707,0,12,0,0.8164965809277261,0.6741998624632421,0.6123563221945337,0.46690457195922563,0.9767739033540979,0.7048445852946239
por,mya,4.9460238240897745,0.13785414117243755,4.242640687119285,1.0,7.0710678118654755,0.641025641025641,2.23606797749979,0.1982162742627268,4.47213595499958,0.21276595744680848,9.958700382530449,0,12,0,0.8660254037844386,0.6741998624632421,0.8934104241450567,0.46690457195922563,0.7880164603331733,0.7664761803906961
por,khm,5.5729141384244985,0.1749641628586851,3.605551275463989,1.0,5.196152422706632,0.38605938648507965,2.449489742783178,0.37005921165128797,5.5677643628300215,0.34728375192080163,9.346912721455023,0,12,0,0.7359800721939873,0.7385489458759963,0.5972972702283177,0.7469955782448925,0.8904074958593654,0.731460423702561
por,amh,3.139498408134355,0.05552985459873461,4.242640687119285,1.0,5.291502622129181,0.33162611756319593,1.7320508075688772,0.1567259572884322,4.58257569495584,0.24280236115151832,7.061726400980468,0,12,0,0.8660254037844386,0.5222329678670935,0.6123563221945337,0.4951378467421696,0.49295366575106464,0.6617554878398904
nld,eng,0.2574855221269145,0.0003741373245090829,3.1622776601683795,0.5555555555555556,2.449489742783178,0.07570690126642576,2.0,0.18181818181818177,5.477225575051661,0.2776539080877798,2.956329998228099,1,7,1,0.6454972243679029,0.6030226891555273,0.16350545562146043,0.7238498657063308,0.02222971763696356,0.4867948964613426
nld,spa,0.8319456165006524,0.0039039698639845577,4.358898943540674,0.9037749551350623,4.0,0.19512195121951215,1.7320508075688772,0.14188366967896693,5.656854249492381,0.34989115570239904,6.684994721962821,0,7,1,0.8897565210026094,0.5222329678670935,0.40838396325945503,0.7697708876716975,0.11605723831547687,0.6004304859859756
nld,fra,0.3007829457438281,0.0005104565343152512,4.358898943540674,0.9037749551350623,4.123105625617661,0.20476155702539822,2.0,0.16375798999290925,4.0,0.15094339622641506,4.676503743152985,0,7,1,0.8897565210026094,0.6030226891555273,0.42782654465663106,0.3462057713491359,0.02930155769953768,0.5566438811083381
nld,deu,0.3956145489437529,0.0008831137631796215,2.23606797749979,0.3195861825602283,1.4142135623730951,0.023532708129441082,1.7320508075688772,0.11359473957208166,3.605551275463989,0.1258427238784623,1.419350396139654,1,7,1,0.4564354645876385,0.5222329678670935,0.0,0.24536725767627113,0.04479056084764616,0.3065334980368879
nld,ita,0.6988108391036992,0.0027548178334926288,4.0,0.8888888888888888,3.605551275463989,0.16042984284784878,1.0,0.04653741075440765,4.58257569495584,0.22010109381222376,5.046320483910329,0,7,1,0.8164965809277261,0.30151134457776363,0.34608704225909204,0.4951378467421696,0.09431211415178709,0.4685305015934919
nld,por,0.7947775622047489,0.00356330318489273,4.242640687119285,0.8994962184740788,3.7416573867739413,0.17474206658741376,1.4142135623730951,0.09546596626670911,4.242640687119285,0.1785200028066174,4.981136289081474,0,7,1,0.8660254037844386,0.4264014327112209,0.36758284421387466,0.40823544649754057,0.10998651831737005,0.5066591910464114
nld,rus,2.563409925065855,0.03708003976662244,3.3166247903554,0.8333333333333334,4.123105625617661,0.20476155702539822,1.0,0.04653741075440765,5.385164807134504,0.316842871224259,6.222232070763998,0,7,1,0.6770032003863301,0.30151134457776363,0.42782654465663106,0.7003150678304635,0.3988601776443055,0.489034374248451
nld,pol,0.5690713108668475,0.0018274909053368482,3.4641016151377544,0.850928801500014,4.358898943540674,0.22885969166099218,1.0,0.04653741075440765,5.656854249492381,0.3349844037827766,5.8348051224420585,0,7,1,0.7071067811865476,0.30151134457776363,0.4650663600885159,0.7697708876716975,0.07312154166870691,0.49964485275229836
nld,cmn,4.358510729367071,0.10713703080480319,3.605551275463989,1.0,5.196152422706632,0.34927599213080807,2.0,0.16375798999290925,5.916079783099616,0.3701602479935494,8.3362190033306,0,7,1,0.7359800721939873,0.6030226891555273,0.5972972702283177,0.836040382003964,0.6920569714428482,0.6510180538654786
nld,jpn,4.977649874137428,0.13971224295787832,3.4641016151377544,1.0,5.830951894845301,0.4456381387841226,2.6457513110645907,0.3325761875280854,5.291502622129181,0.30922080391197226,8.660221172355431,0,7,1,0.7071067811865476,0.7977240352174657,0.6975537804082217,0.6763708770249299,0.7931819955790304,0.692188530574666
nld,kor,4.733152259728641,0.126336270080313,3.1622776601683795,1.0,5.830951894845301,0.42482022822759136,2.6457513110645907,0.3603978509331687,5.291502622129181,0.29995993412542543,8.534083529444235,0,7,1,0.6454972243679029,0.7977240352174657,0.6975537804082217,0.6763708770249299,0.7532477944108936,0.6717089534706658
nld,arb,2.467862818084277,0.034338835305076754,3.872983346207417,1.0,5.744562646538029,0.38785390784758556,2.23606797749979,0.19417703597461977,6.0,0.3524430556704661,8.447070522027587,0,7,1,0.7905694150420949,0.6741998624632421,0.6839099685708037,0.8574940955361688,0.3832543100759768,0.690289613676824
nld,hin,3.7764371717724208,0.08039840766948192,3.7416573867739413,0.8740118423302576,5.477225575051661,0.36585365853658536,1.7320508075688772,0.1296117202215108,5.656854249492381,0.2961756027521957,8.212392192268018,0,7,1,0.7637626158259734,0.5222329678670935,0.6416883174742132,0.7697708876716975,0.5969859311799607,0.6333396199191607
nld,tur,1.517439555532165,0.012988384660495456,3.872983346207417,1.0,5.916079783099616,0.442635948868046,0.0,0.0,5.196152422706632,0.27936336422119445,6.653757263404642,0,7,1,0.7905694150420949,0.0,0.7109983804275144,0.6519951551881026,0.2280201011312011,0.4885707789329068
nld,vie,4.973006621992823,0.1393868261712513,3.4641016151377544,1.0,5.385164807134504,0.40122075406218893,2.6457513110645907,0.3036893761772086,5.0990195135927845,0.2586643927767035,8.189731826429187,0,7,1,0.7071067811865476,0.7977240352174657,0.6271487790515345,0.6271636940259873,0.7924236054995796,0.6706885333495146
nld,tha,4.960319345698769,0.13865324709395022,4.358898943540674,1.0,5.5677643628300215,0.42023448810705566,2.6457513110645907,0.3036893761772086,5.196152422706632,0.27936336422119445,8.297749003432978,0,7,1,0.8897565210026094,0.7977240352174657,0.6559874832690368,0.6519951551881026,0.7903513716046697,0.7348723036174054
nld,swh,4.149442546210353,0.09696575073505742,4.58257569495584,1.0,6.48074069840786,0.5248514928836625,2.449489742783178,0.2727272727272727,5.0990195135927845,0.27062805576175497,9.337707508095926,0,7,1,0.9354143466934854,0.7385489458759963,0.8001776177905671,0.6271636940259873,0.6579095180853762,0.752267094043325
nld,fin,1.1145068643110938,0.007012377888314769,3.4641016151377544,1.0,4.898979485566356,0.2997811474075026,1.0,0.0425728922436619,4.795831523312719,0.24238391970330309,5.742708073102856,1,7,1,0.7071067811865476,0.30151134457776363,0.5503635172791851,0.5496554542940227,0.16220843590350686,0.48814131389552096
nld,hun,0.7292709932170662,0.0030006860674194336,3.1622776601683795,1.0,5.0,0.2936775859779833,1.0,0.04653741075440765,4.47213595499958,0.20400299435429503,5.394716056869017,0,7,1,0.6454972243679029,0.30151134457776363,0.5663181055833848,0.46690457195922563,0.09928722167959261,0.45729067144935226
nld,ell,1.1140363484062288,0.007001245064867212,3.4641016151377544,0.850928801500014,4.58257569495584,0.23358081053268254,1.7320508075688772,0.14188366967896693,5.5677643628300215,0.34040001359583627,5.650246928080144,0,7,1,0.7071067811865476,0.5222329678670935,0.500392555981073,0.7469955782448925,0.16213158575982298,0.5629247035436773
nld,heb,2.010844691077803,0.02280192352849475,4.0,1.0,4.795831523312719,0.2631499215063936,2.23606797749979,0.19417703597461977,5.5677643628300215,0.34438204290884666,7.0477391093816895,0,7,1,0.8164965809277261,0.6741998624632421,0.5340729323281959,0.7469955782448925,0.308608780852745,0.6477933021391388
nld,ind,5.951304853642263,0.19943021445047227,4.123105625617661,1.0,5.0,0.33741084355092077,2.0,0.18181818181818177,5.0990195135927845,0.27415531414593697,8.897214742614212,0,7,1,0.8416254115301732,0.6030226891555273,0.5663181055833848,0.6271636940259873,0.9522106794127109,0.6581920049391443
nld,tgl,5.518507768833186,0.17161605538221714,4.0,1.0,5.916079783099616,0.4216447687457442,2.23606797749979,0.2372299286035261,5.0990195135927845,0.28023663667051324,8.948300855109672,0,7,1,0.8164965809277261,0.6741998624632421,0.7109983804275144,0.6271636940259873,0.8815212132126363,0.6938492307441612
nld,ces,0.45588598908705985,0.00117275933960026,3.605551275463989,0.8639172365120457,4.358898943540674,0.24516015087173737,1.0,0.04653741075440765,4.69041575982343,0.23221412129885377,5.1852298842923945,0,7,0,0.7359800721939873,0.30151134457776363,0.4650663600885159,0.5227065297653551,0.05463479520222736,0.5203228490452549
nld,swe,0.7050192357659033,0.002805613935097706,3.0,0.591751709536137,2.6457513110645907,0.08794973451134813,0.0,0.0,5.0990195135927845,0.24986127809000014,3.245167900385673,1,7,0,0.6123724356957946,0.0,0.19450185807913475,0.6271636940259873,0.09532614188305782,0.37145296352261625
nld,nor,0.5743449096201946,0.0018619794337825235,2.8284271247461903,0.5527864045000421,3.0,0.11104336301536932,1.7320508075688772,0.14188366967896693,6.244997998398398,0.37140006284844607,5.052831305654155,1,7,0,0.5773502691896258,0.5222329678670935,0.2504498209355252,0.920126403551316,0.07398288730598618,0.5455713918087629
nld,dan,0.2624940846268536,0.0003888509446211552,3.0,0.591751709536137,3.0,0.1132844641082551,0.0,0.0,4.358898943540674,0.18989159011461798,2.887796747275766,1,7,0,0.6123724356957946,0.0,0.2504498209355252,0.43795619104683975,0.02304777446307779,0.3506475122760232
nld,ron,0.9251892177755735,0.00482955708941879,3.872983346207417,0.882148869802242,4.242640687119285,0.2195121951219512,1.4142135623730951,0.09546596626670911,5.0990195135927845,0.27415531414593697,4.956337190857968,0,7,0,0.7905694150420949,0.4264014327112209,0.4467052120725283,0.6271636940259873,0.1312868704734764,0.5837511227325113
nld,ukr,0.8762700295474827,0.004332610645890966,3.4641016151377544,0.850928801500014,3.7416573867739413,0.1707317073170732,1.0,0.04653741075440765,4.795831523312719,0.24238391970330309,4.778803129047212,0,7,0,0.7071067811865476,0.30151134457776363,0.36758284421387466,0.5496554542940227,0.12329681826619271,0.4996395984005932
nld,ben,4.250600097778347,0.10184575449366473,3.7416573867739413,0.8740118423302576,5.744562646538029,0.3975466341101501,1.7320508075688772,0.14188366967896693,6.164414002968976,0.3857048831660488,8.306199062461667,0,7,0,0.7637626158259734,0.5222329678670935,0.6839099685708037,0.8995255755616136,0.6744317488799817,0.7151194442069673
nld,urd,3.426394874047893,0.06618721814496364,3.7416573867739413,0.8740118423302576,5.477225575051661,0.36585365853658536,1.0,0.04653741075440765,5.5677643628300215,0.28968860481674397,7.897850040465451,0,7,0,0.7637626158259734,0.30151134457776363,0.6416883174742132,0.7469955782448925,0.5398129417072841,0.6218842682091738
nld,pan,3.524747182501825,0.0700453712117427,3.605551275463989,0.8639172365120457,5.656854249492381,0.3714127338073796,1.4142135623730951,0.09546596626670911,5.385164807134504,0.2709961996803424,7.499798095880815,0,7,0,0.7359800721939873,0.4264014327112209,0.6700578181087926,0.7003150678304635,0.5558769874880466,0.6442470530067318
nld,tam,4.433969648300118,0.11077897262332037,4.358898943540674,1.0,5.830951894845301,0.43515421744059357,1.7320508075688772,0.14719713457755834,6.0,0.3715813113323382,9.457283283867646,0,7,0,0.8897565210026094,0.5222329678670935,0.6975537804082217,0.8574940955361688,0.7043818019156894,0.7508391587754103
nld,tel,4.187491593878723,0.09881814192792837,3.4641016151377544,1.0,5.916079783099616,0.45339183338987876,2.0,0.19596974779263032,6.082762530298219,0.3787634750780634,8.951193475214367,0,7,0,0.7071067811865476,0.6030226891555273,0.7109983804275144,0.8786518532469964,0.6641241321932433,0.7200913673270606
nld,mar,4.0578230535963575,0.09280432144433914,3.605551275463989,0.8639172365120457,5.656854249492381,0.3902439024390244,1.4142135623730951,0.09546596626670911,6.082762530298219,0.3655587314254847,8.313067745174132,0,7,0,0.7359800721939873,0.4264014327112209,0.6700578181087926,0.8786518532469964,0.6429451542905923,0.6753509791593391
nld,jav,5.762342328860413,0.18702842339745995,3.7416573867739413,1.0,5.477225575051661,0.4289425647106262,2.6457513110645907,0.3603978509331687,5.291502622129181,0.29995993412542543,9.180048543940101,0,7,0,0.7637626158259734,0.7977240352174657,0.6416883174742132,0.6763708770249299,0.9213471166081233,0.7544204444311469
nld,mya,4.503060870746133,0.11429642902190895,4.0,1.0,6.6332495807108,0.5498593090476802,2.6457513110645907,0.27475933237715777,4.898979485566356,0.23862829528418195,8.573951660682846,0,7,0,0.8164965809277261,0.7977240352174657,0.8242639773138629,0.5760246286760073,0.7156665859524718,0.7814198021444815
nld,khm,5.163372759275205,0.15023148143893506,3.3166247903554,1.0,5.5677643628300215,0.429734051487799,2.8284271247461903,0.43019711770181024,5.5677643628300215,0.3217537545611242,8.705646717533847,0,7,0,0.6770032003863301,0.8528028654224418,0.6559874832690368,0.7469955782448925,0.8235164226635353,0.7507243309952276
nld,amh,3.1621564995781233,0.05634835462932164,4.0,1.0,5.656854249492381,0.3714127338073796,1.7320508075688772,0.14188366967896693,5.196152422706632,0.28694957148546174,7.58080491286767,0,7,0,0.8164965809277261,0.5222329678670935,0.6700578181087926,0.6519951551881026,0.49665444943351256,0.6821507756167408
rus,eng,2.7235860526929985,0.04186456865539456,3.3166247903554,0.8333333333333334,3.872983346207417,0.18824593690905445,1.7320508075688772,0.14188366967896693,5.744562646538029,0.3525037939119676,6.308262347435857,0,12,1,0.6770032003863301,0.5222329678670935,0.3883236969818679,0.7921930273429978,0.42502201042317617,0.5514039961016546
rus,spa,3.184072463425055,0.0571895297670183,3.7416573867739413,0.8556624327025936,3.872983346207417,0.18066342238980415,1.4142135623730951,0.09999999999999998,4.58257569495584,0.3042747572170619,6.220352437811557,1,12,1,0.7637626158259734,0.4264014327112209,0.3883236969818679,0.4951378467421696,0.5002340201838172,0.512676260342487
rus,fra,2.7953313060451515,0.04409078776419906,3.7416573867739413,0.8556624327025936,4.0,0.19047619047619047,2.23606797749979,0.21064778262367367,5.196152422706632,0.2932857288526818,7.112190176555389,1,12,1,0.7637626158259734,0.6741998624632421,0.40838396325945503,0.6519951551881026,0.43674028173290574,0.5989918303803542
rus,deu,2.416096734118195,0.03294037944643291,2.8284271247461903,0.7958758547680684,3.872983346207417,0.17641359066372952,2.0,0.15484574527148343,5.0990195135927845,0.2966466873946344,6.4435769987993154,0,12,1,0.5773502691896258,0.6030226891555273,0.3883236969818679,0.6271636940259873,0.37479926966265054,0.5144400100291737
rus,ita,2.6057550911211655,0.038306477882870005,3.3166247903554,0.8333333333333334,3.7416573867739413,0.17048493799374675,0.0,0.0,4.242640687119285,0.24883990649921273,5.5121911129656,1,12,1,0.6770032003863301,0.0,0.36758284421387466,0.40823544649754057,0.40577648389882637,0.3581416701282464
rus,por,3.2225252463833804,0.058584894433011736,3.605551275463989,0.8492443277111181,3.3166247903554,0.13520913056204853,1.0,0.05131670194948623,4.58257569495584,0.2495308100886101,6.28183884521631,1,12,1,0.7359800721939873,0.30151134457776363,0.3004556856387994,0.4951378467421696,0.5065145770466956,0.4558594007940572
rus,nld,2.563409925065855,0.03708003976662244,3.3166247903554,0.8333333333333334,4.123105625617661,0.20476155702539822,1.0,0.04653741075440765,5.385164807134504,0.316842871224259,6.222232070763998,0,12,1,0.6770032003863301,0.30151134457776363,0.42782654465663106,0.7003150678304635,0.3988601776443055,0.489034374248451
rus,pol,2.1019983887997684,0.024935369167381927,1.7320508075688772,0.3291796067500631,2.449489742783178,0.0714285714285714,0.0,0.0,4.795831523312719,0.30362694079274577,1.9990697260163146,1,12,1,0.3535533905932738,0.0,0.16350545562146043,0.5496554542940227,0.32349706559470714,0.23739027972611296
rus,cmn,2.1391144809005764,0.02580816720395296,2.8284271247461903,1.0,4.69041575982343,0.2799177001769044,2.23606797749979,0.21064778262367367,5.656854249492381,0.43055754822602754,6.316651705859872,0,12,1,0.5773502691896258,0.6741998624632421,0.5174241841340927,0.7697708876716975,0.3295592985212444,0.5771834812763337
rus,jpn,3.0266288163203594,0.051657141941310214,2.6457513110645907,1.0,6.082762530298219,0.4783594690426989,2.449489742783178,0.30000000000000004,4.58257569495584,0.32235478600293277,7.2259354667148825,0,12,1,0.5400617248673217,0.7385489458759963,0.7373232771465221,0.4951378467421696,0.4745184879839331,0.592117010769022
rus,kor,2.6742997041840795,0.040334201664409375,2.23606797749979,1.0,5.5677643628300215,0.3822922361157489,2.449489742783178,0.3291796067500631,5.744562646538029,0.46431031928712907,7.630953454419242,0,12,1,0.4564354645876385,0.7385489458759963,0.6559874832690368,0.7921930273429978,0.4169719893178278,0.592442926066439
rus,arb,2.200896730677624,0.027312971642035055,3.1622776601683795,1.0,4.69041575982343,0.2556126316812233,2.0,0.15484574527148343,5.5677643628300215,0.36300525518496707,7.256396797982268,0,12,1,0.6454972243679029,0.6030226891555273,0.5174241841340927,0.7469955782448925,0.3396502959208821,0.5769215279588492
rus,hin,1.9355889678012992,0.02112173790998051,3.0,0.8110177634953863,5.0,0.30115409556777417,1.4142135623730951,0.0871290708247231,5.5677643628300215,0.32937892940882363,7.118629059376473,0,12,1,0.6123724356957946,0.4264014327112209,0.5663181055833848,0.7469955782448925,0.29631713866374243,0.5304409036731416
rus,tur,1.9869050799596142,0.02226971755223428,3.1622776601683795,1.0,5.830951894845301,0.42427989952997724,1.0,0.04653741075440765,5.0990195135927845,0.33842984496879613,7.132145355530629,1,12,1,0.6454972243679029,0.30151134457776363,0.6975537804082217,0.6271636940259873,0.3046986844348621,0.5178472478620973
rus,vie,2.8782126245350637,0.046693087664073984,2.6457513110645907,1.0,5.291502622129181,0.38022021319908783,2.449489742783178,0.26970325665977857,5.916079783099616,0.42464028773460105,7.936591464665744,0,12,1,0.5400617248673217,0.7385489458759963,0.6123563221945337,0.836040382003964,0.45027742504475315,0.6170469469209346
rus,tha,2.953542077948943,0.049160850220288044,3.7416573867739413,1.0,5.291502622129181,0.3726235655715219,2.449489742783178,0.26970325665977857,5.0990195135927845,0.33842984496879613,7.383947366573367,0,12,1,0.7637626158259734,0.7385489458759963,0.6123563221945337,0.6271636940259873,0.4625811096994674,0.6534408952445693
rus,swh,4.271998170928274,0.10278476242571333,4.0,1.0,6.082762530298219,0.45641716778185915,2.23606797749979,0.2372299286035261,4.358898943540674,0.25005978239218785,8.70359487819167,0,12,1,0.8164965809277261,0.6741998624632421,0.7373232771465221,0.43795619104683975,0.6779267316831717,0.6605533605646173
rus,fin,1.699704275444999,0.01631098901820649,2.6457513110645907,1.0,3.605551275463989,0.15991744111741857,1.4142135623730951,0.0871290708247231,4.242640687119285,0.24883990649921273,5.005815281637621,0,12,1,0.5400617248673217,0.4264014327112209,0.34608704225909204,0.40823544649754057,0.25778970034980037,0.41196108608194126
rus,hun,2.215039491883391,0.027684311510577708,2.23606797749979,1.0,4.898979485566356,0.27887473694118503,1.4142135623730951,0.09999999999999998,4.358898943540674,0.2415546175993849,5.9065845096569625,1,12,1,0.4564354645876385,0.4264014327112209,0.5503635172791851,0.43795619104683975,0.341960256582174,0.4363951424960685
rus,ell,2.1857080051377595,0.026951911967903364,2.6457513110645907,0.7763932022500211,3.7416573867739413,0.1536727339439895,1.4142135623730951,0.09999999999999998,3.4641016151377544,0.17647058823529416,2.899834997286795,1,12,1,0.5400617248673217,0.4264014327112209,0.36758284421387466,0.20920647778375834,0.3371694961688549,0.39037489095678324
rus,heb,2.314329637344834,0.030205980711459635,3.3166247903554,1.0,4.47213595499958,0.22647321617140692,2.0,0.15484574527148343,5.291502622129181,0.42397789053870916,6.945414454777221,0,12,1,0.6770032003863301,0.6030226891555273,0.48295035037260314,0.6763708770249299,0.35817748083795525,0.5698112080749387
rus,ind,4.27667198356556,0.10299147468483594,3.4641016151377544,1.0,4.898979485566356,0.31806909301252373,1.7320508075688772,0.14188366967896693,4.58257569495584,0.28599445270458335,7.034874671667917,0,12,1,0.7071067811865476,0.5222329678670935,0.5503635172791851,0.4951378467421696,0.6786901132586152,0.5609681624528309
rus,tgl,3.5318386774867507,0.07029761582902772,3.3166247903554,1.0,5.0990195135927845,0.30952380952380953,2.0,0.19999999999999996,4.795831523312719,0.33326330899968426,6.318047235822136,0,12,1,0.6770032003863301,0.6030226891555273,0.581956667535994,0.5496554542940227,0.5570352531340965,0.5805480467127878
rus,ces,2.2848679142776005,0.029460957124579856,2.0,0.3876275643042054,3.7416573867739413,0.1770488002021765,0.0,0.0,3.605551275463989,0.18236838206982864,3.5506181106036014,1,12,0,0.4082482904638631,0.0,0.36758284421387466,0.24536725767627113,0.3533654487100681,0.3004644170688779
rus,swe,1.9741543373186639,0.02200014955548013,2.8284271247461903,0.7958758547680684,3.4641016151377544,0.1489355036530099,1.0,0.04653741075440765,5.916079783099616,0.39963486696490724,5.811807756136034,0,12,0,0.5773502691896258,0.30151134457776363,0.32374731147345703,0.836040382003964,0.30261608447617494,0.5038692407204235
rus,nor,2.197641508707115,0.027263908009274918,2.6457513110645907,0.7763932022500211,3.1622776601683795,0.12168993434632014,2.0,0.19999999999999996,6.324555320336759,0.4530007817223318,6.87475566383827,0,12,0,0.5400617248673217,0.6030226891555273,0.27607900401255236,0.9404647684566524,0.3391186151135598,0.5760156365757647
rus,dan,2.336244359030207,0.030805942100319283,2.8284271247461903,0.7958758547680684,3.4641016151377544,0.1489355036530099,1.0,0.04653741075440765,4.898979485566356,0.291989567606157,5.847124914759856,0,12,0,0.5773502691896258,0.30151134457776363,0.32374731147345703,0.5760246286760073,0.3617568487039509,0.46782391593261874
rus,ron,2.0627911291893692,0.024009580527639685,3.1622776601683795,0.8232233047033631,3.3166247903554,0.13246715311861623,1.0,0.05131670194948623,3.605551275463989,0.17614744542836536,4.178326674452872,1,12,0,0.6454972243679029,0.30151134457776363,0.3004556856387994,0.24536725767627113,0.3170932788079974,0.4317778931744122
rus,ukr,1.9984634946874658,0.02253688926967523,1.0,0.10557280900008414,2.23606797749979,0.06017274921183424,0.0,0.0,3.4641016151377544,0.16537767388801417,1.9481113477659626,1,12,0,0.20412414523193154,0.0,0.1297988721681695,0.20920647778375834,0.30658653949652764,0.1839073166456035
rus,ben,2.163513779305856,0.026386542582130912,3.0,0.8110177634953863,5.656854249492381,0.38095238095238093,1.4142135623730951,0.09999999999999998,6.082762530298219,0.46312450780684067,7.812260448088519,0,12,0,0.6123724356957946,0.4264014327112209,0.6700578181087926,0.8786518532469964,0.33354447642669727,0.6227986543166865
rus,urd,1.940652976791457,0.021233254410017,3.0,0.8110177634953863,5.196152422706632,0.32525223020336813,0.0,0.0,6.0,0.39321196358786237,7.241581990835923,0,12,0,0.6123724356957946,0.0,0.5972972702283177,0.8574940955361688,0.2971442516571318,0.4966525116676838
rus,pan,1.6051441805622186,0.01452680439887899,2.8284271247461903,0.7958758547680684,5.0,0.2869322553462339,1.0,0.05131670194948623,5.830951894845301,0.36987396218739554,6.716513580757467,0,12,0,0.5773502691896258,0.30151134457776363,0.5663181055833848,0.8142779343403991,0.24234504310576907,0.546105480324354
rus,tam,2.845936268937045,0.045639813320436096,3.7416573867739413,1.0,5.916079783099616,0.44191908162497495,1.4142135623730951,0.10557280900008414,5.744562646538029,0.4246276409374644,8.512321028572764,0,12,0,0.7637626158259734,0.4264014327112209,0.7109983804275144,0.7921930273429978,0.44500567431400545,0.66900805682825
rus,tel,2.4836212175952856,0.034763216942899855,2.6457513110645907,1.0,5.830951894845301,0.43422105013899637,1.7320508075688772,0.1567259572884322,5.656854249492381,0.405349156505728,8.012103773665352,0,12,0,0.5400617248673217,0.5222329678670935,0.6975537804082217,0.7697708876716975,0.3858281556232317,0.6168445564405305
rus,mar,2.3800065081090445,0.03192709366808577,2.8284271247461903,0.7958758547680684,5.916079783099616,0.4216447687457442,1.0,0.05131670194948623,5.830951894845301,0.4059114742139954,7.9741332493891015,0,12,0,0.5773502691896258,0.30151134457776363,0.7109983804275144,0.8142779343403991,0.3689045931475526,0.581369512795269
rus,jav,3.965558992462266,0.08858121161472154,3.0,1.0,5.385164807134504,0.4060861290835014,2.449489742783178,0.3291796067500631,5.196152422706632,0.37972773812193894,8.098696276596549,0,12,0,0.6123724356957946,0.7385489458759963,0.6271487790515345,0.6519951551881026,0.6278755120495936,0.6729717718687395
rus,mya,2.4318739703562353,0.033336574253507,3.3166247903554,1.0,6.557438524302,0.5305420994479693,2.449489742783178,0.23936117074433505,5.385164807134504,0.34959336874346203,8.51044803160011,0,12,0,0.6770032003863301,0.7385489458759963,0.8122908231412682,0.7003150678304635,0.37737619184379584,0.7241124309799112
rus,khm,3.1720255299753584,0.056700939056700816,2.449489742783178,1.0,5.477225575051661,0.4083920216900384,2.6457513110645907,0.4023856953328032,6.0,0.47074387597503686,8.488520485292641,0,12,0,0.5,0.7977240352174657,0.6416883174742132,0.8574940955361688,0.4982663745484902,0.6813061053570589
rus,amh,3.1969943193682497,0.05760041106814173,3.3166247903554,1.0,5.5677643628300215,0.35593881128046934,1.4142135623730951,0.09999999999999998,4.47213595499958,0.27666065070294565,6.87877289530603,0,12,0,0.6770032003863301,0.4264014327112209,0.6559874832690368,0.46690457195922563,0.5023445683621667,0.5860517291595039
pol,eng,0.8106919080970605,0.003709327729394807,3.4641016151377544,0.850928801500014,4.123105625617661,0.21361325138064646,1.7320508075688772,0.14188366967896693,5.830951894845301,0.347187561528875,5.843614907191004,0,12,1,0.7071067811865476,0.5222329678670935,0.42782654465663106,0.8142779343403991,0.11258583484591629,0.5560265671474194
pol,spa,1.1919498936416237,0.00801457876100431,3.872983346207417,0.8709005551264195,3.605551275463989,0.1565652877542102,1.4142135623730951,0.09999999999999998,4.47213595499958,0.2608508517121635,4.794141133444212,1,12,1,0.7905694150420949,0.4264014327112209,0.34608704225909204,0.46690457195922563,0.17485733442071116,0.4917671436571715
pol,fra,0.766708994413325,0.003317110326648498,3.872983346207417,0.8709005551264195,4.0,0.19047619047619047,2.23606797749979,0.21064778262367367,5.477225575051661,0.31353228777576947,6.245051485317756,1,12,1,0.7905694150420949,0.6741998624632421,0.40838396325945503,0.7238498657063308,0.10540203255298086,0.6012451642639287
pol,deu,0.3437177537560671,0.0006666817426450589,3.0,0.8174258141649446,4.123105625617661,0.1999446309304801,2.0,0.15484574527148343,5.916079783099616,0.38158345398085936,6.15403479666943,0,12,1,0.6123724356957946,0.6030226891555273,0.42782654465663106,0.836040382003964,0.03631417115354634,0.5472544777872184
pol,ita,0.6543197515648576,0.0024154308813363334,3.4641016151377544,0.850928801500014,3.4641016151377544,0.1460874361700334,0.0,0.0,4.795831523312719,0.2906275712866041,4.418892426802419,1,12,1,0.7071067811865476,0.0,0.32374731147345703,0.5496554542940227,0.08704531097965182,0.36368208034374166
pol,por,1.2299776993908402,0.008535002076143328,3.7416573867739413,0.8651600275073515,3.3166247903554,0.13520913056204853,1.0,0.05131670194948623,4.69041575982343,0.24825061314750085,5.10887957912951,1,12,1,0.7637626158259734,0.30151134457776363,0.3004556856387994,0.5227065297653551,0.18106847905066653,0.4520571614373294
pol,nld,0.5690713108668475,0.0018274909053368482,3.4641016151377544,0.850928801500014,4.358898943540674,0.22885969166099218,1.0,0.04653741075440765,5.656854249492381,0.3349844037827766,5.8348051224420585,0,12,1,0.7071067811865476,0.30151134457776363,0.4650663600885159,0.7697708876716975,0.07312154166870691,0.49964485275229836
pol,rus,2.1019983887997684,0.024935369167381927,1.7320508075688772,0.3291796067500631,2.449489742783178,0.0714285714285714,0.0,0.0,4.795831523312719,0.30362694079274577,1.9990697260163146,1,12,1,0.3535533905932738,0.0,0.16350545562146043,0.5496554542940227,0.32349706559470714,0.23739027972611296
pol,cmn,4.000472301750426,0.09026772539016548,3.0,1.0,4.898979485566356,0.30563492517058644,2.23606797749979,0.21064778262367367,5.5677643628300215,0.38266900209400645,7.054604541353091,0,12,1,0.6123724356957946,0.6741998624632421,0.5503635172791851,0.7469955782448925,0.6335779608032557,0.6060626345572826
pol,jpn,4.695019570220718,0.12431032423277277,2.8284271247461903,1.0,6.244997998398398,0.5044414955905641,2.449489742783178,0.30000000000000004,5.0990195135927845,0.3548583795288034,8.225087418736193,0,12,1,0.5773502691896258,0.7385489458759963,0.7629457966554452,0.6271636940259873,0.7470195189425471,0.6418570066080013
pol,kor,4.421715809539068,0.11026949180666701,2.449489742783178,1.0,5.744562646538029,0.40700054667111907,2.449489742783178,0.3291796067500631,5.477225575051661,0.3838046008442838,8.354582284837072,0,12,1,0.5,0.7385489458759963,0.6839099685708037,0.7238498657063308,0.7023803620924464,0.6151157281437318
pol,arb,2.01885182243792,0.022982429448674013,3.3166247903554,1.0,4.47213595499958,0.23235052642126153,2.0,0.15484574527148343,5.656854249492381,0.35299441503291773,6.955534111779694,0,12,1,0.6770032003863301,0.6030226891555273,0.48295035037260314,0.7697708876716975,0.30991659890768924,0.5814081655754405
pol,hin,3.295299970122799,0.0612235318410953,3.1622776601683795,0.8309691490542968,4.795831523312719,0.2770559609321802,1.4142135623730951,0.0871290708247231,6.324555320336759,0.4103629588002742,7.400217140149612,0,12,1,0.6454972243679029,0.4264014327112209,0.5340729323281959,0.9404647684566524,0.5184009934634484,0.5740538768954855
pol,tur,1.0445885693845258,0.0061555228931539085,3.3166247903554,1.0,5.830951894845301,0.42427989952997724,1.0,0.04653741075440765,5.5677643628300215,0.37344849947455616,7.006350217042167,1,12,1,0.6770032003863301,0.30151134457776363,0.6975537804082217,0.7469955782448925,0.15078856474573607,0.537578317316005
pol,vie,4.57233805865192,0.1178437227946213,2.8284271247461903,1.0,5.477225575051661,0.4083920216900384,2.449489742783178,0.26970325665977857,5.656854249492381,0.36215203539787955,8.571838937108513,0,12,1,0.5773502691896258,0.7385489458759963,0.6416883174742132,0.7697708876716975,0.7269817440364563,0.6379947010733069
pol,tha,4.546758347723375,0.1165092591800847,3.872983346207417,1.0,5.477225575051661,0.39990080185102095,2.449489742783178,0.26970325665977857,5.0,0.30115409556777417,7.76233848970961,0,12,1,0.7905694150420949,0.7385489458759963,0.6416883174742132,0.6018499334426524,0.72280376739438,0.676563402862587
pol,swh,3.922794802532281,0.08667123218990658,4.123105625617661,1.0,6.082762530298219,0.45641716778185915,2.23606797749979,0.2372299286035261,4.0,0.19512195121951215,7.981569920463694,0,12,1,0.8416254115301732,0.6741998624632421,0.7373232771465221,0.3462057713491359,0.6208907659301441,0.6514776485030446
pol,fin,0.9045433088751953,0.0046196153326204525,2.8284271247461903,1.0,3.872983346207417,0.1846257516727886,1.4142135623730951,0.0871290708247231,4.795831523312719,0.2906275712866041,4.697534133896345,0,12,1,0.5773502691896258,0.4264014327112209,0.3883236969818679,0.5496554542940227,0.12791473990557548,0.4463142334704488
pol,hun,0.3379746457404103,0.0006445355083719573,2.449489742783178,1.0,4.898979485566356,0.27887473694118503,1.4142135623730951,0.09999999999999998,4.898979485566356,0.2855117376556886,5.479566490405564,1,12,1,0.5,0.4264014327112209,0.5503635172791851,0.5760246286760073,0.035376139789182505,0.4548455629245025
pol,ell,0.7051685556852315,0.0028054488038457004,2.8284271247461903,0.8,3.1622776601683795,0.10912919362525209,1.4142135623730951,0.09999999999999998,5.0,0.33041051999302484,1.4798522819663766,1,12,1,0.5773502691896258,0.4264014327112209,0.27607900401255236,0.6018499334426524,0.09535053055331653,0.43006625628126716
pol,heb,1.603465962245895,0.01450029551382237,3.4641016151377544,1.0,4.242640687119285,0.20372242841174237,2.0,0.15484574527148343,5.744562646538029,0.4478423696257673,6.739034857895121,0,12,1,0.7071067811865476,0.6030226891555273,0.4467052120725283,0.7921930273429978,0.24207093692272852,0.5831612500069379
pol,ind,5.605700709859156,0.1769588049708487,3.605551275463989,1.0,4.898979485566356,0.31806909301252373,1.7320508075688772,0.14188366967896693,3.7416573867739413,0.17474206658741376,7.402372023300387,0,12,1,0.7359800721939873,0.5222329678670935,0.5503635172791851,0.28016199045791074,0.8957625809895459,0.5482373946989705
pol,tgl,5.17531558001138,0.150950493621537,3.4641016151377544,1.0,5.291502622129181,0.33333333333333337,2.0,0.19999999999999996,4.69041575982343,0.28724903557958625,6.706689080076987,0,12,1,0.7071067811865476,0.6030226891555273,0.6123563221945337,0.5227065297653551,0.825467063396561,0.6050383037183841
pol,ces,0.20212601256482968,0.00023056040692381874,1.7320508075688772,0.26970325665977857,3.7416573867739413,0.1770488002021765,0.0,0.0,4.47213595499958,0.25543055935350967,3.0000403787188605,1,12,0,0.3535533905932738,0.0,0.36758284421387466,0.46690457195922563,0.013187757056826992,0.30027765966748227
pol,swe,0.5411335254689786,0.0016530402520508192,3.0,0.8174258141649446,3.7416573867739413,0.17396681236909783,1.0,0.04653741075440765,5.656854249492381,0.34393897473895696,5.338685768379595,0,12,0,0.6123724356957946,0.30151134457776363,0.36758284421387466,0.7697708876716975,0.06855841680972412,0.501499689687195
pol,nor,0.6410311163294645,0.002319770280033606,2.8284271247461903,0.8,3.4641016151377544,0.1460874361700334,2.0,0.19999999999999996,6.4031242374328485,0.436907493628527,6.1809331609047975,0,12,0,0.5773502691896258,0.6030226891555273,0.32374731147345703,0.9605504534342771,0.08487485613074304,0.5870365261621397
pol,dan,0.4265942619989415,0.0010271758544040388,3.0,0.8174258141649446,3.7416573867739413,0.17396681236909783,1.0,0.04653741075440765,5.385164807134504,0.33222961636516923,5.348799282089701,0,12,0,0.6123724356957946,0.30151134457776363,0.36758284421387466,0.7003150678304635,0.04985052879976124,0.49014592231051174
pol,ron,0.444868279961428,0.0011167350701866141,3.3166247903554,0.841886116991581,3.3166247903554,0.13246715311861623,1.0,0.05131670194948623,4.47213595499958,0.2497655150794671,2.9946967227916432,1,12,0,0.6770032003863301,0.30151134457776363,0.3004556856387994,0.46690457195922563,0.05283525448401255,0.4612473819061843
pol,ukr,0.3532473079024301,0.0007041650010306544,2.0,0.4,2.23606797749979,0.06017274921183424,0.0,0.0,4.358898943540674,0.23995811209279005,1.8650301996749012,1,12,0,0.4082482904638631,0.0,0.1297988721681695,0.43795619104683975,0.03787064904902078,0.26602122268226985
pol,ben,3.795952385210766,0.08123249175311908,3.1622776601683795,0.8309691490542968,5.656854249492381,0.38095238095238093,1.4142135623730951,0.09999999999999998,5.830951894845301,0.39469374366636556,8.00206764937171,0,12,0,0.6454972243679029,0.4264014327112209,0.6700578181087926,0.8142779343403991,0.6001733833813675,0.6364114484300629
pol,urd,2.9381718441620674,0.04867420839834158,3.1622776601683795,0.8309691490542968,5.0,0.30115409556777417,0.0,0.0,6.082762530298219,0.383675844038773,7.405464055651051,0,12,0,0.6454972243679029,0.0,0.5663181055833848,0.8786518532469964,0.4600706639041962,0.5117140996093071
pol,pan,3.0326458596845978,0.05185759516309807,3.0,0.8174258141649446,4.795831523312719,0.26393007003482216,1.0,0.05131670194948623,5.385164807134504,0.2986656156303279,6.660445825368083,0,12,0,0.6123724356957946,0.30151134457776363,0.5340729323281959,0.7003150678304635,0.47550126166344703,0.5447264765765604
pol,tam,3.992952460971499,0.08984740232200028,3.872983346207417,1.0,5.916079783099616,0.44191908162497495,1.4142135623730951,0.10557280900008414,4.898979485566356,0.2855117376556886,8.218907804788937,0,12,0,0.7905694150420949,0.4264014327112209,0.7109983804275144,0.5760246286760073,0.6323497327277214,0.6539920397137238
pol,tel,3.728908146274233,0.07836776202501428,2.8284271247461903,1.0,5.830951894845301,0.43422105013899637,1.7320508075688772,0.1567259572884322,5.744562646538029,0.38785390784758556,7.805517870968154,0,12,0,0.5773502691896258,0.5222329678670935,0.6975537804082217,0.7921930273429978,0.5892229365586851,0.6415641797346894
pol,mar,3.5936414875714293,0.07279421510843587,3.0,0.8174258141649446,5.916079783099616,0.4216447687457442,1.0,0.05131670194948623,5.5677643628300215,0.3462895148661116,7.818220576927072,0,12,0,0.6123724356957946,0.30151134457776363,0.7109983804275144,0.7469955782448925,0.5671296086829047,0.5916950601095614
pol,jav,5.403979522898715,0.1645064206733633,3.1622776601683795,1.0,5.5677643628300215,0.4357818226293263,2.449489742783178,0.3291796067500631,4.898979485566356,0.3067801759498193,8.471739855911585,0,12,0,0.6454972243679029,0.7385489458759963,0.6559874832690368,0.5760246286760073,0.8628151247150438,0.6890283509703305
pol,mya,4.0623631291721685,0.09302944705680072,3.4641016151377544,1.0,6.855654600401044,0.5799587205587093,2.449489742783178,0.23936117074433505,5.477225575051661,0.3393717509478038,9.181897400389866,0,12,0,0.7071067811865476,0.7385489458759963,0.8593893233471784,0.7238498657063308,0.643686692369814,0.7594089499688395
pol,khm,4.765271270579918,0.12797208926452652,2.6457513110645907,1.0,5.656854249492381,0.436563830180989,2.6457513110645907,0.4023856953328032,6.082762530298219,0.44574290338133815,9.023015367158537,0,12,0,0.5400617248673217,0.7977240352174657,0.6700578181087926,0.8786518532469964,0.7584938457630019,0.7151835601615211
pol,amh,2.837485506089435,0.04537596646465536,3.4641016151377544,1.0,5.5677643628300215,0.35593881128046934,1.4142135623730951,0.09999999999999998,4.58257569495584,0.26529284168969713,6.48397311086318,0,12,0,0.7071067811865476,0.4264014327112209,0.6559874832690368,0.4951378467421696,0.44362539719188826,0.5963818360584968
cmn,eng,4.463534921580094,0.11237800512090057,3.605551275463989,1.0,4.58257569495584,0.2876043883434517,2.449489742783178,0.24738219099361836,6.082762530298219,0.38171792256872983,7.795408305327269,0,4,1,0.7359800721939873,0.7385489458759963,0.500392555981073,0.8786518532469964,0.7092107470716921,0.6727680846640438
cmn,spa,4.917688114057882,0.13634304531712382,4.0,1.0,5.385164807134504,0.3753049524455757,2.23606797749979,0.21064778262367367,5.196152422706632,0.3585730194101815,8.577960894418656,0,4,1,0.8164965809277261,0.6741998624632421,0.6271487790515345,0.6519951551881026,0.7833883417832571,0.6758973860718135
cmn,fra,4.57115660441412,0.11784006058058527,4.0,1.0,5.477225575051661,0.38278660015163235,2.8284271247461903,0.3076923076923077,5.5677643628300215,0.3267230237172425,8.193750386453639,0,4,1,0.8164965809277261,0.8528028654224418,0.6416883174742132,0.7469955782448925,0.726788775154869,0.7348761296232483
cmn,deu,4.273373300408465,0.10299139387657785,3.1622776601683795,1.0,5.385164807134504,0.3645892902808139,2.23606797749979,0.18462575167278872,5.830951894845301,0.37390096630005887,8.313009860931098,0,4,1,0.6454972243679029,0.6741998624632421,0.6271487790515345,0.8142779343403991,0.6781513338635528,0.6436781455807259
cmn,ita,4.448008321413264,0.11155687007942294,3.605551275463989,1.0,5.291502622129181,0.3675444679663241,2.23606797749979,0.21064778262367367,5.830951894845301,0.43571190635316526,8.366250946090453,0,4,1,0.7359800721939873,0.6741998624632421,0.6123563221945337,0.8142779343403991,0.7066747616960526,0.6692906799487761
cmn,por,4.936179595192632,0.1373836182373257,3.872983346207417,1.0,5.0,0.3327993591454702,2.449489742783178,0.2603997383663612,5.744562646538029,0.3772914345805026,8.657157956814174,0,4,1,0.7905694150420949,0.7385489458759963,0.5663181055833848,0.7921930273429978,0.7864085860883704,0.6932210655041726
cmn,nld,4.358510729367071,0.10713703080480319,3.605551275463989,1.0,5.196152422706632,0.34927599213080807,2.0,0.16375798999290925,5.916079783099616,0.3701602479935494,8.3362190033306,0,4,1,0.7359800721939873,0.6030226891555273,0.5972972702283177,0.836040382003964,0.6920569714428482,0.6510180538654786
cmn,rus,2.1391144809005764,0.02580816720395296,2.8284271247461903,1.0,4.69041575982343,0.2799177001769044,2.23606797749979,0.21064778262367367,5.656854249492381,0.43055754822602754,6.316651705859872,0,4,1,0.5773502691896258,0.6741998624632421,0.5174241841340927,0.7697708876716975,0.3295592985212444,0.5771834812763337
cmn,pol,4.000472301750426,0.09026772539016548,3.0,1.0,4.898979485566356,0.30563492517058644,2.23606797749979,0.21064778262367367,5.5677643628300215,0.38266900209400645,7.054604541353091,0,4,1,0.6123724356957946,0.6741998624632421,0.5503635172791851,0.7469955782448925,0.6335779608032557,0.6060626345572826
cmn,jpn,1.0561338398381677,0.00628652832605614,2.6457513110645907,1.0,4.58257569495584,0.2957047877262362,3.0,0.38605938648507954,5.196152422706632,0.3752419823282287,4.9579931411725475,1,4,1,0.5400617248673217,0.9045340337332909,0.500392555981073,0.6519951551881026,0.1526742729312786,0.5936635240145132
cmn,kor,0.6442586196652226,0.0023395648338300212,2.23606797749979,1.0,4.123105625617661,0.22604725660874547,2.6457513110645907,0.3135935270163558,4.795831523312719,0.2981684193714509,3.006792289222026,1,4,1,0.4564354645876385,0.7977240352174657,0.42782654465663106,0.5496554542940227,0.08540200960744528,0.5086453757364597
cmn,arb,3.772552885669286,0.08020569953896362,3.1622776601683795,1.0,6.164414002968976,0.4723551469889137,3.0,0.33287561500500895,5.916079783099616,0.39013216553895536,8.439118494209378,0,4,1,0.6454972243679029,0.9045340337332909,0.750218832452264,0.836040382003964,0.5963515042837627,0.7250500747489291
cmn,hin,2.3689332312964324,0.031621114932464445,3.3166247903554,1.0,4.795831523312719,0.29721807150127266,2.23606797749979,0.19935923097456432,6.082762530298219,0.38171792256872983,6.919796509271323,0,4,1,0.6770032003863301,0.6741998624632421,0.5340729323281959,0.8786518532469964,0.3670959764667944,0.6286180890077379
cmn,tur,3.8684969799830413,0.08437352210470728,3.1622776601683795,1.0,5.656854249492381,0.43222502604233115,2.0,0.16375798999290925,6.164414002968976,0.4632549598783068,8.37740415156265,0,4,1,0.6454972243679029,0.6030226891555273,0.6700578181087926,0.8995255755616136,0.6120222124519585,0.6439463501778513
cmn,vie,1.5473862037907558,0.013488512775673422,2.6457513110645907,1.0,4.898979485566356,0.36099034957730614,2.23606797749979,0.19935923097456432,6.244997998398398,0.446481275182669,7.127824327893794,0,4,1,0.5400617248673217,0.6741998624632421,0.5503635172791851,0.920126403551316,0.23291133689545085,0.5903057139093141
cmn,tha,1.9411845456618175,0.02122403628680314,3.7416573867739413,1.0,5.0990195135927845,0.3812815664617709,2.23606797749979,0.19935923097456432,5.477225575051661,0.36566495258345344,5.569602130677313,0,4,1,0.7637626158259734,0.6741998624632421,0.581956667535994,0.7238498657063308,0.2972310736830032,0.6375091174109012
cmn,swh,5.169957010627027,0.15045463112168178,4.0,1.0,7.0,0.6530556667556445,2.8284271247461903,0.33100639199432735,5.196152422706632,0.333282522261527,10.426824257882009,0,4,1,0.8164965809277261,0.8528028654224418,0.8821863902312445,0.6519951551881026,0.824591839365089,0.773615833926647
cmn,fin,3.4944183863608553,0.06890373649219383,2.6457513110645907,1.0,4.795831523312719,0.30611133351128905,1.7320508075688772,0.11929515407202074,5.0990195135927845,0.33311407114464975,5.941277664106666,0,4,1,0.5400617248673217,0.5222329678670935,0.5340729323281959,0.6271636940259873,0.5509233348758952,0.521012066740302
cmn,hun,4.115541073062699,0.09551777291597674,2.23606797749979,1.0,4.898979485566356,0.29647352931855153,2.23606797749979,0.21064778262367367,5.5677643628300215,0.3730843311784642,6.749559270762926,0,4,1,0.4564354645876385,0.6741998624632421,0.5503635172791851,0.7469955782448925,0.6523723342079457,0.5602212618950702
cmn,ell,4.08182273768779,0.09394503926950226,3.0,1.0,5.656854249492381,0.3745372083779054,2.6457513110645907,0.29835358455437655,5.656854249492381,0.43055754822602754,7.570288924933065,0,4,1,0.6123724356957946,0.7977240352174657,0.6700578181087926,0.7697708876716975,0.6468650625269017,0.6649631894119631
cmn,heb,4.037653973283951,0.09188900702355951,3.3166247903554,1.0,5.830951894845301,0.41023217538041146,3.0,0.33287561500500895,5.291502622129181,0.38508130618755787,8.408312769400986,0,4,1,0.6770032003863301,0.9045340337332909,0.6975537804082217,0.6763708770249299,0.6396509049273846,0.7021834014309748
cmn,ind,3.0887123619225365,0.053691251561155506,3.4641016151377544,1.0,4.69041575982343,0.3223560013628919,2.449489742783178,0.24738219099361836,4.795831523312719,0.29108244304143327,5.920651647090057,0,4,1,0.7071067811865476,0.7385489458759963,0.5174241841340927,0.5496554542940227,0.4846586965307672,0.6069353606224236
cmn,tgl,1.7601822112648549,0.017450649449406552,3.3166247903554,1.0,6.0,0.4599382751326784,2.6457513110645907,0.29835358455437655,5.0,0.33184689521893906,5.166014879693206,0,4,1,0.6770032003863301,0.7977240352174657,0.7242522479073147,0.6018499334426524,0.26766766198596503,0.6510432916174245
cmn,ces,4.1610546873573595,0.09765413179523241,3.1622776601683795,1.0,5.477225575051661,0.41666666666666663,2.23606797749979,0.21064778262367367,5.916079783099616,0.4541309928444618,8.410372806317397,0,4,0,0.6454972243679029,0.6741998624632421,0.6416883174742132,0.836040382003964,0.6598061483722552,0.6989331611402315
cmn,swe,3.8079130130893817,0.08180807798286349,3.1622776601683795,1.0,4.69041575982343,0.29704050843336227,2.0,0.16375798999290925,6.082762530298219,0.40220995226043565,7.191574341415163,0,4,0,0.6454972243679029,0.6030226891555273,0.5174241841340927,0.8786518532469964,0.6021269325845237,0.659793801042347
cmn,nor,3.9760829586607276,0.08919571919661884,3.0,1.0,4.898979485566356,0.3148398402968512,2.23606797749979,0.21064778262367367,5.656854249492381,0.3422064855197281,7.162464206222306,0,4,0,0.6123724356957946,0.6741998624632421,0.5503635172791851,0.7697708876716975,0.6295944089160201,0.6592797533769417
cmn,dan,4.1543007280143245,0.09735373990261065,3.1622776601683795,1.0,4.898979485566356,0.32407741195515605,2.0,0.16375798999290925,5.477225575051661,0.34724663423178037,7.560336533408881,0,4,0,0.6454972243679029,0.6030226891555273,0.5503635172791851,0.7238498657063308,0.6587030129828226,0.6459901735601805
cmn,ron,3.98561923562243,0.08958291002950547,3.4641016151377544,1.0,5.385164807134504,0.3753049524455757,2.449489742783178,0.2603997383663612,5.385164807134504,0.3670378955727083,7.253083746038501,0,4,0,0.7071067811865476,0.7385489458759963,0.6271487790515345,0.7003150678304635,0.6311519848600822,0.7088038860528441
cmn,ukr,3.9299482938934744,0.08710326393736711,3.0,1.0,4.58257569495584,0.271189111186505,2.23606797749979,0.21064778262367367,5.656854249492381,0.4100624475510364,7.210896944622832,0,4,0,0.6123724356957946,0.6741998624632421,0.500392555981073,0.7697708876716975,0.6220591575472288,0.6489087985488796
cmn,ben,1.8149524126359082,0.01855921628685997,3.3166247903554,1.0,4.898979485566356,0.30563492517058644,2.23606797749979,0.21064778262367367,5.5677643628300215,0.36360389693210726,5.870931334709459,0,4,0,0.6770032003863301,0.6741998624632421,0.5503635172791851,0.7469955782448925,0.27661336988115176,0.657603634418338
cmn,urd,2.8352529777215074,0.045297298073816106,3.3166247903554,1.0,4.795831523312719,0.29721807150127266,2.23606797749979,0.21064778262367367,5.656854249492381,0.3329862014865004,7.365873249415643,0,4,0,0.6770032003863301,0.6741998624632421,0.5340729323281959,0.7697708876716975,0.443260754628099,0.6660941830795083
cmn,pan,2.2684046308703865,0.028997022156362795,3.1622776601683795,1.0,5.385164807134504,0.35402480650006074,2.449489742783178,0.2603997383663612,5.830951894845301,0.3545027756320972,6.812267228415736,0,4,0,0.6454972243679029,0.7385489458759963,0.6271487790515345,0.8142779343403991,0.3506764733061097,0.6933916734060424
cmn,tam,2.883350140546198,0.046822468266456196,3.7416573867739413,1.0,5.385164807134504,0.39720371321368997,2.6457513110645907,0.3135935270163558,5.0,0.3007479078529024,7.341177851765621,0,4,0,0.7637626158259734,0.7977240352174657,0.6271487790515345,0.6018499334426524,0.45111654406188245,0.7168228665819574
cmn,tel,2.6285585112319785,0.038918121570220565,2.6457513110645907,1.0,5.0990195135927845,0.36111111111111116,2.449489742783178,0.2603997383663612,5.477225575051661,0.3564127522592252,6.6580174365447,0,4,0,0.5400617248673217,0.7385489458759963,0.581956667535994,0.7238498657063308,0.40950100435367304,0.6420996175100276
cmn,mar,2.6543691421320026,0.03969108382809705,3.1622776601683795,1.0,5.196152422706632,0.34927599213080807,2.449489742783178,0.2603997383663612,5.0990195135927845,0.2925250298891604,6.4353961046722,0,4,0,0.6454972243679029,0.7385489458759963,0.5972972702283177,0.6271636940259873,0.4137166975379622,0.6625062468058298
cmn,jav,2.6738012992459925,0.04024855207409073,3.0,1.0,5.196152422706632,0.42264973081037427,2.6457513110645907,0.3135935270163558,5.0,0.32416218161695265,6.340967819820676,0,4,0,0.6123724356957946,0.7977240352174657,0.5972972702283177,0.6018499334426524,0.4168905840120587,0.6637242127757692
cmn,mya,1.8007674200772006,0.01826914393860235,3.0,0.8110177634953863,5.5677643628300215,0.4128634360480138,2.23606797749979,0.18462575167278872,5.916079783099616,0.40035471478122475,6.909652950834718,1,4,0,0.6123724356957946,0.6741998624632421,0.6559874832690368,0.836040382003964,0.27429651150289025,0.6725800758540954
cmn,khm,1.970453007710536,0.02186800776992137,2.449489742783178,1.0,5.0990195135927845,0.3914193805498154,2.8284271247461903,0.371029097966849,6.0,0.4388574580545934,7.091323368995562,0,4,0,0.5,0.8528028654224418,0.581956667535994,0.8574940955361688,0.3020115401679698,0.6733167412016331
cmn,amh,4.462086950045979,0.11214586446707209,3.3166247903554,1.0,5.385164807134504,0.35402480650006074,2.6457513110645907,0.29835358455437655,5.477225575051661,0.3844129887489075,7.826119510164145,0,4,0,0.6770032003863301,0.7977240352174657,0.6271487790515345,0.7238498657063308,0.7089742474777435,0.7219879169604091
jpn,eng,5.044845007627501,0.1435296063143945,3.4641016151377544,1.0,6.0,0.4998069870609444,2.6457513110645907,0.3325761875280854,5.656854249492381,0.3461147024097482,8.723152950263437,0,4,1,0.7071067811865476,0.7977240352174657,0.7242522479073147,0.7697708876716975,0.8041570882595909,0.7120869803055279
jpn,spa,5.519143684626886,0.1717026295035443,3.872983346207417,1.0,6.6332495807108,0.5776290581212363,2.8284271247461903,0.4,5.0990195135927845,0.39282325928108375,9.744268011063257,0,4,1,0.7905694150420949,0.8528028654224418,0.8242639773138629,0.6271636940259873,0.8816250783946874,0.753380144354644
jpn,fra,5.18262396992479,0.15144766405974341,3.872983346207417,1.0,6.557438524302,0.5566055486862941,2.23606797749979,0.21064778262367367,5.477225575051661,0.3338914894865447,9.648740044416881,0,4,1,0.7905694150420949,0.6741998624632421,0.8122908231412682,0.7238498657063308,0.8266607548512732,0.7180894723552059
jpn,deu,4.9449133412157575,0.13787929665885834,3.0,1.0,5.830951894845301,0.4329068115508863,2.449489742783178,0.23936117074433505,5.385164807134504,0.33959933959900934,8.795239600960688,0,4,1,0.6123724356957946,0.7385489458759963,0.6975537804082217,0.7003150678304635,0.7878350833222278,0.6522987376000627
jpn,ita,5.132318924992856,0.1484960409143462,3.4641016151377544,1.0,6.557438524302,0.572382012940121,2.449489742783178,0.30000000000000004,4.58257569495584,0.30074014390232195,8.978517806510856,0,4,1,0.7071067811865476,0.7385489458759963,0.8122908231412682,0.4951378467421696,0.8184443483683649,0.6744203298829606
jpn,por,5.5163727560552305,0.17154684725118785,3.7416573867739413,1.0,6.324555320336759,0.5398678323333483,2.23606797749979,0.26213521262737816,4.69041575982343,0.2664524761128555,9.465669873390329,0,4,1,0.7637626158259734,0.6741998624632421,0.775510614061369,0.5227065297653551,0.8811724980320094,0.6752454775422801
jpn,nld,4.977649874137428,0.13971224295787832,3.4641016151377544,1.0,5.830951894845301,0.4456381387841226,2.6457513110645907,0.3325761875280854,5.291502622129181,0.30922080391197226,8.660221172355431,0,4,1,0.7071067811865476,0.7977240352174657,0.6975537804082217,0.6763708770249299,0.7931819955790304,0.692188530574666
jpn,rus,3.0266288163203594,0.051657141941310214,2.6457513110645907,1.0,6.082762530298219,0.4783594690426989,2.449489742783178,0.30000000000000004,4.58257569495584,0.32235478600293277,7.2259354667148825,0,4,1,0.5400617248673217,0.7385489458759963,0.7373232771465221,0.4951378467421696,0.4745184879839331,0.592117010769022
jpn,pol,4.695019570220718,0.12431032423277277,2.8284271247461903,1.0,6.244997998398398,0.5044414955905641,2.449489742783178,0.30000000000000004,5.0990195135927845,0.3548583795288034,8.225087418736193,0,4,1,0.5773502691896258,0.7385489458759963,0.7629457966554452,0.6271636940259873,0.7470195189425471,0.6418570066080013
jpn,cmn,1.0561338398381677,0.00628652832605614,2.6457513110645907,1.0,4.58257569495584,0.2957047877262362,3.0,0.38605938648507954,5.196152422706632,0.3752419823282287,4.9579931411725475,1,4,1,0.5400617248673217,0.9045340337332909,0.500392555981073,0.6519951551881026,0.1526742729312786,0.5936635240145132
jpn,kor,0.41779602797487225,0.0009837041313799366,2.0,1.0,3.4641016151377544,0.16093545896081152,3.1622776601683795,0.5527864045000421,4.47213595499958,0.29135368557100894,3.0134555667703378,1,4,1,0.4082482904638631,0.9534625892455924,0.32374731147345703,0.46690457195922563,0.04841349863367509,0.49804595747081604
jpn,arb,4.611092298010374,0.11980225241592057,3.0,1.0,7.0,0.6177646064217808,2.8284271247461903,0.3238765962171868,5.656854249492381,0.38421039305105753,9.641056050794937,0,4,1,0.6123724356957946,0.8528028654224418,0.8821863902312445,0.7697708876716975,0.733311538273512,0.7254809351750279
jpn,hin,3.2524848075571797,0.05959717453071012,3.1622776601683795,1.0,5.291502622129181,0.36644358718185444,2.8284271247461903,0.36099034957730625,6.0,0.3945506503793965,8.00593510795309,0,4,1,0.6454972243679029,0.8528028654224418,0.6123563221945337,0.8574940955361688,0.5114079218988186,0.6835156585302543
jpn,tur,4.667541364351526,0.12280625355800856,3.0,1.0,4.358898943540674,0.25964852890543966,2.6457513110645907,0.3325761875280854,5.0,0.3348712054315681,7.192583889696811,0,4,1,0.6123724356957946,0.7977240352174657,0.4650663600885159,0.6018499334426524,0.7425314579707737,0.6035600744457446
jpn,vie,1.9941853922356867,0.022398804322348198,2.449489742783178,1.0,6.557438524302,0.6605326300833978,2.8284271247461903,0.36099034957730625,4.898979485566356,0.2926506019659678,7.338729322856344,0,4,1,0.5,0.8528028654224418,0.8122908231412682,0.5760246286760073,0.3058877899224659,0.6273569647813886
jpn,tha,2.4472121803513684,0.03372595928758326,3.605551275463989,1.0,6.557438524302,0.641431417199682,2.8284271247461903,0.36099034957730625,3.872983346207417,0.19630270656314475,6.76022176170115,0,4,1,0.7359800721939873,0.8528028654224418,0.8122908231412682,0.31373470531840875,0.37988140714001,0.6625071787968221
jpn,swh,5.78652663047429,0.18844792370516927,3.872983346207417,1.0,7.211102550927978,0.7022674209215782,3.0,0.42792244645264466,4.47213595499958,0.27070947251082134,10.655259679086267,0,4,1,0.7905694150420949,0.9045340337332909,0.9155266905544484,0.46690457195922563,0.9252971787307939,0.7627102157872645
jpn,fin,4.138425722161907,0.09662421317385494,2.449489742783178,1.0,5.830951894845301,0.4586680380392333,2.8284271247461903,0.36099034957730625,4.58257569495584,0.30074014390232195,7.664933589131066,0,4,1,0.5,0.8528028654224418,0.6975537804082217,0.4951378467421696,0.6561101219282872,0.6097876555449946
jpn,hun,4.831775620465615,0.13163344554597856,2.0,1.0,5.196152422706632,0.33745865113108675,2.449489742783178,0.30000000000000004,4.898979485566356,0.31526120541902913,7.32744301106679,0,4,1,0.4082482904638631,0.7385489458759963,0.5972972702283177,0.5760246286760073,0.7693561116109264,0.5514426775357689
jpn,ell,4.836087728184901,0.13184885593651186,2.8284271247461903,1.0,6.708203932499369,0.5364474653494467,2.449489742783178,0.30000000000000004,4.58257569495584,0.32235478600293277,8.415985030113312,0,4,1,0.5773502691896258,0.7385489458759963,0.8361018285770369,0.4951378467421696,0.7700604153217705,0.6378363807187082
jpn,heb,4.844875474632415,0.13227971013827555,3.1622776601683795,1.0,6.708203932499369,0.5513996923486959,2.8284271247461903,0.3238765962171868,4.795831523312719,0.3649993649990475,9.14937823546164,0,4,1,0.6454972243679029,0.8528028654224418,0.8361018285770369,0.5496554542940227,0.7714957325345712,0.6950933541522206
jpn,ind,3.1401363944856304,0.05548437093640146,3.3166247903554,1.0,6.4031242374328485,0.611550701966322,2.6457513110645907,0.3325761875280854,4.0,0.22348363346688138,7.384546878975257,0,4,1,0.6770032003863301,0.7977240352174657,0.7879193285962598,0.3462057713491359,0.49305786912072114,0.6366995937979238
jpn,tgl,1.6113440595088222,0.014621695617245023,3.1622776601683795,1.0,7.280109889280518,0.6870156814256194,2.8284271247461903,0.4,3.4641016151377544,0.180311400029463,7.091809215050578,0,4,1,0.6454972243679029,0.8528028654224418,0.926425305351214,0.20920647778375834,0.2433576796244134,0.6356838003850085
jpn,ces,4.843713430386694,0.1323009838945809,3.0,1.0,5.744562646538029,0.46473563867193957,2.449489742783178,0.30000000000000004,4.898979485566356,0.3504075451067581,8.022178150688688,0,4,0,0.6123724356957946,0.7385489458759963,0.6839099685708037,0.5760246286760073,0.7713059339192059,0.6800999518892598
jpn,swe,4.455968217953633,0.11200278132424135,3.0,1.0,5.916079783099616,0.4790119277482724,2.6457513110645907,0.3325761875280854,5.656854249492381,0.37125568146517895,8.859598131606967,0,4,0,0.6123724356957946,0.7977240352174657,0.7109983804275144,0.7697708876716975,0.7079748648094891,0.7262067919898368
jpn,nor,4.588018458592906,0.11874242215412112,2.8284271247461903,1.0,5.916079783099616,0.4654775161751512,2.449489742783178,0.30000000000000004,6.082762530298219,0.42714419640527446,9.16837100678185,0,4,0,0.5773502691896258,0.7385489458759963,0.7109983804275144,0.8786518532469964,0.7295428497844789,0.7183169137876632
jpn,dan,4.787504359498388,0.12926994203585485,3.0,1.0,5.744562646538029,0.4515915028929183,2.6457513110645907,0.3325761875280854,5.196152422706632,0.3379660733345299,8.79775625885745,0,4,0,0.6123724356957946,0.7977240352174657,0.6839099685708037,0.6519951551881026,0.7621252130775917,0.7058302671593605
jpn,ron,4.727789974177999,0.126029533779905,3.3166247903554,1.0,6.48074069840786,0.5512308742538136,2.23606797749979,0.26213521262737816,4.242640687119285,0.25224349889403397,8.14612868258107,0,4,0,0.6770032003863301,0.6741998624632421,0.8001776177905671,0.40823544649754057,0.7523719634118137,0.6805403644350448
jpn,ukr,4.667780271991186,0.12285815467372063,2.8284271247461903,1.0,6.0,0.4720363226515454,2.449489742783178,0.30000000000000004,4.358898943540674,0.2716043165649187,7.89936851514218,0,4,0,0.5773502691896258,0.7385489458759963,0.7242522479073147,0.43795619104683975,0.7425704791520881,0.6555147194219801
jpn,ben,2.639650217616766,0.039250655954789826,3.1622776601683795,1.0,4.795831523312719,0.2957852832076435,2.8284271247461903,0.4,4.898979485566356,0.3038765816178344,6.391785763017785,0,4,0,0.6454972243679029,0.8528028654224418,0.5340729323281959,0.5760246286760073,0.41131263116704325,0.6706337959913736
jpn,urd,3.7194050323059673,0.0779397111758463,3.1622776601683795,1.0,5.477225575051661,0.3928417710492772,2.449489742783178,0.30000000000000004,5.5677643628300215,0.34008798240391014,8.399042730065577,0,4,0,0.6454972243679029,0.7385489458759963,0.6416883174742132,0.7469955782448925,0.5876707771813835,0.6980569428700157
jpn,pan,3.1955142078593206,0.05753301787942211,3.0,1.0,5.656854249492381,0.39525684318523646,2.6457513110645907,0.3675444679663241,5.5677643628300215,0.34008798240391014,7.760048401354114,0,4,0,0.6123724356957946,0.7977240352174657,0.6700578181087926,0.7469955782448925,0.5021028192927871,0.7043087808362366
jpn,tam,3.5949962693965927,0.07277483257950457,3.605551275463989,1.0,4.47213595499958,0.2774989813102531,2.449489742783178,0.3291796067500631,4.898979485566356,0.31526120541902913,6.941529333048961,0,4,0,0.7359800721939873,0.7385489458759963,0.48295035037260314,0.5760246286760073,0.5673508874470179,0.6667925668754678
jpn,tel,3.41279473998347,0.06559362661498336,2.449489742783178,1.0,4.358898943540674,0.26753297923528563,2.6457513110645907,0.3675444679663241,5.5677643628300215,0.4043166028187294,6.564304591934199,0,4,0,0.5,0.7977240352174657,0.4650663600885159,0.7469955782448925,0.5375916092376174,0.6313731980206844
jpn,mar,3.463826244779235,0.06757821150867183,3.0,1.0,4.898979485566356,0.313647219447009,2.6457513110645907,0.3675444679663241,5.196152422706632,0.32598139842522356,6.971632016553655,0,4,0,0.6123724356957946,0.7977240352174657,0.5503635172791851,0.6519951551881026,0.5459266696158327,0.6683110497279489
jpn,jav,2.7489871619695956,0.04253658800688043,2.8284271247461903,1.0,6.48074069840786,0.6746999756838223,3.1622776601683795,0.5527864045000421,4.242640687119285,0.2618267558031343,7.488731234868384,0,4,0,0.5773502691896258,0.9534625892455924,0.8001776177905671,0.40823544649754057,0.4291708157610044,0.7043001093890807
jpn,mya,2.5347567512060114,0.036191036607022053,3.1622776601683795,1.0,4.242640687119285,0.24213525325492657,2.8284271247461903,0.3238765962171868,4.47213595499958,0.24025435025974318,4.515778561444745,1,4,0,0.6454972243679029,0.8528028654224418,0.4467052120725283,0.46690457195922563,0.394180207200457,0.6359356222343937
jpn,khm,2.342978043066387,0.030912923496910993,2.23606797749979,1.0,6.708203932499369,0.6913933000758161,3.0,0.5219085562662426,5.0,0.3348712054315681,7.6306138704543764,0,4,0,0.4564354645876385,0.9045340337332909,0.8361018285770369,0.6018499334426524,0.3628566724938627,0.6887048371661126
jpn,amh,5.216083297630276,0.153221437935684,3.1622776601683795,1.0,4.69041575982343,0.269268685515494,2.8284271247461903,0.4,4.123105625617661,0.2424684892275154,6.53949846166904,0,4,0,0.6454972243679029,0.8528028654224418,0.5174241841340927,0.37767700585916086,0.8321257223797804,0.6585925574906629
kor,eng,4.814351270483619,0.13072622685468727,3.1622776601683795,1.0,5.830951894845301,0.4471769671827107,2.23606797749979,0.25379749275536356,5.291502622129181,0.29063824236564373,8.456397659646381,0,4,1,0.6454972243679029,0.6741998624632421,0.6975537804082217,0.6763708770249299,0.7665101636081714,0.6414910287419738
kor,spa,5.28605646688014,0.1575209768914907,3.605551275463989,1.0,6.324555320336759,0.4998436767196447,2.449489742783178,0.3291796067500631,5.0990195135927845,0.36086448346676236,9.548470731914398,0,4,1,0.7359800721939873,0.7385489458759963,0.775510614061369,0.6271636940259873,0.8435545562518533,0.6967856628559598
kor,fra,4.942802373729398,0.1377688350427918,3.605551275463989,1.0,6.557438524302,0.5305420994479693,3.0,0.41165159458544787,4.898979485566356,0.25479605890771095,8.967291390791322,0,4,1,0.7359800721939873,0.9045340337332909,0.8122908231412682,0.5760246286760073,0.7874902954989866,0.7351639037961231
kor,deu,4.68189387793226,0.12361356788030997,2.6457513110645907,1.0,5.656854249492381,0.3895171368681196,2.8284271247461903,0.33856217223385243,5.385164807134504,0.32576369528584825,8.537126803163167,0,4,1,0.5400617248673217,0.8528028654224418,0.6700578181087926,0.7003150678304635,0.744875677835607,0.6515218415039155
kor,ita,4.866727803172012,0.13353742667821078,3.1622776601683795,1.0,6.244997998398398,0.4936303164581667,2.449489742783178,0.3291796067500631,5.385164807134504,0.3866121408779353,9.069965417953956,0,4,1,0.6454972243679029,0.7385489458759963,0.7629457966554452,0.7003150678304635,0.7750649096245096,0.6746760687662541
kor,por,5.290805120778522,0.15781938060598055,3.4641016151377544,1.0,6.164414002968976,0.4871794871794872,2.23606797749979,0.2928932188134524,5.291502622129181,0.32855840720436436,9.331804108810852,0,4,1,0.7071067811865476,0.6741998624632421,0.750218832452264,0.6763708770249299,0.8443301617746899,0.6743979061047015
kor,nld,4.733152259728641,0.126336270080313,3.1622776601683795,1.0,5.830951894845301,0.42482022822759136,2.6457513110645907,0.3603978509331687,5.291502622129181,0.29995993412542543,8.534083529444235,0,4,1,0.6454972243679029,0.7977240352174657,0.6975537804082217,0.6763708770249299,0.7532477944108936,0.6717089534706658
kor,rus,2.6742997041840795,0.040334201664409375,2.23606797749979,1.0,5.5677643628300215,0.3822922361157489,2.449489742783178,0.3291796067500631,5.744562646538029,0.46431031928712907,7.630953454419242,0,4,1,0.4564354645876385,0.7385489458759963,0.6559874832690368,0.7921930273429978,0.4169719893178278,0.592442926066439
kor,pol,4.421715809539068,0.11026949180666701,2.449489742783178,1.0,5.744562646538029,0.40700054667111907,2.449489742783178,0.3291796067500631,5.477225575051661,0.3838046008442838,8.354582284837072,0,4,1,0.5,0.7385489458759963,0.6839099685708037,0.7238498657063308,0.7023803620924464,0.6151157281437318
kor,cmn,0.6442586196652226,0.0023395648338300212,2.23606797749979,1.0,4.123105625617661,0.22604725660874547,2.6457513110645907,0.3135935270163558,4.795831523312719,0.2981684193714509,3.006792289222026,1,4,1,0.4564354645876385,0.7977240352174657,0.42782654465663106,0.5496554542940227,0.08540200960744528,0.5086453757364597
kor,jpn,0.41779602797487225,0.0009837041313799366,2.0,1.0,3.4641016151377544,0.16093545896081152,3.1622776601683795,0.5527864045000421,4.47213595499958,0.29135368557100894,3.0134555667703378,1,4,1,0.4082482904638631,0.9534625892455924,0.32374731147345703,0.46690457195922563,0.04841349863367509,0.49804595747081604
kor,arb,4.291565891851259,0.10378391805508747,2.6457513110645907,1.0,6.855654600401044,0.5654759053732592,2.8284271247461903,0.33856217223385243,5.656854249492381,0.36588962039362183,9.507397315499668,0,4,1,0.5400617248673217,0.8528028654224418,0.8593893233471784,0.7697708876716975,0.6811227600191944,0.6966188696369571
kor,hin,2.9116883338113255,0.047766761220970344,2.8284271247461903,1.0,4.47213595499958,0.2497655150794671,2.8284271247461903,0.3876275643042054,6.164414002968976,0.4014760169960119,7.6124240527157525,0,4,1,0.5773502691896258,0.8528028654224418,0.48295035037260314,0.8995255755616136,0.45574506820240457,0.6407119569313812
kor,tur,4.359520681239763,0.10714277626171675,2.6457513110645907,1.0,5.0,0.32461836649402953,2.6457513110645907,0.3603978509331687,5.5677643628300215,0.3911844526817908,7.459627783132191,0,4,1,0.5400617248673217,0.7977240352174657,0.5663181055833848,0.7469955782448925,0.6922219285584902,0.6213735805458983
kor,vie,1.7774713660771388,0.017796659093472278,2.0,1.0,6.4031242374328485,0.5907062576567197,2.449489742783178,0.28556549168823964,4.898979485566356,0.2805982934332475,7.295478472186214,0,4,1,0.4082482904638631,0.7385489458759963,0.7879193285962598,0.5760246286760073,0.2704915283372598,0.5646238600456741
kor,tha,2.2240195764064,0.027857230141266953,3.3166247903554,1.0,6.557438524302,0.6037030380493915,2.449489742783178,0.28556549168823964,4.123105625617661,0.21361325138064646,6.211453841281158,0,4,1,0.6770032003863301,0.7385489458759963,0.8122908231412682,0.37767700585916086,0.3434269886920797,0.6240192615266298
kor,swh,5.557790153192558,0.17386032070429924,3.605551275463989,1.0,7.745966692414834,0.7692307692307692,2.6457513110645907,0.3603978509331687,4.898979485566356,0.3067801759498193,10.823755967460556,0,4,1,0.7359800721939873,0.7977240352174657,1.0,0.5760246286760073,0.8879372702492846,0.751025588276428
kor,fin,3.8767114327259615,0.08479766537639799,2.0,1.0,5.477225575051661,0.3846153846153846,2.449489742783178,0.28556549168823964,3.872983346207417,0.19992887940600257,6.699224040027178,0,4,1,0.4082482904638631,0.7385489458759963,0.6416883174742132,0.31373470531840875,0.6133638926524593,0.5131777875333849
kor,hun,4.552453019936065,0.11686514269775627,1.4142135623730951,1.0,5.0,0.2999334031013621,2.449489742783178,0.3291796067500631,4.242640687119285,0.22281107362595476,6.7504638088149775,0,4,1,0.2886751345948129,0.7385489458759963,0.5663181055833848,0.40823544649754057,0.7237338876586535,0.4819254093216837
kor,ell,4.544160241360309,0.11642241220498784,2.449489742783178,1.0,6.4031242374328485,0.4684123119508221,2.449489742783178,0.3291796067500631,5.916079783099616,0.4925045130088591,8.70974743341676,0,4,1,0.5,0.7385489458759963,0.7879193285962598,0.836040382003964,0.722379414369874,0.6537461302073393
kor,heb,4.5365695102976105,0.11599101261044387,2.8284271247461903,1.0,6.708203932499369,0.5278078353501143,2.8284271247461903,0.33856217223385243,5.196152422706632,0.38969989659494875,9.064061730194354,0,4,1,0.5773502691896258,0.8528028654224418,0.8361018285770369,0.6519951551881026,0.7211396076666305,0.6874824164894524
kor,ind,3.103925440150002,0.054217077439236316,3.0,1.0,6.244997998398398,0.5470891863421617,2.23606797749979,0.25379749275536356,4.47213595499958,0.262902622910281,6.907543617131582,0,4,1,0.6123724356957946,0.6741998624632421,0.7629457966554452,0.46690457195922563,0.48714347384767986,0.5992437151419058
kor,tgl,1.6106126039188868,0.014609746071867269,2.8284271247461903,1.0,7.14142842854285,0.6293753416694494,2.0,0.2173762078750736,4.242640687119285,0.24971048059141665,6.536980683833215,0,4,1,0.5773502691896258,0.6030226891555273,0.9045227677933807,0.40823544649754057,0.24323820976887037,0.5782625340675204
kor,ces,4.575897263623563,0.11808644573782856,2.6457513110645907,1.0,5.916079783099616,0.4662394873163762,2.449489742783178,0.3291796067500631,5.656854249492381,0.43243243243243246,8.756234520145764,0,4,0,0.5400617248673217,0.7385489458759963,0.7109983804275144,0.7697708876716975,0.727563074891892,0.6906992169100478
kor,swe,4.196226708471229,0.09933535927973058,2.6457513110645907,1.0,5.744562646538029,0.4285232331872557,2.6457513110645907,0.3603978509331687,5.291502622129181,0.30938611672580374,8.01502173353271,0,4,0,0.5400617248673217,0.7977240352174657,0.6839099685708037,0.6763708770249299,0.6655508529578092,0.6829646941803538
kor,nor,4.342183660106896,0.10636856927878702,2.449489742783178,1.0,5.5677643628300215,0.3923563797498,2.449489742783178,0.3291796067500631,5.196152422706632,0.29326083348929255,7.964031284338984,0,4,0,0.5,0.7385489458759963,0.6559874832690368,0.6519951551881026,0.6893902441216081,0.6481035186071022
kor,dan,4.536246091476067,0.1160683331100838,2.6457513110645907,1.0,5.5677643628300215,0.4025470165139492,2.6457513110645907,0.3603978509331687,4.795831523312719,0.27282075165442055,8.142340916296028,0,4,0,0.5400617248673217,0.7977240352174657,0.6559874832690368,0.5496554542940227,0.721086783133711,0.6611496802191593
kor,ron,4.438793543294832,0.11110335877148114,3.0,1.0,6.0,0.44982804439160917,2.23606797749979,0.2928932188134524,5.0990195135927845,0.3418773418841795,8.151521538189959,0,4,0,0.6123724356957946,0.6741998624632421,0.7242522479073147,0.6271636940259873,0.7051696966916721,0.6764451848444936
kor,ukr,4.37964186068183,0.10816872267491429,2.449489742783178,1.0,5.477225575051661,0.37480459589955584,2.449489742783178,0.3291796067500631,5.385164807134504,0.3866121408779353,8.277554504215917,0,4,0,0.5,0.7385489458759963,0.6416883174742132,0.7003150678304635,0.6955083541930416,0.6527975778480634
kor,ben,2.3123918723372308,0.030124339228016828,2.8284271247461903,1.0,4.58257569495584,0.2587506833388987,2.449489742783178,0.3291796067500631,5.0990195135927845,0.31379968604577946,5.747044397615717,0,4,0,0.5773502691896258,0.7385489458759963,0.500392555981073,0.6271636940259873,0.3578609824630434,0.6198884316491517
kor,urd,3.3810707109439333,0.06441119697513564,2.8284271247461903,1.0,4.898979485566356,0.2997811474075026,2.449489742783178,0.3291796067500631,6.244997998398398,0.4183314188145123,8.044551670859033,0,4,0,0.5773502691896258,0.7385489458759963,0.5503635172791851,0.920126403551316,0.5324100709203947,0.6825544847604411
kor,pan,2.839104983676226,0.0454192083581646,2.6457513110645907,1.0,4.898979485566356,0.28388512596056714,2.23606797749979,0.2928932188134524,5.744562646538029,0.3512158132931098,7.30244623595867,0,4,0,0.5400617248673217,0.6741998624632421,0.5503635172791851,0.7921930273429978,0.44388990915407894,0.6316646360909978
kor,tam,3.3174296206582903,0.06197666261302959,3.3166247903554,1.0,4.69041575982343,0.2892275292349138,2.0,0.25,5.0990195135927845,0.3230935157387348,6.730178973832037,0,4,0,0.6770032003863301,0.6030226891555273,0.5174241841340927,0.6271636940259873,0.5220154660152637,0.6275167966362607
kor,tel,3.107855985102954,0.05440058394420133,2.0,1.0,4.358898943540674,0.25273528224292663,2.23606797749979,0.2928932188134524,5.196152422706632,0.3308298439195769,6.12376381244252,0,4,0,0.4082482904638631,0.6741998624632421,0.4650663600885159,0.6519951551881026,0.487785456278597,0.5562262708648179
kor,mar,3.1504942520989396,0.05591039436487899,2.6457513110645907,1.0,4.69041575982343,0.2747733312434848,2.23606797749979,0.2928932188134524,5.0,0.28813150318562575,6.327355794849397,0,4,0,0.5400617248673217,0.6741998624632421,0.5174241841340927,0.6018499334426524,0.49474963519623477,0.5990682916790352
kor,jav,2.6955682020130083,0.040903237668757475,2.449489742783178,1.0,6.48074069840786,0.6301998691831806,1.4142135623730951,0.125,4.0,0.21621621621621623,6.87435058971197,0,4,0,0.5,0.4264014327112209,0.8001776177905671,0.3462057713491359,0.42044580836877554,0.5395890378567278
kor,mya,2.235582639056201,0.02815465510584636,2.8284271247461903,1.0,4.242640687119285,0.23076923076923073,2.8284271247461903,0.33856217223385243,4.69041575982343,0.2566182365476891,5.627342354797003,1,4,0,0.5773502691896258,0.8528028654224418,0.4467052120725283,0.5227065297653551,0.34531560290655167,0.6214185991371348
kor,khm,2.165019044384525,0.026397732834200327,1.7320508075688772,1.0,6.557438524302,0.619941524966954,1.7320508075688772,0.1982162742627268,4.358898943540674,0.23898056585223848,7.251528520640233,0,4,0,0.3535533905932738,0.5222329678670935,0.8122908231412682,0.43795619104683975,0.33379033387037127,0.5314653691235538
kor,amh,4.931910292118399,0.1369940704767154,2.8284271247461903,1.0,4.898979485566356,0.28388512596056714,2.0,0.2173762078750736,5.0,0.33327406617166877,7.249087583457307,0,4,0,0.5773502691896258,0.6030226891555273,0.5503635172791851,0.6018499334426524,0.785711273731248,0.613596510204567
arb,eng,2.699855781526311,0.04110402971931226,3.872983346207417,1.0,5.385164807134504,0.3556139237744075,2.6457513110645907,0.27475933237715777,5.291502622129181,0.26801157789705143,7.564188041064145,0,3,1,0.7905694150420949,0.7977240352174657,0.6271487790515345,0.6763708770249299,0.42114610584702555,0.6845445259733925
arb,spa,2.5441655514817274,0.03648246056658533,4.242640687119285,1.0,4.58257569495584,0.24658942504318226,2.449489742783178,0.23936117074433505,5.477225575051661,0.3480238606380015,7.620052631880112,0,3,1,0.8660254037844386,0.7385489458759963,0.500392555981073,0.7238498657063308,0.39571696216581653,0.6728866967647857
arb,fra,2.492296876973598,0.03502038205795199,4.242640687119285,1.0,4.898979485566356,0.27887473694118503,2.6457513110645907,0.25875068333889883,5.656854249492381,0.31319718025655485,7.807633413741722,0,3,1,0.8660254037844386,0.7977240352174657,0.5503635172791851,0.7697708876716975,0.38724516546898213,0.7041392248197388
arb,deu,2.1054541000112494,0.02499365422731159,3.4641016151377544,1.0,5.5677643628300215,0.356279314179616,2.449489742783178,0.2142857142857143,5.916079783099616,0.35350237148658514,8.131136599345792,0,3,1,0.7071067811865476,0.7385489458759963,0.6559874832690368,0.836040382003964,0.32406149264252093,0.6695758994114913
arb,ita,1.9464956144080185,0.021357606342825575,3.872983346207417,1.0,4.47213595499958,0.2372299286035261,2.0,0.15484574527148343,5.385164807134504,0.3279398267439837,7.360377879941918,0,3,1,0.7905694150420949,0.6030226891555273,0.48295035037260314,0.7003150678304635,0.2980985393564064,0.6044687540184207
arb,por,2.6926227194328947,0.04086825650991388,4.123105625617661,1.0,4.58257569495584,0.25165294814283534,2.23606797749979,0.1982162742627268,5.830951894845301,0.3540264662236098,8.176853430956028,0,3,1,0.8416254115301732,0.6741998624632421,0.500392555981073,0.8142779343403991,0.41996471781017874,0.664256026312646
arb,nld,2.467862818084277,0.034338835305076754,3.872983346207417,1.0,5.744562646538029,0.38785390784758556,2.23606797749979,0.19417703597461977,6.0,0.3524430556704661,8.447070522027587,0,3,1,0.7905694150420949,0.6741998624632421,0.6839099685708037,0.8574940955361688,0.3832543100759768,0.690289613676824
arb,rus,2.200896730677624,0.027312971642035055,3.1622776601683795,1.0,4.69041575982343,0.2556126316812233,2.0,0.15484574527148343,5.5677643628300215,0.36300525518496707,7.256396797982268,0,3,1,0.6454972243679029,0.6030226891555273,0.5174241841340927,0.7469955782448925,0.3396502959208821,0.5769215279588492
arb,pol,2.01885182243792,0.022982429448674013,3.3166247903554,1.0,4.47213595499958,0.23235052642126153,2.0,0.15484574527148343,5.656854249492381,0.35299441503291773,6.955534111779694,0,3,1,0.6770032003863301,0.6030226891555273,0.48295035037260314,0.7697708876716975,0.30991659890768924,0.5814081655754405
arb,cmn,3.772552885669286,0.08020569953896362,3.1622776601683795,1.0,6.164414002968976,0.4723551469889137,3.0,0.33287561500500895,5.916079783099616,0.39013216553895536,8.439118494209378,0,3,1,0.6454972243679029,0.9045340337332909,0.750218832452264,0.836040382003964,0.5963515042837627,0.7250500747489291
arb,jpn,4.611092298010374,0.11980225241592057,3.0,1.0,7.0,0.6177646064217808,2.8284271247461903,0.3238765962171868,5.656854249492381,0.38421039305105753,9.641056050794937,0,3,1,0.6123724356957946,0.8528028654224418,0.8821863902312445,0.7697708876716975,0.733311538273512,0.7254809351750279
arb,kor,4.291565891851259,0.10378391805508747,2.6457513110645907,1.0,6.855654600401044,0.5654759053732592,2.8284271247461903,0.33856217223385243,5.656854249492381,0.36588962039362183,9.507397315499668,0,3,1,0.5400617248673217,0.8528028654224418,0.8593893233471784,0.7697708876716975,0.6811227600191944,0.6966188696369571
arb,hin,1.9742632049692865,0.021956641597499882,3.605551275463989,1.0,5.385164807134504,0.3407657469127845,2.449489742783178,0.22848325018954052,5.0990195135927845,0.24874872468381592,7.315386609624353,0,3,1,0.7359800721939873,0.7385489458759963,0.6271487790515345,0.6271636940259873,0.30263386601024506,0.6400672613419125
arb,tur,1.0091779082910557,0.005740285470714479,3.4641016151377544,1.0,6.0,0.4375166137488037,2.23606797749979,0.19417703597461977,5.744562646538029,0.36074326444276206,8.095572062479208,0,3,1,0.7071067811865476,0.6741998624632421,0.7242522479073147,0.7921930273429978,0.14500488269622921,0.6516116477894989
arb,vie,3.684226328814006,0.07644494177893069,3.0,1.0,5.830951894845301,0.4495181174368197,3.1622776601683795,0.38278660015163235,6.164414002968976,0.39570217808015107,9.465573067423849,0,3,1,0.6123724356957946,0.9534625892455924,0.6975537804082217,0.8995255755616136,0.5819249811519245,0.725613219493619
arb,tha,3.472058585220047,0.0678824430671996,4.0,1.0,5.656854249492381,0.4136980300220713,3.1622776601683795,0.38278660015163235,5.385164807134504,0.31665659302502147,8.142497014435707,0,3,1,0.8164965809277261,0.9534625892455924,0.6700578181087926,0.7003150678304635,0.5472712714437192,0.7497370089582299
arb,swh,2.415976175262541,0.03284690431071846,4.242640687119285,1.0,5.385164807134504,0.3482138580598888,3.0,0.3553416287796958,4.47213595499958,0.2191311905569696,7.527404905287988,1,3,1,0.8660254037844386,0.9045340337332909,0.6271487790515345,0.46690457195922563,0.37477957858465805,0.700145550102078
arb,fin,2.5317982232324097,0.03615994230831676,3.0,1.0,5.196152422706632,0.32407363058062544,2.449489742783178,0.22848325018954052,5.196152422706632,0.3047653380110177,7.32752693779648,0,3,1,0.6123724356957946,0.7385489458759963,0.5972972702283177,0.6519951551881026,0.39369698591608965,0.6052925437974209
arb,hun,1.7846040640248217,0.01795527845185385,2.6457513110645907,1.0,5.656854249492381,0.36363636363636365,2.449489742783178,0.23936117074433505,5.0990195135927845,0.2810781684320065,7.470768259056353,0,3,1,0.5400617248673217,0.7385489458759963,0.6700578181087926,0.6271636940259873,0.27165652373160376,0.5883246978414325
arb,ell,1.4118711538240838,0.011236568550987203,3.3166247903554,1.0,4.47213595499958,0.2166505481993597,2.449489742783178,0.23936117074433505,5.5677643628300215,0.36300525518496707,6.249248550213022,0,3,1,0.6770032003863301,0.7385489458759963,0.48295035037260314,0.7469955782448925,0.21077743886227363,0.6069164753392663
arb,heb,0.5618237470405133,0.001778630171258344,2.23606797749979,0.38278660015163235,4.0,0.1775746847223839,0.0,0.0,5.5677643628300215,0.3686546596548683,3.8756316116295055,1,3,1,0.4564354645876385,0.0,0.40838396325945503,0.7469955782448925,0.07193778503975333,0.3342536580169041
arb,ind,4.477292814146374,0.11278979345173545,3.7416573867739413,1.0,5.477225575051661,0.38704794047762003,2.6457513110645907,0.27475933237715777,4.69041575982343,0.24511013206173216,7.899150954006274,0,3,1,0.7637626158259734,0.7977240352174657,0.6416883174742132,0.5227065297653551,0.711457846499308,0.6708763288367698
arb,tgl,4.490913347578241,0.11356811377481713,3.605551275463989,1.0,4.898979485566356,0.27887473694118503,2.8284271247461903,0.3238765962171868,4.898979485566356,0.27558206737555724,7.297487856879842,0,3,1,0.7359800721939873,0.8528028654224418,0.5503635172791851,0.5760246286760073,0.7136825108315173,0.6661552613126205
arb,ces,2.053647112579456,0.02378008730620007,3.4641016151377544,1.0,5.291502622129181,0.3467254200815122,2.0,0.15484574527148343,5.477225575051661,0.34240405077857083,7.701095695322431,0,3,0,0.7071067811865476,0.6030226891555273,0.6123563221945337,0.7238498657063308,0.3155997713982502,0.659716439509615
arb,swe,2.407757533179564,0.03269824815745059,3.4641016151377544,1.0,5.291502622129181,0.3396934161399,2.23606797749979,0.19417703597461977,6.324555320336759,0.39987996398799586,8.303480412181393,0,3,0,0.7071067811865476,0.6741998624632421,0.6123563221945337,0.9404647684566524,0.37343721413229264,0.7128948403857941
arb,nor,2.582074721563177,0.037605234092751405,3.3166247903554,1.0,5.0990195135927845,0.30873962279694556,2.8284271247461903,0.3238765962171868,6.244997998398398,0.3858676398934964,8.274463343705198,0,3,0,0.6770032003863301,0.8528028654224418,0.581956667535994,0.920126403551316,0.4019087298352491,0.7408074070031683
arb,dan,2.4109119960048995,0.03277914524747472,3.4641016151377544,1.0,5.291502622129181,0.3396934161399,2.23606797749979,0.19417703597461977,5.744562646538029,0.34704276559974134,8.118261771994238,0,3,0,0.7071067811865476,0.6741998624632421,0.6123563221945337,0.7921930273429978,0.37395243778119797,0.6906798404011911
arb,ron,1.6063255575723099,0.014547130827070709,3.7416573867739413,1.0,4.358898943540674,0.22304534457578173,2.23606797749979,0.1982162742627268,4.898979485566356,0.267985582605316,6.1499691973468265,0,3,0,0.7637626158259734,0.6741998624632421,0.4650663600885159,0.5760246286760073,0.24253799937362663,0.6392226166513882
arb,ukr,1.682726195436753,0.015964814202806266,3.3166247903554,1.0,4.795831523312719,0.2701335055105828,2.0,0.15484574527148343,5.0,0.28159084927805156,6.7665305963697575,0,3,0,0.6770032003863301,0.6030226891555273,0.5340729323281959,0.6018499334426524,0.2550166423625579,0.6136995410049458
arb,ben,2.7075125646667697,0.04129106740169364,3.605551275463989,1.0,6.324555320336759,0.46497157902087927,2.449489742783178,0.23936117074433505,5.830951894845301,0.36112343500006006,8.565448702694814,0,3,0,0.7359800721939873,0.7385489458759963,0.775510614061369,0.8142779343403991,0.4223967009457599,0.753794906137817
arb,urd,1.4018325801918081,0.011070436100051873,3.605551275463989,1.0,5.5677643628300215,0.364309827380185,2.0,0.15484574527148343,6.082762530298219,0.3584669721282152,7.918561771789109,0,3,0,0.7359800721939873,0.6030226891555273,0.6559874832690368,0.8786518532469964,0.20913782196931613,0.6950018596864006
arb,pan,1.8522711315778686,0.019328827419896943,3.4641016151377544,1.0,5.385164807134504,0.32580013753675796,2.23606797749979,0.1982162742627268,6.082762530298219,0.3584669721282152,8.053201419265374,0,3,0,0.7071067811865476,0.6741998624632421,0.6271487790515345,0.8786518532469964,0.28270869818596583,0.7020449686784295
arb,tam,2.4425153890071734,0.03359066810905176,4.0,1.0,6.4031242374328485,0.5043184029033904,2.449489742783178,0.2440710539815456,6.164414002968976,0.4117912287170963,9.398473791693299,0,3,0,0.8164965809277261,0.7385489458759963,0.7879193285962598,0.8995255755616136,0.37911427241422796,0.7910546264215222
arb,tel,2.253538721366632,0.02859771449573323,3.0,1.0,6.324555320336759,0.49748109237039395,2.6457513110645907,0.28730335490020165,6.082762530298219,0.39697731084447274,8.935950268287058,0,3,0,0.6123724356957946,0.7977240352174657,0.775510614061369,0.8786518532469964,0.3482483996330567,0.7374550602940809
arb,mar,2.101549127568313,0.02487332020846844,3.4641016151377544,1.0,6.557438524302,0.5055743101845884,2.23606797749979,0.1982162742627268,5.916079783099616,0.3607907733972,8.67866795657585,0,3,0,0.7071067811865476,0.6741998624632421,0.8122908231412682,0.836040382003964,0.3234236870121089,0.7347174062512286
arb,jav,4.345255725439033,0.10627047661021405,3.3166247903554,1.0,5.916079783099616,0.4777670321329065,3.1622776601683795,0.43305329048615915,5.477225575051661,0.34240405077857083,9.009470699045458,0,3,0,0.6770032003863301,0.9534625892455924,0.7109983804275144,0.7238498657063308,0.6898920096511896,0.7767383638513092
arb,mya,2.9778852371414195,0.049946558386018025,3.605551275463989,1.0,7.280109889280518,0.6378965878110494,3.1622776601683795,0.3571428571428571,5.0990195135927845,0.2706750425105272,9.273929902221118,0,3,0,0.7359800721939873,0.9534625892455924,0.926425305351214,0.6271636940259873,0.46655711829411567,0.8118471400584409
arb,khm,3.741378827003469,0.07881881819856507,2.8284271247461903,1.0,6.0,0.4770422115649787,3.3166247903554,0.4949237277238946,6.4031242374328485,0.4489166072782431,9.622854511015374,0,3,0,0.5773502691896258,1.0,0.7242522479073147,0.9605504534342771,0.5912597935404971,0.7917010880305173
arb,amh,1.1280062999490623,0.007164840753470125,2.6457513110645907,0.5370899501137243,5.916079783099616,0.39322012378308213,2.0,0.15484574527148343,5.0,0.28159084927805156,5.983885830988649,0,3,0,0.5400617248673217,0.6030226891555273,0.7109983804275144,0.6018499334426524,0.16441332113204585,0.6034720219075814
hin,eng,3.973718784858659,0.08903014650012098,3.7416573867739413,0.8740118423302576,5.477225575051661,0.3838046008442838,2.23606797749979,0.2166505481993597,5.656854249492381,0.2909090909090909,8.197674338592337,0,8,1,0.7637626158259734,0.6741998624632421,0.6416883174742132,0.7697708876716975,0.629208264484973,0.6729424602334485
hin,spa,4.094502185635935,0.09447868444316843,4.123105625617661,0.8908910548820038,5.0990195135927845,0.31707317073170727,2.0,0.1784161637422509,6.324555320336759,0.43019711770181024,8.97507350112876,0,8,1,0.8416254115301732,0.6030226891555273,0.581956667535994,0.9404647684566524,0.6489360178050811,0.6931511454138846
hin,fra,3.901707522017804,0.08581633596480198,4.123105625617661,0.8908910548820038,5.385164807134504,0.3493503648389622,2.23606797749979,0.19935923097456432,5.477225575051661,0.2776539080877798,8.31823630644406,0,8,1,0.8416254115301732,0.6741998624632421,0.6271487790515345,0.7238498657063308,0.6174465454039426,0.6859171520113161
hin,deu,3.5085963127757487,0.06939774120419595,3.3166247903554,0.8456966500379081,5.291502622129181,0.33314428847864264,2.449489742783178,0.22848325018954052,5.744562646538029,0.31350693574317356,8.233032005712285,0,8,1,0.6770032003863301,0.7385489458759963,0.6123563221945337,0.7921930273429978,0.5532390391291594,0.6567003670817124
hin,ita,3.5062440356602487,0.06928981288436342,3.7416573867739413,0.8740118423302576,5.385164807134504,0.3579757621777667,1.4142135623730951,0.0871290708247231,5.916079783099616,0.3656559730732797,8.402836092892207,0,8,1,0.7637626158259734,0.4264014327112209,0.6271487790515345,0.836040382003964,0.5528548378036752,0.6142076979266825
hin,por,4.195193092436674,0.0991921691506793,4.0,0.886039423540362,5.0990195135927845,0.3247889635715203,1.7320508075688772,0.1339745962155614,5.656854249492381,0.31160489955742254,8.661409419204688,0,8,1,0.8164965809277261,0.5222329678670935,0.581956667535994,0.7697708876716975,0.6653820307353335,0.6406332844398113
hin,nld,3.7764371717724208,0.08039840766948192,3.7416573867739413,0.8740118423302576,5.477225575051661,0.36585365853658536,1.7320508075688772,0.1296117202215108,5.656854249492381,0.2961756027521957,8.212392192268018,0,8,1,0.7637626158259734,0.5222329678670935,0.6416883174742132,0.7697708876716975,0.5969859311799607,0.6333396199191607
hin,rus,1.9355889678012992,0.02112173790998051,3.0,0.8110177634953863,5.0,0.30115409556777417,1.4142135623730951,0.0871290708247231,5.5677643628300215,0.32937892940882363,7.118629059376473,0,8,1,0.6123724356957946,0.4264014327112209,0.5663181055833848,0.7469955782448925,0.29631713866374243,0.5304409036731416
hin,pol,3.295299970122799,0.0612235318410953,3.1622776601683795,0.8309691490542968,4.795831523312719,0.2770559609321802,1.4142135623730951,0.0871290708247231,6.324555320336759,0.4103629588002742,7.400217140149612,0,8,1,0.6454972243679029,0.4264014327112209,0.5340729323281959,0.9404647684566524,0.5184009934634484,0.5740538768954855
hin,cmn,2.3689332312964324,0.031621114932464445,3.3166247903554,1.0,4.795831523312719,0.29721807150127266,2.23606797749979,0.19935923097456432,6.082762530298219,0.38171792256872983,6.919796509271323,0,8,1,0.6770032003863301,0.6741998624632421,0.5340729323281959,0.8786518532469964,0.3670959764667944,0.6286180890077379
hin,jpn,3.2524848075571797,0.05959717453071012,3.1622776601683795,1.0,5.291502622129181,0.36644358718185444,2.8284271247461903,0.36099034957730625,6.0,0.3945506503793965,8.00593510795309,0,8,1,0.6454972243679029,0.8528028654224418,0.6123563221945337,0.8574940955361688,0.5114079218988186,0.6835156585302543
hin,kor,2.9116883338113255,0.047766761220970344,2.8284271247461903,1.0,4.47213595499958,0.2497655150794671,2.8284271247461903,0.3876275643042054,6.164414002968976,0.4014760169960119,7.6124240527157525,0,8,1,0.5773502691896258,0.8528028654224418,0.48295035037260314,0.8995255755616136,0.45574506820240457,0.6407119569313812
hin,arb,1.9742632049692865,0.021956641597499882,3.605551275463989,1.0,5.385164807134504,0.3407657469127845,2.449489742783178,0.22848325018954052,5.0990195135927845,0.24874872468381592,7.315386609624353,0,8,1,0.7359800721939873,0.7385489458759963,0.6271487790515345,0.6271636940259873,0.30263386601024506,0.6400672613419125
hin,tur,2.596577213681754,0.03799649919575654,3.605551275463989,1.0,5.196152422706632,0.34129703048041804,1.7320508075688772,0.1296117202215108,5.916079783099616,0.35500595660322876,7.5919736919613605,0,8,1,0.7359800721939873,0.5222329678670935,0.5972972702283177,0.836040382003964,0.4042774459435963,0.6164316472684076
hin,vie,1.8866398163634666,0.020043424054129844,3.1622776601683795,1.0,6.4031242374328485,0.5723005386158493,2.8284271247461903,0.33333333333333337,6.48074069840786,0.40994705676350507,8.87052081607291,0,8,1,0.6454972243679029,0.8528028654224418,0.7879193285962598,0.9803926485648982,0.2883221925156799,0.725908756295752
hin,tha,1.6514723120728412,0.01535545300238661,4.123105625617661,1.0,6.557438524302,0.5858817772193254,2.449489742783178,0.25,5.744562646538029,0.3341996971388168,8.303915624054774,0,8,1,0.8416254115301732,0.7385489458759963,0.8122908231412682,0.7921930273429978,0.24991189371886283,0.7309075733436976
hin,swh,3.266100383825892,0.06002210782366768,4.358898943540674,1.0,6.48074069840786,0.5248514928836625,2.6457513110645907,0.3036893761772086,5.830951894845301,0.347187561528875,9.527389452356834,0,8,1,0.8897565210026094,0.7977240352174657,0.8001776177905671,0.8142779343403991,0.5136317765693422,0.7742167676427896
hin,fin,3.3067523400816046,0.061675632965531135,3.1622776601683795,1.0,4.69041575982343,0.2747733312434848,2.0,0.16666666666666663,5.5677643628300215,0.32190810914729895,7.478895955668503,0,8,1,0.6454972243679029,0.6030226891555273,0.5174241841340927,0.7469955782448925,0.5202715280569771,0.585952589565654
hin,hun,3.22229463574889,0.058530189336056804,2.8284271247461903,1.0,5.0,0.2936775859779833,2.0,0.1784161637422509,5.656854249492381,0.32142420004905137,7.3876653990752885,0,8,1,0.5773502691896258,0.6030226891555273,0.5663181055833848,0.7697708876716975,0.5064769110290066,0.5780138528646515
hin,ell,2.9780010768311955,0.04998442643419709,3.1622776601683795,0.8309691490542968,5.196152422706632,0.30120603313273997,2.0,0.1784161637422509,5.916079783099616,0.3756286584151116,7.38483322582269,0,8,1,0.6454972243679029,0.6030226891555273,0.5972972702283177,0.836040382003964,0.4665760385829126,0.6125991528746565
hin,heb,2.4538488219993084,0.03392514071648012,3.7416573867739413,1.0,5.385164807134504,0.33222961636516923,2.449489742783178,0.22848325018954052,5.744562646538029,0.3564127522592252,7.713561834379406,0,8,1,0.7637626158259734,0.7385489458759963,0.6271487790515345,0.7921930273429978,0.3809653808355838,0.6770730001703268
hin,ind,2.9474201297081213,0.04887176340121391,3.872983346207417,1.0,5.916079783099616,0.4754502511444789,2.23606797749979,0.2166505481993597,5.477225575051661,0.3090663726599513,8.163633957493253,0,8,1,0.7905694150420949,0.6741998624632421,0.7109983804275144,0.7238498657063308,0.4615812017323445,0.6795770061565086
hin,tgl,2.823982920446062,0.04490027003782937,3.7416573867739413,1.0,6.082762530298219,0.44574290338133815,2.449489742783178,0.26970325665977857,5.656854249492381,0.33902865653409986,7.784977133153033,0,8,1,0.7637626158259734,0.7385489458759963,0.7373232771465221,0.7697708876716975,0.44141999746773836,0.698767309670237
hin,ces,3.4128155992718985,0.06566415333169329,3.3166247903554,0.8456966500379081,5.196152422706632,0.34927599213080807,1.4142135623730951,0.0871290708247231,5.291502622129181,0.29063824236564373,7.766726503890135,0,8,0,0.6770032003863301,0.4264014327112209,0.5972972702283177,0.6763708770249299,0.5375950162198179,0.6074961547040983
hin,swe,3.421652121157286,0.0660255106102352,3.3166247903554,0.8456966500379081,5.385164807134504,0.3666317600773251,1.7320508075688772,0.1296117202215108,6.324555320336759,0.3769146975592772,8.286474339689644,0,8,0,0.6770032003863301,0.5222329678670935,0.6271487790515345,0.9404647684566524,0.5390383000058416,0.6771105881617693
hin,nor,3.6329179678829795,0.07443249674804953,3.1622776601683795,0.8309691490542968,5.196152422706632,0.333282522261527,2.449489742783178,0.26970325665977857,5.5677643628300215,0.28944028759357254,8.232345430807445,0,8,0,0.6454972243679029,0.7385489458759963,0.5972972702283177,0.7469955782448925,0.573544701401623,0.6884724296318485
hin,dan,3.628773962560255,0.07424980696344463,3.3166247903554,0.8456966500379081,5.196152422706632,0.34129703048041804,1.7320508075688772,0.1296117202215108,5.744562646538029,0.32404364338558744,8.1994944573713,0,8,0,0.6770032003863301,0.5222329678670935,0.5972972702283177,0.7921930273429978,0.5728678541342185,0.6505910029364965
hin,ron,3.033281026762234,0.05186538909775096,3.605551275463989,0.8663693790437879,5.0990195135927845,0.31707317073170727,1.7320508075688772,0.1339745962155614,5.477225575051661,0.3090663726599513,7.527112023921841,0,8,0,0.7359800721939873,0.5222329678670935,0.581956667535994,0.7238498657063308,0.47560500455646065,0.650101327215941
hin,ukr,3.043500927391189,0.05221871062969974,3.1622776601683795,0.8309691490542968,4.69041575982343,0.2682926829268293,1.4142135623730951,0.0871290708247231,5.5677643628300215,0.32190810914729895,6.966628228548555,0,8,0,0.6454972243679029,0.4264014327112209,0.5174241841340927,0.7469955782448925,0.4772742378887446,0.5896474109461658
hin,ben,0.8018058204714459,0.0036206894458524763,2.8284271247461903,0.5714285714285714,3.872983346207417,0.18066342238980415,1.4142135623730951,0.0871290708247231,4.898979485566356,0.23617126040299885,3.706986236236,1,8,0,0.5773502691896258,0.4264014327112209,0.3883236969818679,0.5760246286760073,0.11113445540527404,0.4994305954027314
hin,urd,0.6129143750408218,0.002115972687781631,0.0,0.0,2.0,0.04878048780487809,1.4142135623730951,0.0871290708247231,4.795831523312719,0.2109759683261082,1.378457544170747,1,8,0,0.0,0.4264014327112209,0.09251567861159542,0.5496554542940227,0.08028250210909678,0.26156593714968257
hin,pan,0.350575387258913,0.0006923002650495169,2.6457513110645907,0.5370899501137243,3.1622776601683795,0.1153216253585343,1.7320508075688772,0.1339745962155614,5.0,0.2293253644115476,2.5480542134370223,1,8,0,0.5400617248673217,0.5222329678670935,0.27607900401255236,0.6018499334426524,0.03743423981557481,0.489941762236657
hin,tam,0.9836976577603246,0.005447515841636719,4.123105625617661,1.0,4.242640687119285,0.22975575105535484,2.0,0.18350341907227385,5.477225575051661,0.3008612970202348,6.861855800436749,1,8,0,0.8416254115301732,0.6030226891555273,0.4467052120725283,0.7238498657063308,0.14084315108600792,0.6582039755726895
hin,tel,0.589958584274432,0.0019596134143358146,3.1622776601683795,1.0,4.123105625617661,0.2191311905569696,1.7320508075688772,0.1339745962155614,4.795831523312719,0.22754015322734544,6.032648674081327,1,8,0,0.6454972243679029,0.5222329678670935,0.42782654465663106,0.5496554542940227,0.07653309470217641,0.5460476910876828
hin,mar,0.4798284921757401,0.0012964536519980419,2.6457513110645907,0.5370899501137243,3.7416573867739413,0.1707317073170732,1.7320508075688772,0.1339745962155614,5.385164807134504,0.27988847665059124,4.648945624524835,1,8,0,0.5400617248673217,0.5222329678670935,0.36758284421387466,0.7003150678304635,0.0585453639704506,0.5240678566428368
hin,jav,2.71537616980705,0.041493311979712066,3.4641016151377544,1.0,6.324555320336759,0.5792208371551982,2.8284271247461903,0.3876275643042054,6.0,0.3793084620699383,8.805682547765102,0,8,0,0.7071067811865476,0.8528028654224418,0.775510614061369,0.8574940955361688,0.42368107662499954,0.7802430416855238
hin,mya,1.0892677093813297,0.00668184642481251,3.7416573867739413,1.0,6.164414002968976,0.4748358605556269,2.449489742783178,0.22848325018954052,5.656854249492381,0.31160489955742254,8.086080411993144,0,8,0,0.7637626158259734,0.7385489458759963,0.750218832452264,0.7697708876716975,0.15808608283795178,0.7371797249998961
hin,khm,1.9565851768473275,0.021552667801047254,3.0,1.0,6.557438524302,0.6008138360414592,3.0,0.454455274410019,5.916079783099616,0.35500595660322876,9.009039658824115,0,8,0,0.6123724356957946,0.9045340337332909,0.8122908231412682,0.836040382003964,0.29974648433584566,0.7626967852877017
hin,amh,2.482880807569984,0.03470887357399377,3.7416573867739413,1.0,4.69041575982343,0.25500768451244993,2.0,0.1784161637422509,5.744562646538029,0.3437820411102893,7.022763410559538,1,8,0,0.7637626158259734,0.6030226891555273,0.5174241841340927,0.7921930273429978,0.38570722322489803,0.671483609126187
tur,eng,1.7631121363538103,0.01753685309773001,3.872983346207417,1.0,6.082762530298219,0.4932882902904683,2.0,0.18181818181818177,5.744562646538029,0.3341996971388168,8.239473960904235,0,12,1,0.7905694150420949,0.6030226891555273,0.7373232771465221,0.7921930273429978,0.26814621151370926,0.6676274169079498
tur,spa,1.7235761726659078,0.016751059874741236,4.242640687119285,1.0,5.744562646538029,0.41730121927113906,1.7320508075688772,0.14188366967896693,5.744562646538029,0.42619541594696886,8.329080087630741,1,12,1,0.8660254037844386,0.5222329678670935,0.6839099685708037,0.7921930273429978,0.2616887369444519,0.659061247764938
tur,fra,1.5709275974041623,0.013919465116957186,4.242640687119285,1.0,6.0,0.4493112082460652,2.0,0.16375798999290925,5.744562646538029,0.342948949731089,8.053406058484198,1,12,1,0.8660254037844386,0.6030226891555273,0.7242522479073147,0.7921930273429978,0.23675639178733318,0.6860805166964927
tur,deu,1.1427765733665736,0.007366305315793742,3.4641016151377544,1.0,5.744562646538029,0.40627516480564785,1.7320508075688772,0.11359473957208166,4.898979485566356,0.25805917319762584,6.596343389291732,0,12,1,0.7071067811865476,0.5222329678670935,0.6839099685708037,0.5760246286760073,0.16682577440440005,0.5742172530585196
tur,ita,1.0407650780912947,0.006108584937779105,3.872983346207417,1.0,5.830951894845301,0.43571190635316526,1.0,0.04653741075440765,5.291502622129181,0.3491859733817134,7.316221628823405,1,12,1,0.7905694150420949,0.30151134457776363,0.6975537804082217,0.6763708770249299,0.15016406756674427,0.5610232516707904
tur,por,1.8541906479620154,0.019387960440204077,4.123105625617661,1.0,5.5677643628300215,0.4025470165139492,1.4142135623730951,0.09546596626670911,5.196152422706632,0.30226883826016726,7.824518490089419,1,12,1,0.8416254115301732,0.4264014327112209,0.6559874832690368,0.6519951551881026,0.28302221598292027,0.602235862368026
tur,nld,1.517439555532165,0.012988384660495456,3.872983346207417,1.0,5.916079783099616,0.442635948868046,0.0,0.0,5.196152422706632,0.27936336422119445,6.653757263404642,0,12,1,0.7905694150420949,0.0,0.7109983804275144,0.6519951551881026,0.2280201011312011,0.4885707789329068
tur,rus,1.9869050799596142,0.02226971755223428,3.1622776601683795,1.0,5.830951894845301,0.42427989952997724,1.0,0.04653741075440765,5.0990195135927845,0.33842984496879613,7.132145355530629,1,12,1,0.6454972243679029,0.30151134457776363,0.6975537804082217,0.6271636940259873,0.3046986844348621,0.5178472478620973
tur,pol,1.0445885693845258,0.0061555228931539085,3.3166247903554,1.0,5.830951894845301,0.42427989952997724,1.0,0.04653741075440765,5.5677643628300215,0.37344849947455616,7.006350217042167,1,12,1,0.6770032003863301,0.30151134457776363,0.6975537804082217,0.7469955782448925,0.15078856474573607,0.537578317316005
tur,cmn,3.8684969799830413,0.08437352210470728,3.1622776601683795,1.0,5.656854249492381,0.43222502604233115,2.0,0.16375798999290925,6.164414002968976,0.4632549598783068,8.37740415156265,0,12,1,0.6454972243679029,0.6030226891555273,0.6700578181087926,0.8995255755616136,0.6120222124519585,0.6439463501778513
tur,jpn,4.667541364351526,0.12280625355800856,3.0,1.0,4.358898943540674,0.25964852890543966,2.6457513110645907,0.3325761875280854,5.0,0.3348712054315681,7.192583889696811,0,12,1,0.6123724356957946,0.7977240352174657,0.4650663600885159,0.6018499334426524,0.7425314579707737,0.6035600744457446
tur,kor,4.359520681239763,0.10714277626171675,2.6457513110645907,1.0,5.0,0.32461836649402953,2.6457513110645907,0.3603978509331687,5.5677643628300215,0.3911844526817908,7.459627783132191,0,12,1,0.5400617248673217,0.7977240352174657,0.5663181055833848,0.7469955782448925,0.6922219285584902,0.6213735805458983
tur,arb,1.0091779082910557,0.005740285470714479,3.4641016151377544,1.0,6.0,0.4375166137488037,2.23606797749979,0.19417703597461977,5.744562646538029,0.36074326444276206,8.095572062479208,0,12,1,0.7071067811865476,0.6741998624632421,0.7242522479073147,0.7921930273429978,0.14500488269622921,0.6516116477894989
tur,hin,2.596577213681754,0.03799649919575654,3.605551275463989,1.0,5.196152422706632,0.34129703048041804,1.7320508075688772,0.1296117202215108,5.916079783099616,0.35500595660322876,7.5919736919613605,0,12,1,0.7359800721939873,0.5222329678670935,0.5972972702283177,0.836040382003964,0.4042774459435963,0.6164316472684076
tur,vie,4.133487274485266,0.0962665193548129,3.0,1.0,6.782329983125268,0.6742081172324992,2.6457513110645907,0.3036893761772086,5.196152422706632,0.30226883826016726,8.920576650790485,0,12,1,0.6123724356957946,0.7977240352174657,0.8478088628064984,0.6519951551881026,0.6553035170726359,0.6832689612062517
tur,tha,4.017310419260994,0.09091589347755624,4.0,1.0,6.6332495807108,0.6271994324603372,2.6457513110645907,0.3036893761772086,5.477225575051661,0.3571428571428571,8.96260276170003,0,12,1,0.8164965809277261,0.7977240352174657,0.8242639773138629,0.7238498657063308,0.6363281584834487,0.7496266663255787
tur,swh,3.12267404206738,0.05489695957270446,4.242640687119285,1.0,6.557438524302,0.5584043165537885,2.449489742783178,0.2727272727272727,5.0,0.30115409556777417,8.768804510465047,0,12,1,0.8660254037844386,0.7385489458759963,0.8122908231412682,0.6018499334426524,0.4902057141169779,0.721690797954831
tur,fin,1.6860545967245477,0.016043523506876323,3.0,1.0,4.795831523312719,0.2986421498207229,1.0,0.0425728922436619,4.69041575982343,0.2740920472334496,5.221596551912312,0,12,1,0.6123724356957946,0.30151134457776363,0.5340729323281959,0.5227065297653551,0.2555602756692324,0.45708814656708335
tur,hun,0.8031496800693052,0.0036382303909329172,2.6457513110645907,1.0,4.242640687119285,0.21741441912877035,1.0,0.04653741075440765,5.0,0.2940687919974825,4.171139860153345,1,12,1,0.5400617248673217,0.30151134457776363,0.4467052120725283,0.6018499334426524,0.11135395022387347,0.4225825835467346
tur,ell,0.4405818489931802,0.0010946799802614704,3.3166247903554,1.0,5.830951894845301,0.3912192224718989,1.7320508075688772,0.14188366967896693,5.291502622129181,0.3648926511700442,6.972419203380905,1,12,1,0.6770032003863301,0.5222329678670935,0.6975537804082217,0.6763708770249299,0.05213514459953268,0.5772323469480328
tur,heb,0.6048473801417045,0.0020623374242589865,3.605551275463989,1.0,5.830951894845301,0.4020439084563252,2.23606797749979,0.19417703597461977,4.898979485566356,0.31806909301252373,6.685751115212291,0,12,1,0.7359800721939873,0.6741998624632421,0.6975537804082217,0.5760246286760073,0.07896490644296865,0.6192066829792007
tur,ind,5.078273844041941,0.14516328124951916,3.7416573867739413,1.0,6.48074069840786,0.5985224657265169,2.0,0.18181818181818177,5.0,0.3081673044496388,8.999214668173668,0,12,1,0.7637626158259734,0.6030226891555273,0.8001776177905671,0.6018499334426524,0.8096170755949232,0.6706783243909313
tur,tgl,4.856954728887712,0.13289271387371637,3.605551275463989,1.0,6.6332495807108,0.5494364431104171,2.23606797749979,0.2372299286035261,5.0,0.3218673097555086,8.846104717405955,0,12,1,0.7359800721939873,0.6741998624632421,0.8242639773138629,0.6018499334426524,0.7734686571807216,0.6831477056122133
tur,ces,1.0797587179858479,0.006576631371038699,3.4641016151377544,1.0,4.898979485566356,0.32407741195515605,1.0,0.04653741075440765,4.58257569495584,0.2643478803238306,5.329583230823345,1,12,0,0.7071067811865476,0.30151134457776363,0.5503635172791851,0.4951378467421696,0.15653296349070794,0.529679899142103
tur,swe,1.4850755975308922,0.012444660404391295,3.4641016151377544,1.0,6.0,0.4736842105263158,0.0,0.0,5.385164807134504,0.3085826948776913,7.298190796742478,0,12,0,0.7071067811865476,0.0,0.7242522479073147,0.7003150678304635,0.2227340421545312,0.5231664462197233
tur,nor,1.6483881784821988,0.015332639590988295,3.3166247903554,1.0,5.830951894845301,0.43571190635316526,1.7320508075688772,0.14188366967896693,5.656854249492381,0.336661236608085,7.703815249845943,0,12,0,0.6770032003863301,0.5222329678670935,0.6975537804082217,0.7697708876716975,0.24940815706058936,0.6511059991681009
tur,dan,1.4526738799986485,0.01190581220890119,3.4641016151377544,1.0,5.656854249492381,0.42105263157894735,0.0,0.0,4.47213595499958,0.22647321617140692,6.700236238217685,0,12,0,0.7071067811865476,0.0,0.6700578181087926,0.46690457195922563,0.2174418158509961,0.4770513745641564
tur,ron,0.6132505634272065,0.0021211595304522213,3.7416573867739413,1.0,5.5677643628300215,0.3919664896742321,1.4142135623730951,0.09546596626670911,5.0,0.3081673044496388,6.49511000887878,1,12,0,0.7637626158259734,0.4264014327112209,0.6559874832690368,0.6018499334426524,0.08033741231623619,0.6112210002116143
tur,ukr,0.6957643732046257,0.0027305351563117197,3.3166247903554,1.0,5.5677643628300215,0.3919664896742321,1.0,0.04653741075440765,4.898979485566356,0.29912335594953754,6.5977180684113925,1,12,0,0.6770032003863301,0.30151134457776363,0.6559874832690368,0.5760246286760073,0.09381452982009679,0.5507707137065533
tur,ben,3.2287941653044676,0.0587464309345348,3.605551275463989,1.0,4.898979485566356,0.29912335594953754,1.7320508075688772,0.14188366967896693,5.916079783099616,0.40194318190329303,7.641268979944398,0,12,0,0.7359800721939873,0.5222329678670935,0.5503635172791851,0.836040382003964,0.5075384899789619,0.6622079488803494
tur,urd,2.128544241377314,0.025534216826835432,3.605551275463989,1.0,5.385164807134504,0.3666317600773251,1.0,0.04653741075440765,6.164414002968976,0.39105723792957836,7.879393829680531,0,12,0,0.7359800721939873,0.30151134457776363,0.6271487790515345,0.8995255755616136,0.3278328437558756,0.6229220921349798
tur,pan,2.375644311431893,0.0318086068456247,3.4641016151377544,1.0,4.795831523312719,0.2745237498899883,1.4142135623730951,0.09546596626670911,6.0,0.37005921165128797,6.980972114350845,0,12,0,0.7071067811865476,0.4264014327112209,0.5340729323281959,0.8574940955361688,0.3681921083240848,0.6225806987460384
tur,tam,3.2272682756168045,0.05866776350149738,4.0,1.0,4.58257569495584,0.27993599146540227,1.7320508075688772,0.14719713457755834,6.244997998398398,0.4587860738647366,7.637224020419863,0,12,0,0.8164965809277261,0.5222329678670935,0.500392555981073,0.920126403551316,0.5072892638836691,0.6889691511681867
tur,tel,2.986251764910386,0.05023879827658406,3.0,1.0,4.242640687119285,0.24296670138977483,2.0,0.19596974779263032,6.0,0.41844736850095576,7.023614617088932,0,12,0,0.6123724356957946,0.6030226891555273,0.4467052120725283,0.8574940955361688,0.4679236371610282,0.6258287416006025
tur,mar,2.838152841343268,0.045384893420465366,3.4641016151377544,1.0,5.196152422706632,0.34129703048041804,1.4142135623730951,0.09546596626670911,6.164414002968976,0.4209339758564139,7.776608991236849,0,12,0,0.7071067811865476,0.4264014327112209,0.5972972702283177,0.8995255755616136,0.4437343941665115,0.6453074026220007
tur,jav,4.906604990039294,0.1355594737066823,3.3166247903554,1.0,6.4031242374328485,0.6253656753673223,2.6457513110645907,0.3603978509331687,5.5677643628300215,0.3911844526817908,9.281777302294623,0,12,0,0.6770032003863301,0.7977240352174657,0.7879193285962598,0.7469955782448925,0.7815781167420028,0.7612440772133515
tur,mya,3.509533967848205,0.06940236269580002,3.605551275463989,1.0,5.5677643628300215,0.4025470165139492,2.6457513110645907,0.27475933237715777,5.385164807134504,0.32477629509048445,8.357262194274487,0,12,0,0.7359800721939873,0.7977240352174657,0.6559874832690368,0.7003150678304635,0.5533921878884237,0.7341393966853608
tur,khm,4.26739051627136,0.10258339385286153,2.8284271247461903,1.0,6.928203230275509,0.7038255611204538,2.8284271247461903,0.43019711770181024,5.656854249492381,0.38095238095238093,9.132945404411686,0,12,0,0.5773502691896258,0.8528028654224418,0.8708472289831782,0.7697708876716975,0.6771741558004685,0.759899583849912
tur,amh,1.9132886482345526,0.02062196973624042,3.605551275463989,1.0,4.58257569495584,0.25034120821965455,1.7320508075688772,0.14188366967896693,5.291502622129181,0.3491859733817134,4.732729676859973,0,12,0,0.7359800721939873,0.5222329678670935,0.500392555981073,0.6763708770249299,0.29267479045578304,0.6175201458977129
vie,eng,5.1150978235257645,0.14748624374747477,3.4641016151377544,1.0,4.795831523312719,0.33966975229356944,2.23606797749979,0.2166505481993597,5.0990195135927845,0.252599605233773,8.133068167109782,0,6,1,0.7071067811865476,0.6741998624632421,0.5340729323281959,0.6271636940259873,0.8156315972828924,0.6223527204054566
vie,spa,5.365964011814676,0.16222864775283452,3.872983346207417,1.0,5.385164807134504,0.40122075406218893,2.449489742783178,0.26970325665977857,5.656854249492381,0.3836079090980775,9.330952844170927,0,6,1,0.7905694150420949,0.7385489458759963,0.6271487790515345,0.7697708876716975,0.8566059881931581,0.7055337493523469
vie,fra,5.1283580325933835,0.14822377619533555,3.872983346207417,1.0,5.291502622129181,0.38022021319908783,3.0,0.3594873847796515,5.656854249492381,0.31877268525426805,9.0828338503382,0,6,1,0.7905694150420949,0.9045340337332909,0.6123563221945337,0.7697708876716975,0.8177974092386381,0.7421311009975445
vie,deu,4.801670198643834,0.12994635568429447,3.0,1.0,5.5677643628300215,0.41531165129081027,2.8284271247461903,0.30563492517058644,5.196152422706632,0.27800512761884466,8.526492333707688,0,6,1,0.6123724356957946,0.8528028654224418,0.6559874832690368,0.6519951551881026,0.7644389430970753,0.6641311641512253
vie,ita,4.870733805820468,0.1336824910575486,3.4641016151377544,1.0,5.0990195135927845,0.3649147038914117,2.449489742783178,0.26970325665977857,5.0,0.2901272135795484,8.309645442557308,0,6,1,0.7071067811865476,0.7385489458759963,0.581956667535994,0.6018499334426524,0.7757192166860749,0.6422240551828637
vie,por,5.426087729980195,0.1659004419960587,3.7416573867739413,1.0,5.0,0.35682411917484536,2.23606797749979,0.23019964108049895,4.898979485566356,0.25531914893617025,8.744721428543068,0,6,1,0.7637626158259734,0.6741998624632421,0.5663181055833848,0.5760246286760073,0.8664260948719246,0.6406673705252769
vie,nld,4.973006621992823,0.1393868261712513,3.4641016151377544,1.0,5.385164807134504,0.40122075406218893,2.6457513110645907,0.3036893761772086,5.0990195135927845,0.2586643927767035,8.189731826429187,0,6,1,0.7071067811865476,0.7977240352174657,0.6271487790515345,0.6271636940259873,0.7924236054995796,0.6706885333495146
vie,rus,2.8782126245350637,0.046693087664073984,2.6457513110645907,1.0,5.291502622129181,0.38022021319908783,2.449489742783178,0.26970325665977857,5.916079783099616,0.42464028773460105,7.936591464665744,0,6,1,0.5400617248673217,0.7385489458759963,0.6123563221945337,0.836040382003964,0.45027742504475315,0.6170469469209346
vie,pol,4.57233805865192,0.1178437227946213,2.8284271247461903,1.0,5.477225575051661,0.4083920216900384,2.449489742783178,0.26970325665977857,5.656854249492381,0.36215203539787955,8.571838937108513,0,6,1,0.5773502691896258,0.7385489458759963,0.6416883174742132,0.7697708876716975,0.7269817440364563,0.6379947010733069
vie,cmn,1.5473862037907558,0.013488512775673422,2.6457513110645907,1.0,4.898979485566356,0.36099034957730614,2.23606797749979,0.19935923097456432,6.244997998398398,0.446481275182669,7.127824327893794,0,6,1,0.5400617248673217,0.6741998624632421,0.5503635172791851,0.920126403551316,0.23291133689545085,0.5903057139093141
vie,jpn,1.9941853922356867,0.022398804322348198,2.449489742783178,1.0,6.557438524302,0.6605326300833978,2.8284271247461903,0.36099034957730625,4.898979485566356,0.2926506019659678,7.338729322856344,0,6,1,0.5,0.8528028654224418,0.8122908231412682,0.5760246286760073,0.3058877899224659,0.6273569647813886
vie,kor,1.7774713660771388,0.017796659093472278,2.0,1.0,6.4031242374328485,0.5907062576567197,2.449489742783178,0.28556549168823964,4.898979485566356,0.2805982934332475,7.295478472186214,0,6,1,0.4082482904638631,0.7385489458759963,0.7879193285962598,0.5760246286760073,0.2704915283372598,0.5646238600456741
vie,arb,3.684226328814006,0.07644494177893069,3.0,1.0,5.830951894845301,0.4495181174368197,3.1622776601683795,0.38278660015163235,6.164414002968976,0.39570217808015107,9.465573067423849,0,6,1,0.6123724356957946,0.9534625892455924,0.6975537804082217,0.8995255755616136,0.5819249811519245,0.725613219493619
vie,hin,1.8866398163634666,0.020043424054129844,3.1622776601683795,1.0,6.4031242374328485,0.5723005386158493,2.8284271247461903,0.33333333333333337,6.48074069840786,0.40994705676350507,8.87052081607291,0,6,1,0.6454972243679029,0.8528028654224418,0.7879193285962598,0.9803926485648982,0.2883221925156799,0.725908756295752
vie,tur,4.133487274485266,0.0962665193548129,3.0,1.0,6.782329983125268,0.6742081172324992,2.6457513110645907,0.3036893761772086,5.196152422706632,0.30226883826016726,8.920576650790485,0,6,1,0.6123724356957946,0.7977240352174657,0.8478088628064984,0.6519951551881026,0.6553035170726359,0.6832689612062517
vie,tha,0.48762032237615893,0.00133838754632154,3.605551275463989,1.0,2.449489742783178,0.0963038858849361,2.0,0.16666666666666663,5.0,0.2797613814298501,3.187030738076331,1,6,1,0.7359800721939873,0.6030226891555273,0.16350545562146043,0.6018499334426524,0.05981801652963363,0.49751917591424966
vie,swh,4.505087025245474,0.11417252647226772,3.872983346207417,1.0,5.5677643628300215,0.44452992110554823,2.23606797749979,0.2166505481993597,5.291502622129181,0.31659146649772807,8.969418265212312,0,6,1,0.7905694150420949,0.6741998624632421,0.6559874832690368,0.6763708770249299,0.7159975211297743,0.6741737943924746
vie,fin,4.321134244047031,0.10529502875410168,2.449489742783178,1.0,5.5677643628300215,0.44452992110554823,2.449489742783178,0.25,5.5677643628300215,0.36111449222159364,8.497393238002406,0,6,1,0.5,0.7385489458759963,0.6559874832690368,0.7469955782448925,0.6859522080596242,0.6121816802625215
vie,hun,4.5846417205435195,0.11845714339512503,2.0,1.0,5.477225575051661,0.3944699291805016,2.449489742783178,0.26970325665977857,5.291502622129181,0.31042971738479996,8.35412465218132,0,6,1,0.4082482904638631,0.7385489458759963,0.6416883174742132,0.6763708770249299,0.7289913215543063,0.5733545847344554
vie,ell,4.4356422959269945,0.11086614681766005,2.8284271247461903,1.0,5.830951894845301,0.42024909563579715,2.449489742783178,0.26970325665977857,5.916079783099616,0.42464028773460105,8.514749866395034,0,6,1,0.5773502691896258,0.7385489458759963,0.6975537804082217,0.836040382003964,0.7046549982287768,0.6579918805195647
vie,heb,4.088438954338827,0.09415460310909418,3.1622776601683795,1.0,5.291502622129181,0.3539417175302014,3.1622776601683795,0.38278660015163235,5.196152422706632,0.3295761899317843,7.922400137906711,0,6,1,0.6454972243679029,0.9534625892455924,0.6123563221945337,0.6519951551881026,0.6479457001738307,0.6846826373475826
vie,ind,1.7278056998557956,0.016790309535278825,3.3166247903554,1.0,2.449489742783178,0.0963038858849361,1.7320508075688772,0.1296117202215108,5.291502622129181,0.32264433799277503,4.110224068036273,1,6,1,0.6770032003863301,0.5222329678670935,0.16350545562146043,0.6763708770249299,0.2623795526403657,0.4809349023927223
vie,tgl,1.0121577720489294,0.005766623001415172,3.1622776601683795,1.0,4.898979485566356,0.3238765962171868,2.0,0.1784161637422509,4.898979485566356,0.2849851745537699,4.7827662413921175,1,6,1,0.6454972243679029,0.6030226891555273,0.5503635172791851,0.5760246286760073,0.14549158878965396,0.5481558167959736
vie,ces,4.703911052614812,0.12471594904761274,3.0,1.0,6.164414002968976,0.5739935663848708,2.449489742783178,0.26970325665977857,5.291502622129181,0.32855840720436436,8.913798051397984,0,6,0,0.6123724356957946,0.7385489458759963,0.750218832452264,0.6763708770249299,0.7484717795196791,0.7072719541979138
vie,swe,4.539231073142882,0.11617328790342485,3.0,1.0,5.291502622129181,0.4076511222409077,2.6457513110645907,0.3036893761772086,5.830951894845301,0.34639410383546654,8.487094170068637,0,6,0,0.6123724356957946,0.7977240352174657,0.6123563221945337,0.8142779343403991,0.7215743251436976,0.7138344103602562
vie,nor,4.7208519272188125,0.12565899197354624,2.8284271247461903,1.0,5.477225575051661,0.42264973081037427,2.449489742783178,0.26970325665977857,6.557438524302,0.4336206241560856,9.390377401230062,0,6,0,0.5773502691896258,0.7385489458759963,0.6416883174742132,1.0,0.7512387606864943,0.7237419187550542
vie,dan,4.807054786710507,0.13026711650167244,3.0,1.0,5.656854249492381,0.46688601001681695,2.6457513110645907,0.3036893761772086,5.196152422706632,0.29028155052808857,8.815232055219314,0,6,0,0.6123724356957946,0.7977240352174657,0.6700578181087926,0.6519951551881026,0.7653184168031154,0.7032194972532345
vie,ron,4.428687765048602,0.11053598503782236,3.3166247903554,1.0,5.385164807134504,0.40122075406218893,2.23606797749979,0.23019964108049895,5.477225575051661,0.3460014297861276,8.150479625859322,0,6,0,0.6770032003863301,0.6741998624632421,0.6271487790515345,0.7238498657063308,0.7035191031575742,0.6908341165558449
vie,ukr,4.410658907134484,0.10964468248372994,2.8284271247461903,1.0,5.385164807134504,0.40122075406218893,2.449489742783178,0.26970325665977857,5.196152422706632,0.31378963979356345,8.240737209378661,0,6,0,0.5773502691896258,0.7385489458759963,0.6271487790515345,0.6519951551881026,0.7005744198709289,0.6661000673079557
vie,ben,1.1169412902732663,0.0070244778151178355,3.1622776601683795,1.0,6.782329983125268,0.6337664896176428,2.8284271247461903,0.36099034957730625,5.477225575051661,0.3259276578447764,8.209641117016524,0,6,0,0.6454972243679029,0.8528028654224418,0.8478088628064984,0.7238498657063308,0.16260605473646525,0.7431194388200538
vie,urd,2.4578279346370615,0.03401837944992825,3.1622776601683795,1.0,6.4031242374328485,0.5723005386158493,2.449489742783178,0.26970325665977857,5.916079783099616,0.344959532407045,8.564992922867965,0,6,0,0.6454972243679029,0.7385489458759963,0.7879193285962598,0.836040382003964,0.38161529590707005,0.7303570915945701
vie,pan,2.025199900380013,0.023097752292168816,3.0,1.0,6.557438524302,0.5645351568385462,2.6457513110645907,0.3264246859454366,5.385164807134504,0.2854103989895036,8.092195158005477,0,6,0,0.6123724356957946,0.7977240352174657,0.8122908231412682,0.7003150678304635,0.31095344101424127,0.7161958363666401
vie,tam,1.872185126739517,0.01972794764256358,3.605551275463989,1.0,7.14142842854285,0.7598799099249344,2.449489742783178,0.28556549168823964,6.164414002968976,0.42165073070983217,9.476625112367673,0,6,0,0.7359800721939873,0.7385489458759963,0.9045227677933807,0.8995255755616136,0.28596128406812077,0.7855627122235196
vie,tel,1.7877037375034563,0.017990056609477834,2.449489742783178,1.0,7.0710678118654755,0.7565677522199261,2.6457513110645907,0.3264246859454366,6.4031242374328485,0.45025062858307197,9.238989352920601,0,6,0,0.5,0.7977240352174657,0.8934104241450567,0.9605504534342771,0.27216279854557546,0.7358038015757982
vie,mar,1.8996398265963752,0.02031593883645222,3.0,1.0,7.0,0.6863537283182894,2.6457513110645907,0.3264246859454366,5.916079783099616,0.3683860592001108,8.950966485906847,0,6,0,0.6123724356957946,0.7977240352174657,0.8821863902312445,0.836040382003964,0.2904455057638854,0.7495083501481427
vie,jav,1.3021849789113336,0.009540230476373202,2.8284271247461903,1.0,3.0,0.1567259572884322,2.0,0.18350341907227385,4.898979485566356,0.2805982934332475,3.1187089202049423,1,6,0,0.5773502691896258,0.6030226891555273,0.2504498209355252,0.5760246286760073,0.19286221386132255,0.5200975222273418
vie,mya,0.8297084499138542,0.0038759592767404483,3.1622776601683795,1.0,6.708203932499369,0.6491767922771883,2.0,0.1513315752084945,4.898979485566356,0.25531914893617025,7.582539559421367,0,6,0,0.6454972243679029,0.6030226891555273,0.8361018285770369,0.5760246286760073,0.11569183818370112,0.6538134915252463
vie,khm,0.4440842177137618,0.001110013846738922,1.7320508075688772,0.5917517095361369,1.4142135623730951,0.033333333333333326,2.23606797749979,0.23623738417402662,4.123105625617661,0.18973155410858134,1.4910858319671352,1,6,0,0.3535533905932738,0.6741998624632421,0.0,0.37767700585916086,0.05270719229574802,0.3839028932874542
vie,amh,4.067088800931123,0.09311024328779771,3.1622776601683795,1.0,6.708203932499369,0.5917517095361371,2.8284271247461903,0.36099034957730625,5.5677643628300215,0.36111449222159364,8.792557341370856,0,6,0,0.6454972243679029,0.8528028654224418,0.8361018285770369,0.7469955782448925,0.6444585441816733,0.7683425133272064
tha,eng,5.11544099416769,0.1474812746300368,4.358898943540674,1.0,5.0,0.36063798690899396,2.23606797749979,0.2166505481993597,5.0,0.2509746592811689,7.414289167780783,0,6,1,0.8897565210026094,0.6741998624632421,0.5663181055833848,0.6018499334426524,0.8156876479134181,0.679802415445339
tha,spa,5.300531646703766,0.15826986993791547,4.69041575982343,1.0,5.385164807134504,0.39262660658834403,2.8284271247461903,0.36099034957730625,5.0,0.3218673097555086,8.441414187699054,0,6,1,0.9574271077563382,0.8528028654224418,0.6271487790515345,0.6018499334426524,0.8459188113977344,0.7584320350791034
tha,fra,5.097009697879581,0.14639265334330653,4.69041575982343,1.0,5.291502622129181,0.3726235655715219,3.0,0.3594873847796515,4.795831523312719,0.2369729738812647,8.352767271747686,0,6,1,0.9574271077563382,0.9045340337332909,0.6123563221945337,0.5496554542940227,0.812677233699199,0.7589150850281943
tha,deu,4.760776457481882,0.12772092933032586,4.0,1.0,5.744562646538029,0.4338779406819483,2.8284271247461903,0.30563492517058644,5.291502622129181,0.3017027512448244,8.50728357186065,0,6,1,0.8164965809277261,0.8528028654224418,0.6839099685708037,0.6763708770249299,0.7577597004793999,0.7342753009257985
tha,ita,4.796021862336424,0.1295911113448417,4.358898943540674,1.0,5.0990195135927845,0.3571304564688105,2.449489742783178,0.26970325665977857,4.47213595499958,0.24906073851736166,7.9099691018256015,0,6,1,0.8897565210026094,0.7385489458759963,0.581956667535994,0.46690457195922563,0.7635163909531174,0.6761670316185204
tha,por,5.374559489316835,0.16273725373686476,4.58257569495584,1.0,5.0,0.3489407053668575,2.23606797749979,0.23019964108049895,4.358898943540674,0.21223901093889852,8.317253119855563,0,6,1,0.9354143466934854,0.6741998624632421,0.5663181055833848,0.43795619104683975,0.8580099017999939,0.6710318144875588
tha,nld,4.960319345698769,0.13865324709395022,4.358898943540674,1.0,5.5677643628300215,0.42023448810705566,2.6457513110645907,0.3036893761772086,5.196152422706632,0.27936336422119445,8.297749003432978,0,6,1,0.8897565210026094,0.7977240352174657,0.6559874832690368,0.6519951551881026,0.7903513716046697,0.7348723036174054
tha,rus,2.953542077948943,0.049160850220288044,3.7416573867739413,1.0,5.291502622129181,0.3726235655715219,2.449489742783178,0.26970325665977857,5.0990195135927845,0.33842984496879613,7.383947366573367,0,6,1,0.7637626158259734,0.7385489458759963,0.6123563221945337,0.6271636940259873,0.4625811096994674,0.6534408952445693
tha,pol,4.546758347723375,0.1165092591800847,3.872983346207417,1.0,5.477225575051661,0.39990080185102095,2.449489742783178,0.26970325665977857,5.0,0.30115409556777417,7.76233848970961,0,6,1,0.7905694150420949,0.7385489458759963,0.6416883174742132,0.6018499334426524,0.72280376739438,0.676563402862587
tha,cmn,1.9411845456618175,0.02122403628680314,3.7416573867739413,1.0,5.0990195135927845,0.3812815664617709,2.23606797749979,0.19935923097456432,5.477225575051661,0.36566495258345344,5.569602130677313,0,6,1,0.7637626158259734,0.6741998624632421,0.581956667535994,0.7238498657063308,0.2972310736830032,0.6375091174109012
tha,jpn,2.4472121803513684,0.03372595928758326,3.605551275463989,1.0,6.557438524302,0.641431417199682,2.8284271247461903,0.36099034957730625,3.872983346207417,0.19630270656314475,6.76022176170115,0,6,1,0.7359800721939873,0.8528028654224418,0.8122908231412682,0.31373470531840875,0.37988140714001,0.6625071787968221
tha,kor,2.2240195764064,0.027857230141266953,3.3166247903554,1.0,6.557438524302,0.6037030380493915,2.449489742783178,0.28556549168823964,4.123105625617661,0.21361325138064646,6.211453841281158,0,6,1,0.6770032003863301,0.7385489458759963,0.8122908231412682,0.37767700585916086,0.3434269886920797,0.6240192615266298
tha,arb,3.472058585220047,0.0678824430671996,4.0,1.0,5.656854249492381,0.4136980300220713,3.1622776601683795,0.38278660015163235,5.385164807134504,0.31665659302502147,8.142497014435707,0,6,1,0.8164965809277261,0.9534625892455924,0.6700578181087926,0.7003150678304635,0.5472712714437192,0.7497370089582299
tha,hin,1.6514723120728412,0.01535545300238661,4.123105625617661,1.0,6.557438524302,0.5858817772193254,2.449489742783178,0.25,5.744562646538029,0.3341996971388168,8.303915624054774,0,6,1,0.8416254115301732,0.7385489458759963,0.8122908231412682,0.7921930273429978,0.24991189371886283,0.7309075733436976
tha,tur,4.017310419260994,0.09091589347755624,4.0,1.0,6.6332495807108,0.6271994324603372,2.6457513110645907,0.3036893761772086,5.477225575051661,0.3571428571428571,8.96260276170003,0,6,1,0.8164965809277261,0.7977240352174657,0.8242639773138629,0.7238498657063308,0.6363281584834487,0.7496266663255787
tha,vie,0.48762032237615893,0.00133838754632154,3.605551275463989,1.0,2.449489742783178,0.0963038858849361,2.0,0.16666666666666663,5.0,0.2797613814298501,3.187030738076331,1,6,1,0.7359800721939873,0.6030226891555273,0.16350545562146043,0.6018499334426524,0.05981801652963363,0.49751917591424966
tha,swh,4.1495986121539525,0.09684907842722335,4.69041575982343,1.0,5.385164807134504,0.4055545570740873,2.23606797749979,0.2166505481993597,4.58257569495584,0.25295782629658614,7.505983754689906,0,6,1,0.9574271077563382,0.6741998624632421,0.6271487790515345,0.4951378467421696,0.657935008594976,0.6883752811940932
tha,fin,4.383225310250347,0.10832449995323401,3.605551275463989,1.0,5.5677643628300215,0.4338614829277022,2.449489742783178,0.25,4.0,0.19899812108518578,7.609835060624669,0,6,1,0.7359800721939873,0.7385489458759963,0.6559874832690368,0.3462057713491359,0.6960936449587246,0.6233643027313093
tha,hun,4.52599379171395,0.11542645357019754,3.3166247903554,1.0,5.656854249492381,0.4136980300220713,2.449489742783178,0.26970325665977857,4.58257569495584,0.24700671146398134,7.684971543144196,0,6,1,0.6770032003863301,0.7385489458759963,0.6700578181087926,0.4951378467421696,0.7194122579972331,0.6319910501178437
tha,ell,4.342407258280514,0.10623657061632541,3.872983346207417,1.0,5.830951894845301,0.41314308245819686,2.449489742783178,0.26970325665977857,5.0990195135927845,0.33842984496879613,7.735959286312726,0,6,1,0.7905694150420949,0.7385489458759963,0.6975537804082217,0.6271636940259873,0.6894267647824239,0.6898647094062911
tha,heb,3.909122982011931,0.0860621847952665,4.123105625617661,1.0,4.898979485566356,0.29626385255737264,3.1622776601683795,0.38278660015163235,5.291502622129181,0.3726235655715219,7.679846220739049,0,6,1,0.8416254115301732,0.9534625892455924,0.5503635172791851,0.6763708770249299,0.6186577247926487,0.733314492019659
tha,ind,1.5611390893602233,0.013705086878758821,4.242640687119285,1.0,3.4641016151377544,0.1875,1.7320508075688772,0.1296117202215108,4.123105625617661,0.20933406222815865,1.9039682763364358,1,6,1,0.8660254037844386,0.5222329678670935,0.32374731147345703,0.37767700585916086,0.23515761852196695,0.5235247572017688
tha,tgl,1.3709056021844774,0.010577156731491288,4.123105625617661,1.0,5.291502622129181,0.3726235655715219,1.4142135623730951,0.0871290708247231,3.605551275463989,0.1653751504683183,2.741360207721834,1,6,1,0.8416254115301732,0.4264014327112209,0.6123563221945337,0.24536725767627113,0.20408646732009508,0.5285686580932094
tha,ces,4.668113869917195,0.12280432319757584,4.0,1.0,6.164414002968976,0.5580582617584078,2.449489742783178,0.26970325665977857,5.385164807134504,0.3658171382101988,8.735873009957706,0,6,0,0.8164965809277261,0.7385489458759963,0.750218832452264,0.7003150678304635,0.7426249662550349,0.7718084857250911
tha,swe,4.566967579218522,0.11757754599572989,4.0,1.0,5.291502622129181,0.39778369858977547,2.6457513110645907,0.3036893761772086,5.196152422706632,0.2869759040926192,8.002704480448179,0,6,0,0.8164965809277261,0.7977240352174657,0.6123563221945337,0.6519951551881026,0.7261045747169059,0.7509557495356517
tha,nor,4.752637930176194,0.1273354047129981,3.872983346207417,1.0,5.477225575051661,0.41303215590630526,2.0,0.1784161637422509,5.477225575051661,0.31526321198253937,8.408941931862293,0,6,0,0.7905694150420949,0.6030226891555273,0.6416883174742132,0.7238498657063308,0.7564304213065802,0.7126631612176315
tha,dan,4.807229741071301,0.13025469228648223,4.0,1.0,5.656854249492381,0.45513763205741586,2.6457513110645907,0.3036893761772086,4.69041575982343,0.24922400393107136,8.37256089180673,0,6,0,0.8164965809277261,0.7977240352174657,0.6700578181087926,0.5227065297653551,0.7653469923892456,0.7450648757887084
tha,ron,4.363289481208648,0.1072774732571391,4.242640687119285,1.0,5.196152422706632,0.3650187250696324,2.23606797749979,0.23019964108049895,4.123105625617661,0.20933406222815865,7.368808050543416,0,6,0,0.8660254037844386,0.6741998624632421,0.5972972702283177,0.37767700585916086,0.6928374929127022,0.6891104663213149
tha,ukr,4.357336518997756,0.10699160746689484,3.872983346207417,1.0,5.385164807134504,0.39262660658834403,2.449489742783178,0.26970325665977857,4.47213595499958,0.24906073851736166,7.845329216102076,0,6,0,0.7905694150420949,0.7385489458759963,0.6271487790515345,0.46690457195922563,0.6918651857143235,0.7018667618715345
tha,ben,0.948384241624279,0.00506344886162069,4.123105625617661,1.0,6.6332495807108,0.5908414558075143,2.0,0.1784161637422509,4.58257569495584,0.2409278847234103,7.224026186636203,0,6,0,0.8416254115301732,0.6030226891555273,0.8242639773138629,0.4951378467421696,0.13507535221680028,0.6991205358328718
tha,urd,2.207553675624179,0.027438473056611512,4.123105625617661,1.0,6.4031242374328485,0.5582738957006139,2.449489742783178,0.26970325665977857,5.656854249492381,0.3280631590947072,8.222332218242821,0,6,0,0.8416254115301732,0.7385489458759963,0.7879193285962598,0.7697708876716975,0.34073758578791724,0.7772112380874536
tha,pan,1.8604609948212043,0.019489519814909873,4.0,1.0,6.557438524302,0.5520106648094796,2.23606797749979,0.23019964108049895,5.291502622129181,0.2860671065381264,7.526721521524895,0,6,0,0.8164965809277261,0.6741998624632421,0.8122908231412682,0.6763708770249299,0.2840463621426868,0.7416150541832559
tha,tam,1.451042933198093,0.01184876745086516,4.47213595499958,1.0,7.280109889280518,0.7675047225123615,2.0,0.18350341907227385,4.795831523312719,0.2705377517307319,8.029245384730158,0,6,0,0.912870929175277,0.6030226891555273,0.926425305351214,0.5496554542940227,0.21717543060308517,0.7532091017859653
tha,tel,1.4286422954344054,0.01148725721985766,3.605551275463989,1.0,7.211102550927978,0.7642977396044841,1.7320508075688772,0.1339745962155614,4.898979485566356,0.27887473694118503,7.89560541906761,0,6,0,0.7359800721939873,0.5222329678670935,0.9155266905544484,0.5760246286760073,0.21351669725751551,0.6815371309001362
tha,mar,1.562258692088167,0.013738129080840267,4.0,1.0,7.14142842854285,0.696313303294172,2.23606797749979,0.23019964108049895,4.0,0.17594450410335816,7.681391240855288,0,6,0,0.8164965809277261,0.6741998624632421,0.9045227677933807,0.3462057713491359,0.23534048509379102,0.7081013834098645
tha,jav,1.2036093416176654,0.00814921278221481,3.872983346207417,1.0,3.0,0.1494827282002854,2.0,0.18350341907227385,3.872983346207417,0.18824593690905445,1.5623415320988263,1,6,0,0.7905694150420949,0.6030226891555273,0.2504498209355252,0.31373470531840875,0.1767616914104943,0.5439147513569014
tha,mya,0.6215037638420099,0.0021743921819886713,4.123105625617661,1.0,6.4031242374328485,0.5753961121957767,1.4142135623730951,0.07417990022744858,4.123105625617661,0.18973155410858134,6.475033300201884,0,6,0,0.8416254115301732,0.4264014327112209,0.7879193285962598,0.37767700585916086,0.0816854212382973,0.6274076692968982
tha,khm,0.32183150904739294,0.0005828949187617338,3.4641016151377544,1.0,2.0,0.06402902466654092,2.6457513110645907,0.3453463292920228,4.898979485566356,0.2857142857142857,3.148634351694472,1,6,0,0.7071067811865476,0.7977240352174657,0.09251567861159542,0.5760246286760073,0.03273945447941976,0.568106845908022
tha,amh,3.7658369185297653,0.0798143495174013,4.123105625617661,1.0,6.708203932499369,0.5783629786442162,2.449489742783178,0.26970325665977857,4.242640687119285,0.22402942980127372,7.797902708151638,0,6,0,0.8416254115301732,0.7385489458759963,0.8361018285770369,0.40823544649754057,0.5952545742239879,0.7453432713292891
swh,eng,4.3122656845766585,0.10473930653594188,4.58257569495584,1.0,6.324555320336759,0.5261516861566092,1.4142135623730951,0.09090909090909094,4.898979485566356,0.24189523274320968,8.682246830923546,0,3,1,0.9354143466934854,0.4264014327112209,0.775510614061369,0.5760246286760073,0.6845036915216701,0.6629556638756091
swh,spa,3.8182272303996667,0.08207508558438115,4.898979485566356,1.0,5.830951894845301,0.42482022822759136,2.23606797749979,0.2372299286035261,3.7416573867739413,0.1816563001098953,8.690792907416863,0,3,1,1.0,0.6741998624632421,0.6975537804082217,0.28016199045791074,0.6038115708169121,0.6802755988069871
swh,fra,4.041253272551988,0.09197044120216213,4.898979485566356,1.0,5.744562646538029,0.40700054667111907,2.8284271247461903,0.33100639199432735,4.898979485566356,0.24917593975474783,8.883072746247576,0,3,1,1.0,0.8528028654224418,0.6839099685708037,0.5760246286760073,0.6402387844507971,0.7683983435937122
swh,deu,3.85543947216218,0.08371076993647686,4.242640687119285,1.0,6.48074069840786,0.5116137094944957,2.6457513110645907,0.27475933237715777,5.385164807134504,0.31532453833595153,9.494743336349748,0,3,1,0.8660254037844386,0.7977240352174657,0.8001776177905671,0.7003150678304635,0.6098895080272807,0.7548158890737451
swh,ita,3.576605662862337,0.07202479381958915,4.58257569495584,1.0,5.916079783099616,0.4429933481039833,2.23606797749979,0.2372299286035261,4.123105625617661,0.21462338249588309,8.287042680437207,0,3,1,0.9354143466934854,0.6741998624632421,0.7109983804275144,0.37767700585916086,0.5643471191578308,0.6762428525461246
swh,por,3.970989855255391,0.08878245654080641,4.795831523312719,1.0,5.830951894845301,0.4358974358974359,2.0,0.19596974779263032,4.242640687119285,0.20269004424734938,8.750175472512035,0,3,1,0.9789450103725609,0.6030226891555273,0.6975537804082217,0.40823544649754057,0.6287625438835099,0.6766233756511011
swh,nld,4.149442546210353,0.09696575073505742,4.58257569495584,1.0,6.48074069840786,0.5248514928836625,2.449489742783178,0.2727272727272727,5.0990195135927845,0.27062805576175497,9.337707508095926,0,3,1,0.9354143466934854,0.7385489458759963,0.8001776177905671,0.6271636940259873,0.6579095180853762,0.752267094043325
swh,rus,4.271998170928274,0.10278476242571333,4.0,1.0,6.082762530298219,0.45641716778185915,2.23606797749979,0.2372299286035261,4.358898943540674,0.25005978239218785,8.70359487819167,0,3,1,0.8164965809277261,0.6741998624632421,0.7373232771465221,0.43795619104683975,0.6779267316831717,0.6605533605646173
swh,pol,3.922794802532281,0.08667123218990658,4.123105625617661,1.0,6.082762530298219,0.45641716778185915,2.23606797749979,0.2372299286035261,4.0,0.19512195121951215,7.981569920463694,0,3,1,0.8416254115301732,0.6741998624632421,0.7373232771465221,0.3462057713491359,0.6208907659301441,0.6514776485030446
swh,cmn,5.169957010627027,0.15045463112168178,4.0,1.0,7.0,0.6530556667556445,2.8284271247461903,0.33100639199432735,5.196152422706632,0.333282522261527,10.426824257882009,0,3,1,0.8164965809277261,0.8528028654224418,0.8821863902312445,0.6519951551881026,0.824591839365089,0.773615833926647
swh,jpn,5.78652663047429,0.18844792370516927,3.872983346207417,1.0,7.211102550927978,0.7022674209215782,3.0,0.42792244645264466,4.47213595499958,0.27070947251082134,10.655259679086267,0,3,1,0.7905694150420949,0.9045340337332909,0.9155266905544484,0.46690457195922563,0.9252971787307939,0.7627102157872645
swh,kor,5.557790153192558,0.17386032070429924,3.605551275463989,1.0,7.745966692414834,0.7692307692307692,2.6457513110645907,0.3603978509331687,4.898979485566356,0.3067801759498193,10.823755967460556,0,3,1,0.7359800721939873,0.7977240352174657,1.0,0.5760246286760073,0.8879372702492846,0.751025588276428
swh,arb,2.415976175262541,0.03284690431071846,4.242640687119285,1.0,5.385164807134504,0.3482138580598888,3.0,0.3553416287796958,4.47213595499958,0.2191311905569696,7.527404905287988,1,3,1,0.8660254037844386,0.9045340337332909,0.6271487790515345,0.46690457195922563,0.37477957858465805,0.700145550102078
swh,hin,3.266100383825892,0.06002210782366768,4.358898943540674,1.0,6.48074069840786,0.5248514928836625,2.6457513110645907,0.3036893761772086,5.830951894845301,0.347187561528875,9.527389452356834,0,3,1,0.8897565210026094,0.7977240352174657,0.8001776177905671,0.8142779343403991,0.5136317765693422,0.7742167676427896
swh,tur,3.12267404206738,0.05489695957270446,4.242640687119285,1.0,6.557438524302,0.5584043165537885,2.449489742783178,0.2727272727272727,5.0,0.30115409556777417,8.768804510465047,0,3,1,0.8660254037844386,0.7385489458759963,0.8122908231412682,0.6018499334426524,0.4902057141169779,0.721690797954831
swh,vie,4.505087025245474,0.11417252647226772,3.872983346207417,1.0,5.5677643628300215,0.44452992110554823,2.23606797749979,0.2166505481993597,5.291502622129181,0.31659146649772807,8.969418265212312,0,3,1,0.7905694150420949,0.6741998624632421,0.6559874832690368,0.6763708770249299,0.7159975211297743,0.6741737943924746
swh,tha,4.1495986121539525,0.09684907842722335,4.69041575982343,1.0,5.385164807134504,0.4055545570740873,2.23606797749979,0.2166505481993597,4.58257569495584,0.25295782629658614,7.505983754689906,0,3,1,0.9574271077563382,0.6741998624632421,0.6271487790515345,0.4951378467421696,0.657935008594976,0.6883752811940932
swh,fin,4.524787756817158,0.11536248914150238,3.872983346207417,1.0,6.164414002968976,0.4871794871794872,2.23606797749979,0.2166505481993597,3.872983346207417,0.18928865289897612,8.421806899736152,0,3,1,0.7905694150420949,0.6741998624632421,0.750218832452264,0.31373470531840875,0.7192152743158146,0.6387855261324438
swh,hun,3.651770809620635,0.07509502553954028,3.605551275463989,1.0,6.557438524302,0.5171954504147325,2.23606797749979,0.2372299286035261,4.0,0.19024663600978042,7.849493758497797,0,3,1,0.7359800721939873,0.6741998624632421,0.8122908231412682,0.3462057713491359,0.5766239673337797,0.6325642159713198
swh,ell,3.3334656988260214,0.06256494129591728,4.123105625617661,1.0,6.082762530298219,0.4221872955987197,1.7320508075688772,0.14188366967896693,4.123105625617661,0.22327620319190877,7.603346693010505,0,3,1,0.8416254115301732,0.5222329678670935,0.7373232771465221,0.37767700585916086,0.5246346652784002,0.6133938049979238
swh,heb,2.5847872866426096,0.03760349391911444,4.358898943540674,1.0,5.196152422706632,0.31532136125766586,3.0,0.3553416287796958,5.385164807134504,0.39262660658834403,8.602948358081598,1,3,1,0.8897565210026094,0.9045340337332909,0.5972972702283177,0.7003150678304635,0.40235177759187307,0.7376847678339322
swh,ind,4.40920418559597,0.10926030455044533,4.47213595499958,1.0,5.5677643628300215,0.4338614829277022,1.4142135623730951,0.09090909090909094,2.8284271247461903,0.09971861809536042,6.629486754091334,0,3,1,0.912870929175277,0.4264014327112209,0.6559874832690368,0.04670000532338385,0.7003368177875584,0.5536809752720813
swh,tgl,5.153190072138375,0.14936168952012718,4.358898943540674,1.0,5.744562646538029,0.40700054667111907,1.7320508075688772,0.14188366967896693,3.7416573867739413,0.1816563001098953,7.496806769598534,0,3,1,0.8897565210026094,0.5222329678670935,0.6839099685708037,0.28016199045791074,0.8218532674726854,0.6173841539240378
swh,ces,3.872684799567967,0.08446602169776474,4.242640687119285,1.0,5.5677643628300215,0.4128634360480138,2.23606797749979,0.2372299286035261,4.47213595499958,0.25543055935350967,8.172622532069472,0,3,0,0.8660254037844386,0.6741998624632421,0.6559874832690368,0.46690457195922563,0.6127062159755294,0.7102260799976098
swh,swe,4.336010604810778,0.10591983617476908,4.242640687119285,1.0,6.557438524302,0.5584043165537885,2.449489742783178,0.2727272727272727,5.477225575051661,0.3220702738969221,9.717589406962839,0,3,0,0.8660254037844386,0.7385489458759963,0.8122908231412682,0.7238498657063308,0.6883819887543184,0.79989960152625
swh,nor,4.4279436643087084,0.1104617563209308,4.123105625617661,1.0,6.557438524302,0.54426728481235,2.6457513110645907,0.3325761875280854,5.744562646538029,0.3502778772636851,9.980021826868725,0,3,0,0.8416254115301732,0.7977240352174657,0.8122908231412682,0.7921930273429978,0.7033975679487005,0.8183756293905567
swh,dan,4.201117636047669,0.09941704847474864,4.242640687119285,1.0,6.557438524302,0.5584043165537885,2.449489742783178,0.2727272727272727,4.795831523312719,0.2631499215063936,9.50347602079811,0,3,0,0.8660254037844386,0.7385489458759963,0.8122908231412682,0.5496554542940227,0.666349696276623,0.7726688251905188
swh,ron,3.5662275065688704,0.07161845797388844,4.47213595499958,1.0,6.0,0.44982804439160917,2.0,0.19596974779263032,3.7416573867739413,0.17474206658741376,7.661827234781541,0,3,0,0.912870929175277,0.6030226891555273,0.7242522479073147,0.28016199045791074,0.5626520376651961,0.6896243010748744
swh,ukr,3.6621114532468195,0.07552612453697238,4.123105625617661,1.0,6.164414002968976,0.4748358605556269,2.23606797749979,0.2372299286035261,4.123105625617661,0.21462338249588309,8.303402238812653,0,3,0,0.8416254115301732,0.6741998624632421,0.750218832452264,0.37767700585916086,0.5783129218202053,0.7066485525351998
swh,ben,3.8200849871964784,0.08210301978370838,4.358898943540674,1.0,6.855654600401044,0.5799587205587093,2.6457513110645907,0.3325761875280854,5.291502622129181,0.3248507140894077,9.533380565881844,0,3,0,0.8897565210026094,0.7977240352174657,0.8593893233471784,0.6763708770249299,0.604115001317961,0.8198972113942226
swh,urd,2.855685583335183,0.045886833606742616,4.358898943540674,1.0,6.48074069840786,0.5248514928836625,2.23606797749979,0.2372299286035261,5.5677643628300215,0.31991817273243917,9.47190528724087,0,3,0,0.8897565210026094,0.6741998624632421,0.8001776177905671,0.7469955782448925,0.44659804601615105,0.7798916845122482
swh,pan,3.3934607978686775,0.0648004288451205,4.242640687119285,1.0,6.48074069840786,0.49871958817239703,2.449489742783178,0.29647352931855153,4.795831523312719,0.2349079443239941,8.554793784014585,0,3,0,0.8660254037844386,0.7385489458759963,0.8001776177905671,0.5496554542940227,0.5344337643823529,0.7636503875256652
swh,tam,2.93042485021262,0.04829546335029267,4.69041575982343,1.0,6.782329983125268,0.6051264051305076,2.23606797749979,0.25379749275536356,4.69041575982343,0.2616954622442115,8.818775867656537,0,3,0,0.9574271077563382,0.6741998624632421,0.8478088628064984,0.5227065297653551,0.4588053345243016,0.7766861166950301
swh,tel,3.078316112271048,0.053300055962060666,3.872983346207417,1.0,6.855654600401044,0.6263676411214634,2.449489742783178,0.29647352931855153,5.385164807134504,0.3407657469127845,9.034016628114154,0,3,0,0.7905694150420949,0.7385489458759963,0.8593893233471784,0.7003150678304635,0.48296065981993624,0.7728812188166295
swh,mar,3.020121469596393,0.05130999801203706,4.242640687119285,1.0,7.0710678118654755,0.6248827575397335,2.449489742783178,0.29647352931855153,5.196152422706632,0.30120603313273997,9.252015924877579,0,3,0,0.8660254037844386,0.7385489458759963,0.8934104241450567,0.6519951551881026,0.4734556322428901,0.7945989973237019
swh,jav,4.513547823410973,0.11453016765615565,4.123105625617661,1.0,5.0990195135927845,0.3836664486386343,2.23606797749979,0.25379749275536356,4.242640687119285,0.22975575105535484,7.6282552481752885,0,3,0,0.8416254115301732,0.6741998624632421,0.581956667535994,0.40823544649754057,0.7173794373370186,0.6845332114235433
swh,mya,3.9346665369984124,0.0870971452713808,4.358898943540674,1.0,7.211102550927978,0.6666666666666667,1.7320508075688772,0.11359473957208166,4.242640687119285,0.20269004424734938,8.781313926440724,0,3,0,0.8897565210026094,0.5222329678670935,0.9155266905544484,0.40823544649754057,0.6228297960246977,0.7229673431543119
swh,khm,4.338425197325075,0.10585975217289278,3.7416573867739413,1.0,5.385164807134504,0.41529465379531394,2.8284271247461903,0.43019711770181024,5.744562646538029,0.3975466341101501,9.205719726336957,0,3,0,0.7637626158259734,0.8528028654224418,0.6271487790515345,0.7921930273429978,0.6887763681573166,0.7710270294230248
swh,amh,1.3461314224089924,0.010191967590792772,4.358898943540674,1.0,6.48074069840786,0.49871958817239703,2.6457513110645907,0.3325761875280854,3.872983346207417,0.18928865289897612,7.112348867642744,0,3,0,0.8897565210026094,0.7977240352174657,0.8001776177905671,0.31373470531840875,0.2000400594182344,0.7334556974319356
fin,eng,1.1997027161272036,0.008126660737834301,3.4641016151377544,1.0,4.69041575982343,0.2892275292349138,1.7320508075688772,0.1296117202215108,5.385164807134504,0.3000341771843086,6.55724147118616,1,7,1,0.7071067811865476,0.5222329678670935,0.5174241841340927,0.7003150678304635,0.1761236157850862,0.56002855411338
fin,spa,1.9119186445628764,0.02062939183156498,3.872983346207417,1.0,4.47213595499958,0.2497655150794671,2.0,0.1784161637422509,5.0,0.3419098034715019,6.763996578958628,0,7,1,0.7905694150420949,0.6030226891555273,0.48295035037260314,0.6018499334426524,0.2924510254822143,0.5894166081665395
fin,fra,1.4061819970379523,0.011162521105507972,3.872983346207417,1.0,5.0,0.3081673044496388,2.23606797749979,0.19935923097456432,4.123105625617661,0.1755354420300651,5.714321292754246,0,7,1,0.7905694150420949,0.6741998624632421,0.5663181055833848,0.37767700585916086,0.20984821944177412,0.5861283730960788
fin,deu,1.1816519506513434,0.007882710405959115,3.0,1.0,4.69041575982343,0.26742056424174354,1.4142135623730951,0.07417990022744858,4.242640687119285,0.1970449314530338,5.627102339528713,1,7,1,0.6123724356957946,0.4264014327112209,0.5174241841340927,0.40823544649754057,0.17317535430002057,0.4636910104029942
fin,ita,1.5326442108859197,0.01325816104271993,3.4641016151377544,1.0,4.358898943540674,0.24044547468724997,1.4142135623730951,0.0871290708247231,4.242640687119285,0.23684210526315785,6.126888363368594,0,7,1,0.7071067811865476,0.4264014327112209,0.4650663600885159,0.40823544649754057,0.23050350272617068,0.48450615666241226
fin,por,1.8812628807688514,0.01997515470740696,3.7416573867739413,1.0,4.0,0.20512820512820518,1.7320508075688772,0.1339745962155614,4.58257569495584,0.24280236115151832,6.440505973803041,0,7,1,0.7637626158259734,0.5222329678670935,0.40838396325945503,0.4951378467421696,0.28744396870060224,0.5300066948128119
fin,nld,1.1145068643110938,0.007012377888314769,3.4641016151377544,1.0,4.898979485566356,0.2997811474075026,1.0,0.0425728922436619,4.795831523312719,0.24238391970330309,5.742708073102856,1,7,1,0.7071067811865476,0.30151134457776363,0.5503635172791851,0.5496554542940227,0.16220843590350686,0.48814131389552096
fin,rus,1.699704275444999,0.01631098901820649,2.6457513110645907,1.0,3.605551275463989,0.15991744111741857,1.4142135623730951,0.0871290708247231,4.242640687119285,0.24883990649921273,5.005815281637621,0,7,1,0.5400617248673217,0.4264014327112209,0.34608704225909204,0.40823544649754057,0.25778970034980037,0.41196108608194126
fin,pol,0.9045433088751953,0.0046196153326204525,2.8284271247461903,1.0,3.872983346207417,0.1846257516727886,1.4142135623730951,0.0871290708247231,4.795831523312719,0.2906275712866041,4.697534133896345,0,7,1,0.5773502691896258,0.4264014327112209,0.3883236969818679,0.5496554542940227,0.12791473990557548,0.4463142334704488
fin,cmn,3.4944183863608553,0.06890373649219383,2.6457513110645907,1.0,4.795831523312719,0.30611133351128905,1.7320508075688772,0.11929515407202074,5.0990195135927845,0.33311407114464975,5.941277664106666,0,7,1,0.5400617248673217,0.5222329678670935,0.5340729323281959,0.6271636940259873,0.5509233348758952,0.521012066740302
fin,jpn,4.138425722161907,0.09662421317385494,2.449489742783178,1.0,5.830951894845301,0.4586680380392333,2.8284271247461903,0.36099034957730625,4.58257569495584,0.30074014390232195,7.664933589131066,0,7,1,0.5,0.8528028654224418,0.6975537804082217,0.4951378467421696,0.6561101219282872,0.6097876555449946
fin,kor,3.8767114327259615,0.08479766537639799,2.0,1.0,5.477225575051661,0.3846153846153846,2.449489742783178,0.28556549168823964,3.872983346207417,0.19992887940600257,6.699224040027178,0,7,1,0.4082482904638631,0.7385489458759963,0.6416883174742132,0.31373470531840875,0.6133638926524593,0.5131777875333849
fin,arb,2.5317982232324097,0.03615994230831676,3.0,1.0,5.196152422706632,0.32407363058062544,2.449489742783178,0.22848325018954052,5.196152422706632,0.3047653380110177,7.32752693779648,0,7,1,0.6123724356957946,0.7385489458759963,0.5972972702283177,0.6519951551881026,0.39369698591608965,0.6052925437974209
fin,hin,3.3067523400816046,0.061675632965531135,3.1622776601683795,1.0,4.69041575982343,0.2747733312434848,2.0,0.16666666666666663,5.5677643628300215,0.32190810914729895,7.478895955668503,0,7,1,0.6454972243679029,0.6030226891555273,0.5174241841340927,0.7469955782448925,0.5202715280569771,0.585952589565654
fin,tur,1.6860545967245477,0.016043523506876323,3.0,1.0,4.795831523312719,0.2986421498207229,1.0,0.0425728922436619,4.69041575982343,0.2740920472334496,5.221596551912312,0,7,1,0.6123724356957946,0.30151134457776363,0.5340729323281959,0.5227065297653551,0.2555602756692324,0.45708814656708335
fin,vie,4.321134244047031,0.10529502875410168,2.449489742783178,1.0,5.5677643628300215,0.44452992110554823,2.449489742783178,0.25,5.5677643628300215,0.36111449222159364,8.497393238002406,0,7,1,0.5,0.7385489458759963,0.6559874832690368,0.7469955782448925,0.6859522080596242,0.6121816802625215
fin,tha,4.383225310250347,0.10832449995323401,3.605551275463989,1.0,5.5677643628300215,0.4338614829277022,2.449489742783178,0.25,4.0,0.19899812108518578,7.609835060624669,0,7,1,0.7359800721939873,0.7385489458759963,0.6559874832690368,0.3462057713491359,0.6960936449587246,0.6233643027313093
fin,swh,4.524787756817158,0.11536248914150238,3.872983346207417,1.0,6.164414002968976,0.4871794871794872,2.23606797749979,0.2166505481993597,3.872983346207417,0.18928865289897612,8.421806899736152,0,7,1,0.7905694150420949,0.6741998624632421,0.750218832452264,0.31373470531840875,0.7192152743158146,0.6387855261324438
fin,hun,1.219869117835461,0.008400252387310125,1.4142135623730951,0.42264973081037416,3.3166247903554,0.1309518107465184,1.4142135623730951,0.0871290708247231,3.3166247903554,0.13415128200823645,2.425329308225749,0,7,1,0.2886751345948129,0.4264014327112209,0.3004556856387994,0.17150488848406095,0.1794174276474324,0.28799064033898975
fin,ell,1.502875452491554,0.012748135735179633,2.8284271247461903,1.0,4.358898943540674,0.2141747220142588,2.0,0.1784161637422509,4.898979485566356,0.3323021391104113,5.3884246296595615,0,7,1,0.5773502691896258,0.6030226891555273,0.4650663600885159,0.5760246286760073,0.22564132200869885,0.5146597854653088
fin,heb,2.2559595240549024,0.02871462633985189,3.1622776601683795,1.0,4.58257569495584,0.244492536560183,2.449489742783178,0.22848325018954052,4.898979485566356,0.34042976512213496,6.928633681779603,0,7,1,0.6454972243679029,0.7385489458759963,0.500392555981073,0.5760246286760073,0.3486437933540773,0.5822007989446896
fin,ind,5.506238517110274,0.1708067516810452,3.3166247903554,1.0,5.196152422706632,0.37724763122047245,1.7320508075688772,0.1296117202215108,3.872983346207417,0.19473728312749672,7.342149359037259,0,7,1,0.6770032003863301,0.5222329678670935,0.5972972702283177,0.31373470531840875,0.8795172559647506,0.5441547247243348
fin,tgl,4.842240949031243,0.13220152135728902,3.1622776601683795,1.0,5.5677643628300215,0.3822922361157489,2.0,0.1784161637422509,4.123105625617661,0.23222810405008554,7.160894932935106,0,7,1,0.6454972243679029,0.6030226891555273,0.6559874832690368,0.37767700585916086,0.7710654310954581,0.5708071586867072
fin,ces,1.0702190648262788,0.0064664604289260685,3.0,1.0,4.358898943540674,0.25273528224292663,1.4142135623730951,0.0871290708247231,4.358898943540674,0.25326695411226907,5.36003814120945,0,7,0,0.6123724356957946,0.4264014327112209,0.4650663600885159,0.43795619104683975,0.15497483610664464,0.506767531366605
fin,swe,0.4222113298010283,0.0010067525753901796,3.0,1.0,4.358898943540674,0.24668971647410987,1.0,0.0425728922436619,4.58257569495584,0.22767155427876706,4.869351609189089,1,7,0,0.6123724356957946,0.30151134457776363,0.4650663600885159,0.4951378467421696,0.04913465720927149,0.47883024874267144
fin,nor,0.5819243218691348,0.0019125404563409276,2.8284271247461903,1.0,4.123105625617661,0.21512699051015827,2.0,0.1784161637422509,4.898979485566356,0.2576299034013516,5.591759688986975,1,7,0,0.5773502691896258,0.6030226891555273,0.42782654465663106,0.5760246286760073,0.07522084528859192,0.5496907985429265
fin,dan,0.8596966188110424,0.004173379460056026,3.0,1.0,4.123105625617661,0.22071349980080324,1.0,0.0425728922436619,3.4641016151377544,0.13894322817710825,4.732577097334492,1,7,0,0.6123724356957946,0.30151134457776363,0.42782654465663106,0.20920647778375834,0.12058985558276715,0.4320653402312076
fin,ron,1.235474976888041,0.008616631697880628,3.3166247903554,1.0,4.0,0.19974988275143146,1.7320508075688772,0.1339745962155614,3.872983346207417,0.19473728312749672,4.826703006247892,0,7,0,0.6770032003863301,0.5222329678670935,0.40838396325945503,0.31373470531840875,0.18196635850843193,0.5214945184577463
fin,ukr,1.1169474107191797,0.00704307966655171,2.8284271247461903,1.0,3.7416573867739413,0.17474206658741376,1.4142135623730951,0.0871290708247231,4.242640687119285,0.23684210526315785,4.817849891554072,0,7,0,0.5773502691896258,0.4264014327112209,0.36758284421387466,0.40823544649754057,0.16260705439905476,0.4726876774720517
fin,ben,3.6601774687682953,0.07555696948053225,3.1622776601683795,1.0,5.385164807134504,0.3575839255603789,2.0,0.1784161637422509,5.385164807134504,0.3470713749009895,7.861987294642,0,7,0,0.6454972243679029,0.6030226891555273,0.6271487790515345,0.7003150678304635,0.5779970409253827,0.6537817076303983
fin,urd,3.0903870796589983,0.053870630001718656,3.1622776601683795,1.0,4.898979485566356,0.2997811474075026,1.4142135623730951,0.0871290708247231,5.830951894845301,0.3598093607518955,7.7836606524801715,0,7,0,0.6454972243679029,0.4264014327112209,0.5503635172791851,0.8142779343403991,0.48493223095828886,0.6067105306429874
fin,pan,3.008873749625891,0.0510691003302115,3.0,1.0,4.69041575982343,0.26001463015925275,1.7320508075688772,0.1339745962155614,5.477225575051661,0.3156582821830607,6.948697610591749,0,7,0,0.6123724356957946,0.5222329678670935,0.5174241841340927,0.7238498657063308,0.4716185234716205,0.5999132155318608
fin,tam,4.0946859554154384,0.09452372319467062,3.605551275463989,1.0,5.656854249492381,0.4208520608580779,2.0,0.18350341907227385,5.196152422706632,0.33205956040635387,8.474437870796582,0,7,0,0.7359800721939873,0.6030226891555273,0.6700578181087926,0.6519951551881026,0.6489660332281806,0.685808832508461
fin,tel,3.7912328119588325,0.0810432789000427,2.449489742783178,1.0,5.744562646538029,0.43955146168219494,2.23606797749979,0.23019964108049895,4.898979485566356,0.29078181733544817,7.759394419700034,0,7,0,0.5,0.6741998624632421,0.6839099685708037,0.5760246286760073,0.5994025276487821,0.6217057800138116
fin,mar,3.670790675466426,0.07598514762222242,3.0,1.0,5.656854249492381,0.39981241206357365,1.7320508075688772,0.1339745962155614,5.0990195135927845,0.2975606413137295,7.947358111314738,0,7,0,0.6123724356957946,0.5222329678670935,0.6700578181087926,0.6271636940259873,0.5797305135907378,0.6213426160807053
fin,jav,5.25283387293594,0.15549824958730818,2.8284271247461903,1.0,5.477225575051661,0.44529980377477085,2.449489742783178,0.28556549168823964,4.358898943540674,0.25326695411226907,8.107144984111379,0,7,0,0.5773502691896258,0.7385489458759963,0.6416883174742132,0.43795619104683975,0.8381282548414976,0.6437798221198303
fin,mya,3.9126673694273815,0.0863358306408506,3.1622776601683795,1.0,6.48074069840786,0.5384615384615384,2.449489742783178,0.22848325018954052,4.58257569495584,0.24280236115151832,8.790620447322164,0,7,0,0.6454972243679029,0.7385489458759963,0.8001776177905671,0.4951378467421696,0.6192366354720378,0.6935544361224107
fin,khm,4.57761937247834,0.11814134755269201,2.23606797749979,1.0,5.744562646538029,0.4737651884157825,2.6457513110645907,0.3453463292920228,5.291502622129181,0.3491859733817134,8.75149684607606,0,7,0,0.4564354645876385,0.7977240352174657,0.6839099685708037,0.6763708770249299,0.7278443497894258,0.6609914909380296
fin,amh,3.4513794695449365,0.06716268176852402,3.1622776601683795,1.0,5.291502622129181,0.33162611756319593,2.0,0.1784161637422509,4.47213595499958,0.26315789473684215,6.746770417553735,0,7,0,0.6454972243679029,0.6030226891555273,0.6123563221945337,0.46690457195922563,0.5438937171581861,0.6141064756899527
hun,eng,0.9821678942620241,0.005443435436380928,3.1622776601683795,1.0,5.0,0.3060457640647465,1.7320508075688772,0.14188366967896693,5.0990195135927845,0.2597354909626015,6.584061849059735,0,12,1,0.6454972243679029,0.5222329678670935,0.5663181055833848,0.6271636940259873,0.14059329227479408,0.5385752491114589
hun,spa,1.0980509374529117,0.0068003749547637105,3.605551275463989,1.0,5.0,0.2936775859779833,2.0,0.19999999999999996,4.898979485566356,0.3040219959942695,6.440533024067515,1,12,1,0.7359800721939873,0.6030226891555273,0.5663181055833848,0.5760246286760073,0.15952066205691195,0.5791930424680016
hun,fra,0.8082176250471161,0.0036853349022937243,3.605551275463989,1.0,5.477225575051661,0.3486610527210704,1.7320508075688772,0.12294198069297069,3.4641016151377544,0.12021383586527346,4.901090383331655,1,12,1,0.7359800721939873,0.5222329678670935,0.6416883174742132,0.20920647778375834,0.112181706088659,0.5166799840918088
hun,deu,0.34790266792451324,0.0006828936946339237,2.6457513110645907,1.0,4.795831523312719,0.26431921620527543,2.0,0.15484574527148343,4.58257569495584,0.22360403293524345,5.606069911856714,0,12,1,0.5400617248673217,0.6030226891555273,0.5340729323281959,0.4951378467421696,0.03699770013062133,0.495709338232574
hun,ita,0.424815027593861,0.0010179804235586065,3.1622776601683795,1.0,4.898979485566356,0.28490305806580574,1.4142135623730951,0.09999999999999998,3.872983346207417,0.1836283516077658,5.451329228255238,1,12,1,0.6454972243679029,0.4264014327112209,0.5503635172791851,0.31373470531840875,0.04955992349128179,0.4598604309163385
hun,por,1.1856284862019049,0.007929188832654588,3.4641016151377544,1.0,4.58257569495584,0.25165294814283534,1.0,0.05131670194948623,4.242640687119285,0.19920870405976765,5.683279309654658,1,12,1,0.7071067811865476,0.30151134457776363,0.500392555981073,0.40823544649754057,0.17382484845157847,0.4575149410938298
hun,nld,0.7292709932170662,0.0030006860674194336,3.1622776601683795,1.0,5.0,0.2936775859779833,1.0,0.04653741075440765,4.47213595499958,0.20400299435429503,5.394716056869017,0,12,1,0.6454972243679029,0.30151134457776363,0.5663181055833848,0.46690457195922563,0.09928722167959261,0.45729067144935226
hun,rus,2.215039491883391,0.027684311510577708,2.23606797749979,1.0,4.898979485566356,0.27887473694118503,1.4142135623730951,0.09999999999999998,4.358898943540674,0.2415546175993849,5.9065845096569625,1,12,1,0.4564354645876385,0.4264014327112209,0.5503635172791851,0.43795619104683975,0.341960256582174,0.4363951424960685
hun,pol,0.3379746457404103,0.0006445355083719573,2.449489742783178,1.0,4.898979485566356,0.27887473694118503,1.4142135623730951,0.09999999999999998,4.898979485566356,0.2855117376556886,5.479566490405564,1,12,1,0.5,0.4264014327112209,0.5503635172791851,0.5760246286760073,0.035376139789182505,0.4548455629245025
hun,cmn,4.115541073062699,0.09551777291597674,2.23606797749979,1.0,4.898979485566356,0.29647352931855153,2.23606797749979,0.21064778262367367,5.5677643628300215,0.3730843311784642,6.749559270762926,0,12,1,0.4564354645876385,0.6741998624632421,0.5503635172791851,0.7469955782448925,0.6523723342079457,0.5602212618950702
hun,jpn,4.831775620465615,0.13163344554597856,2.0,1.0,5.196152422706632,0.33745865113108675,2.449489742783178,0.30000000000000004,4.898979485566356,0.31526120541902913,7.32744301106679,0,12,1,0.4082482904638631,0.7385489458759963,0.5972972702283177,0.5760246286760073,0.7693561116109264,0.5514426775357689
hun,kor,4.552453019936065,0.11686514269775627,1.4142135623730951,1.0,5.0,0.2999334031013621,2.449489742783178,0.3291796067500631,4.242640687119285,0.22281107362595476,6.7504638088149775,0,12,1,0.2886751345948129,0.7385489458759963,0.5663181055833848,0.40823544649754057,0.7237338876586535,0.4819254093216837
hun,arb,1.7846040640248217,0.01795527845185385,2.6457513110645907,1.0,5.656854249492381,0.36363636363636365,2.449489742783178,0.23936117074433505,5.0990195135927845,0.2810781684320065,7.470768259056353,0,12,1,0.5400617248673217,0.7385489458759963,0.6700578181087926,0.6271636940259873,0.27165652373160376,0.5883246978414325
hun,hin,3.22229463574889,0.058530189336056804,2.8284271247461903,1.0,5.0,0.2936775859779833,2.0,0.1784161637422509,5.656854249492381,0.32142420004905137,7.3876653990752885,0,12,1,0.5773502691896258,0.6030226891555273,0.5663181055833848,0.7697708876716975,0.5064769110290066,0.5780138528646515
hun,tur,0.8031496800693052,0.0036382303909329172,2.6457513110645907,1.0,4.242640687119285,0.21741441912877035,1.0,0.04653741075440765,5.0,0.2940687919974825,4.171139860153345,1,12,1,0.5400617248673217,0.30151134457776363,0.4467052120725283,0.6018499334426524,0.11135395022387347,0.4225825835467346
hun,vie,4.5846417205435195,0.11845714339512503,2.0,1.0,5.477225575051661,0.3944699291805016,2.449489742783178,0.26970325665977857,5.291502622129181,0.31042971738479996,8.35412465218132,0,12,1,0.4082482904638631,0.7385489458759963,0.6416883174742132,0.6763708770249299,0.7289913215543063,0.5733545847344554
hun,tha,4.52599379171395,0.11542645357019754,3.3166247903554,1.0,5.656854249492381,0.4136980300220713,2.449489742783178,0.26970325665977857,4.58257569495584,0.24700671146398134,7.684971543144196,0,12,1,0.6770032003863301,0.7385489458759963,0.6700578181087926,0.4951378467421696,0.7194122579972331,0.6319910501178437
hun,swh,3.651770809620635,0.07509502553954028,3.605551275463989,1.0,6.557438524302,0.5171954504147325,2.23606797749979,0.2372299286035261,4.0,0.19024663600978042,7.849493758497797,0,12,1,0.7359800721939873,0.6741998624632421,0.8122908231412682,0.3462057713491359,0.5766239673337797,0.6325642159713198
hun,fin,1.219869117835461,0.008400252387310125,1.4142135623730951,0.42264973081037416,3.3166247903554,0.1309518107465184,1.4142135623730951,0.0871290708247231,3.3166247903554,0.13415128200823645,2.425329308225749,0,12,1,0.2886751345948129,0.4264014327112209,0.3004556856387994,0.17150488848406095,0.1794174276474324,0.28799064033898975
hun,ell,0.4002697976450766,0.0009037436319477843,2.449489742783178,1.0,4.898979485566356,0.26016996218828414,1.4142135623730951,0.09999999999999998,5.196152422706632,0.34616777379257313,5.745987957823223,1,12,1,0.5,0.4264014327112209,0.5503635172791851,0.6519951551881026,0.04555091034461731,0.46674988042908855
hun,heb,1.3249929348948613,0.009899331413748436,2.8284271247461903,1.0,5.0990195135927845,0.2887132408409807,2.449489742783178,0.23936117074433505,5.744562646538029,0.4338779406819483,7.05364151973257,0,12,1,0.5773502691896258,0.7385489458759963,0.581956667535994,0.7921930273429978,0.19658747516778816,0.6028919785929248
hun,ind,5.5608265095517515,0.17410522209086543,3.0,1.0,5.0990195135927845,0.3337477613887174,1.7320508075688772,0.14188366967896693,4.0,0.19416262066591783,7.577856492452987,0,12,1,0.6123724356957946,0.5222329678670935,0.581956667535994,0.3462057713491359,0.888433203373047,0.5270138320537332
hun,tgl,5.219087973101481,0.15348668210626482,2.8284271247461903,1.0,6.0,0.41844736850095576,2.0,0.19999999999999996,4.69041575982343,0.2782450328829461,7.791550773393962,0,12,1,0.5773502691896258,0.6030226891555273,0.7242522479073147,0.5227065297653551,0.832616481011525,0.588848006142612
hun,ces,0.2874493120765078,0.0004662073199760419,2.6457513110645907,1.0,5.291502622129181,0.3467254200815122,1.4142135623730951,0.09999999999999998,4.0,0.19774046309775972,5.3741968911882525,1,12,0,0.5400617248673217,0.4264014327112209,0.6123563221945337,0.3462057713491359,0.027123753182055767,0.49437719343838166
hun,swe,0.8755446398764996,0.004326632329109126,2.6457513110645907,1.0,5.0990195135927845,0.31523761673767414,1.0,0.04653741075440765,5.0990195135927845,0.2739615830097305,5.798192203660599,0,12,0,0.5400617248673217,0.30151134457776363,0.581956667535994,0.6271636940259873,0.12317833916726009,0.5040211581740973
hun,nor,0.962791032997191,0.005232017331025851,2.449489742783178,1.0,4.898979485566356,0.28490305806580574,1.4142135623730951,0.09999999999999998,5.5677643628300215,0.3232721048994983,6.604924565904728,0,12,0,0.5,0.4264014327112209,0.5503635172791851,0.7469955782448925,0.13742843736351806,0.5355938202385521
hun,dan,0.6931073737840722,0.002711011169801436,2.6457513110645907,1.0,4.898979485566356,0.29078181733544817,1.0,0.04653741075440765,4.358898943540674,0.21303593677674626,5.472487242163314,0,12,0,0.5400617248673217,0.30151134457776363,0.5503635172791851,0.43795619104683975,0.09338055769476304,0.4678315136022386
hun,ron,0.21587414152972165,0.00026291443632942,3.0,1.0,4.795831523312719,0.2701335055105828,1.0,0.05131670194948623,3.4641016151377544,0.14532399161536746,4.595160739053183,1,12,0,0.6123724356957946,0.30151134457776363,0.5340729323281959,0.20920647778375834,0.015433261779222975,0.4480567880753434
hun,ukr,0.2337460649551641,0.0003082660518277658,2.449489742783178,1.0,4.795831523312719,0.2701335055105828,1.4142135623730951,0.09999999999999998,3.872983346207417,0.1836283516077658,5.318452632040957,1,12,0,0.5,0.4264014327112209,0.5340729323281959,0.31373470531840875,0.018352312695359453,0.46139276607597374
hun,ben,3.770539915625484,0.08013388281357159,2.8284271247461903,1.0,5.0990195135927845,0.3021368422011469,2.0,0.19999999999999996,5.656854249492381,0.36347194982755815,7.674635987139874,0,12,0,0.5773502691896258,0.6030226891555273,0.581956667535994,0.7697708876716975,0.5960227225454664,0.6356188558309963
hun,urd,2.8195189130713905,0.044814196863732225,2.8284271247461903,1.0,5.196152422706632,0.31722166644538385,1.4142135623730951,0.09999999999999998,5.916079783099616,0.3566747667564867,7.556872807869985,0,12,0,0.5773502691896258,0.4264014327112209,0.5972972702283177,0.836040382003964,0.44069088373406357,0.5967054944676543
hun,pan,2.9777661209215416,0.04998862690317574,2.6457513110645907,1.0,4.58257569495584,0.23590682254165896,1.7320508075688772,0.1567259572884322,5.385164807134504,0.2944174861200176,6.753378027919821,0,12,0,0.5400617248673217,0.5222329678670935,0.500392555981073,0.7003150678304635,0.466537662844219,0.571029413939965
hun,tam,3.878616823414474,0.08476018046894818,3.3166247903554,1.0,5.744562646538029,0.40518208348406837,1.4142135623730951,0.10557280900008414,5.291502622129181,0.32558139534883723,8.189450946338393,0,12,0,0.6770032003863301,0.4264014327112209,0.6839099685708037,0.6763708770249299,0.6136751032761005,0.6286226987254097
hun,tel,3.631259184148175,0.07430354430493624,2.0,1.0,5.656854249492381,0.39697731084447274,1.7320508075688772,0.1567259572884322,5.385164807134504,0.3332892896860309,7.594761005926152,0,12,0,0.4082482904638631,0.5222329678670935,0.6700578181087926,0.7003150678304635,0.5732737695010386,0.5707552413773123
hun,mar,3.4921269021489167,0.06872715160232168,2.6457513110645907,1.0,5.744562646538029,0.38785390784758556,1.7320508075688772,0.1567259572884322,5.196152422706632,0.29563927493950093,7.729600264319027,0,12,0,0.5400617248673217,0.5222329678670935,0.6839099685708037,0.6519951551881026,0.5505490629562511,0.6046854795671587
hun,jav,5.3777052874407,0.16288089962762398,2.449489742783178,1.0,5.5677643628300215,0.4197411468143405,2.449489742783178,0.3291796067500631,4.69041575982343,0.2729522946823447,8.210881362656016,0,12,0,0.5,0.7385489458759963,0.6559874832690368,0.5227065297653551,0.8585237102288269,0.637166898099051
hun,mya,4.039514227675322,0.09196911513457329,2.8284271247461903,1.0,6.082762530298219,0.44477476797694226,2.449489742783178,0.23936117074433505,4.69041575982343,0.2436971093897805,8.087999407738764,0,12,0,0.5773502691896258,0.7385489458759963,0.7373232771465221,0.5227065297653551,0.6399547433646984,0.6657106892882296
hun,khm,4.752824766465119,0.12728121497091227,1.7320508075688772,1.0,5.656854249492381,0.42199402330866065,2.6457513110645907,0.4023856953328032,5.5677643628300215,0.3646619127977342,8.781512539475672,0,12,0,0.3535533905932738,0.7977240352174657,0.6700578181087926,0.7469955782448925,0.7564609375877533,0.6393809732202287
hun,amh,2.557589086242604,0.03685875697415575,2.8284271247461903,1.0,5.0,0.2808534800392084,2.0,0.19999999999999996,3.872983346207417,0.1836283516077658,5.766695700452277,0,12,0,0.5773502691896258,0.6030226891555273,0.5663181055833848,0.31373470531840875,0.397909450378123,0.5541800524791141
ell,eng,1.3610027548146495,0.010450901080275465,3.4641016151377544,0.850928801500014,4.358898943540674,0.21694465350418823,1.0,0.04653741075440765,5.744562646538029,0.3525037939119676,5.47499305789054,0,12,1,0.7071067811865476,0.30151134457776363,0.4650663600885159,0.7921930273429978,0.2024690188228559,0.5094755475607008
ell,spa,1.3113571304136622,0.00969766000951644,3.872983346207417,0.8709005551264195,3.0,0.09833036533256778,1.4142135623730951,0.09999999999999998,4.123105625617661,0.246297653651817,4.004021272545457,1,12,1,0.7905694150420949,0.4264014327112209,0.2504498209355252,0.37767700585916086,0.19436031658974512,0.4602307135859001
ell,fra,1.1459123109500484,0.007407254799579488,3.872983346207417,0.8709005551264195,4.0,0.17594450410335816,2.23606797749979,0.21064778262367367,5.916079783099616,0.38751429833899087,5.944469491824644,1,12,1,0.7905694150420949,0.6741998624632421,0.40838396325945503,0.836040382003964,0.16733793962847296,0.6211705370623483
ell,deu,0.7263910571172785,0.0029765391761001903,3.0,0.8174258141649446,4.358898943540674,0.20759418430693855,2.449489742783178,0.23936117074433505,5.656854249492381,0.3694073749055343,6.041945288131663,0,12,1,0.6123724356957946,0.7385489458759963,0.4650663600885159,0.7697708876716975,0.09881683693641873,0.5817687141930162
ell,ita,0.6093716541894139,0.0020943249077975956,3.4641016151377544,0.850928801500014,3.1622776601683795,0.10995084405410505,1.4142135623730951,0.09999999999999998,4.69041575982343,0.30448139490667847,3.6050331497373067,1,12,1,0.7071067811865476,0.4264014327112209,0.27607900401255236,0.5227065297653551,0.0797038636323788,0.4563393659827022
ell,por,1.4368553443971686,0.011643766829505742,3.7416573867739413,0.8651600275073515,3.0,0.09861218113400272,1.0,0.05131670194948623,4.795831523312719,0.2745464497523231,4.458402072229643,1,12,1,0.7637626158259734,0.30151134457776363,0.2504498209355252,0.5496554542940227,0.21485814817627327,0.44778781063225503
ell,nld,1.1140363484062288,0.007001245064867212,3.4641016151377544,0.850928801500014,4.58257569495584,0.23358081053268254,1.7320508075688772,0.14188366967896693,5.5677643628300215,0.34040001359583627,5.650246928080144,0,12,1,0.7071067811865476,0.5222329678670935,0.500392555981073,0.7469955782448925,0.16213158575982298,0.5629247035436773
ell,rus,2.1857080051377595,0.026951911967903364,2.6457513110645907,0.7763932022500211,3.7416573867739413,0.1536727339439895,1.4142135623730951,0.09999999999999998,3.4641016151377544,0.17647058823529416,2.899834997286795,1,12,1,0.5400617248673217,0.4264014327112209,0.36758284421387466,0.20920647778375834,0.3371694961688549,0.39037489095678324
ell,pol,0.7051685556852315,0.0028054488038457004,2.8284271247461903,0.8,3.1622776601683795,0.10912919362525209,1.4142135623730951,0.09999999999999998,5.0,0.33041051999302484,1.4798522819663766,1,12,1,0.5773502691896258,0.4264014327112209,0.27607900401255236,0.6018499334426524,0.09535053055331653,0.43006625628126716
ell,cmn,4.08182273768779,0.09394503926950226,3.0,1.0,5.656854249492381,0.3745372083779054,2.6457513110645907,0.29835358455437655,5.656854249492381,0.43055754822602754,7.570288924933065,0,12,1,0.6123724356957946,0.7977240352174657,0.6700578181087926,0.7697708876716975,0.6468650625269017,0.6649631894119631
ell,jpn,4.836087728184901,0.13184885593651186,2.8284271247461903,1.0,6.708203932499369,0.5364474653494467,2.449489742783178,0.30000000000000004,4.58257569495584,0.32235478600293277,8.415985030113312,0,12,1,0.5773502691896258,0.7385489458759963,0.8361018285770369,0.4951378467421696,0.7700604153217705,0.6378363807187082
ell,kor,4.544160241360309,0.11642241220498784,2.449489742783178,1.0,6.4031242374328485,0.4684123119508221,2.449489742783178,0.3291796067500631,5.916079783099616,0.4925045130088591,8.70974743341676,0,12,1,0.5,0.7385489458759963,0.7879193285962598,0.836040382003964,0.722379414369874,0.6537461302073393
ell,arb,1.4118711538240838,0.011236568550987203,3.3166247903554,1.0,4.47213595499958,0.2166505481993597,2.449489742783178,0.23936117074433505,5.5677643628300215,0.36300525518496707,6.249248550213022,0,12,1,0.6770032003863301,0.7385489458759963,0.48295035037260314,0.7469955782448925,0.21077743886227363,0.6069164753392663
ell,hin,2.9780010768311955,0.04998442643419709,3.1622776601683795,0.8309691490542968,5.196152422706632,0.30120603313273997,2.0,0.1784161637422509,5.916079783099616,0.3756286584151116,7.38483322582269,0,12,1,0.6454972243679029,0.6030226891555273,0.5972972702283177,0.836040382003964,0.4665760385829126,0.6125991528746565
ell,tur,0.4405818489931802,0.0010946799802614704,3.3166247903554,1.0,5.830951894845301,0.3912192224718989,1.7320508075688772,0.14188366967896693,5.291502622129181,0.3648926511700442,6.972419203380905,1,12,1,0.6770032003863301,0.5222329678670935,0.6975537804082217,0.6763708770249299,0.05213514459953268,0.5772323469480328
ell,vie,4.4356422959269945,0.11086614681766005,2.8284271247461903,1.0,5.830951894845301,0.42024909563579715,2.449489742783178,0.26970325665977857,5.916079783099616,0.42464028773460105,8.514749866395034,0,12,1,0.5773502691896258,0.7385489458759963,0.6975537804082217,0.836040382003964,0.7046549982287768,0.6579918805195647
ell,tha,4.342407258280514,0.10623657061632541,3.872983346207417,1.0,5.830951894845301,0.41314308245819686,2.449489742783178,0.26970325665977857,5.0990195135927845,0.33842984496879613,7.735959286312726,0,12,1,0.7905694150420949,0.7385489458759963,0.6975537804082217,0.6271636940259873,0.6894267647824239,0.6898647094062911
ell,swh,3.3334656988260214,0.06256494129591728,4.123105625617661,1.0,6.082762530298219,0.4221872955987197,1.7320508075688772,0.14188366967896693,4.123105625617661,0.22327620319190877,7.603346693010505,0,12,1,0.8416254115301732,0.5222329678670935,0.7373232771465221,0.37767700585916086,0.5246346652784002,0.6133938049979238
ell,fin,1.502875452491554,0.012748135735179633,2.8284271247461903,1.0,4.358898943540674,0.2141747220142588,2.0,0.1784161637422509,4.898979485566356,0.3323021391104113,5.3884246296595615,0,12,1,0.5773502691896258,0.6030226891555273,0.4650663600885159,0.5760246286760073,0.22564132200869885,0.5146597854653088
ell,hun,0.4002697976450766,0.0009037436319477843,2.449489742783178,1.0,4.898979485566356,0.26016996218828414,1.4142135623730951,0.09999999999999998,5.196152422706632,0.34616777379257313,5.745987957823223,1,12,1,0.5,0.4264014327112209,0.5503635172791851,0.6519951551881026,0.04555091034461731,0.46674988042908855
ell,heb,0.9334495326545034,0.004912418282833286,3.4641016151377544,1.0,4.242640687119285,0.19130629577918878,2.449489742783178,0.23936117074433505,5.656854249492381,0.4846117967977924,5.981763938277663,0,12,1,0.7071067811865476,0.7385489458759963,0.4467052120725283,0.7697708876716975,0.1326360414127716,0.6082077484608622
ell,ind,5.373527495310682,0.1625502000365202,3.605551275463989,1.0,5.291502622129181,0.3365965279962225,1.7320508075688772,0.14188366967896693,5.0,0.3409179563426923,7.5221598200615984,0,12,1,0.7359800721939873,0.5222329678670935,0.6123563221945337,0.6018499334426524,0.8578413445061093,0.6069930853055797
ell,tgl,5.114127480743955,0.14735335006162553,3.4641016151377544,1.0,5.0990195135927845,0.28730335490020165,2.0,0.19999999999999996,4.795831523312719,0.33326330899968426,6.812459755542679,0,12,1,0.7071067811865476,0.6030226891555273,0.581956667535994,0.5496554542940227,0.8154731095858057,0.6025010137754384
ell,ces,0.6861270677815329,0.002655838751112416,3.0,0.8174258141649446,4.242640687119285,0.20614337986426456,1.4142135623730951,0.09999999999999998,4.58257569495584,0.2951451569567488,2.9675606948706235,1,12,0,0.6123724356957946,0.4264014327112209,0.4467052120725283,0.4951378467421696,0.09224045272975306,0.5085358309488623
ell,swe,1.2156278869412922,0.008339317079385844,3.0,0.8174258141649446,4.242640687119285,0.20390206015556012,1.7320508075688772,0.14188366967896693,5.744562646538029,0.3756202616435036,5.582082902566651,0,12,0,0.6123724356957946,0.5222329678670935,0.4467052120725283,0.7921930273429978,0.17872470036607302,0.5813762042097708
ell,nor,1.335190172068635,0.010060678703289638,2.8284271247461903,0.8,4.0,0.1784161637422509,2.0,0.19999999999999996,6.324555320336759,0.4530007817223318,6.313149203292955,0,12,0,0.5773502691896258,0.6030226891555273,0.40838396325945503,0.9404647684566524,0.1982530068403215,0.6066199113081745
ell,dan,1.0864034455052602,0.0066595987132679335,3.0,0.8174258141649446,4.242640687119285,0.20390206015556012,1.7320508075688772,0.14188366967896693,5.0990195135927845,0.3172756544773656,5.530655189963373,0,12,0,0.6123724356957946,0.5222329678670935,0.4467052120725283,0.6271636940259873,0.1576182578650899,0.5555664820871701
ell,ron,0.27792300784791296,0.00043569739599957913,3.3166247903554,0.841886116991581,3.3166247903554,0.12087210619925359,1.0,0.05131670194948623,4.58257569495584,0.28599445270458335,2.244487233964149,1,12,0,0.6770032003863301,0.30151134457776363,0.3004556856387994,0.4951378467421696,0.025567806101044466,0.4641190007044775
ell,ukr,0.39767606491539537,0.0008921188921150458,2.8284271247461903,0.8,3.3166247903554,0.12087210619925359,1.4142135623730951,0.09999999999999998,4.47213595499958,0.27666065070294565,2.1553993410399266,1,12,0,0.5773502691896258,0.4264014327112209,0.3004556856387994,0.46690457195922563,0.04512727167291112,0.4621886254399823
ell,ben,3.575026452175132,0.07202829927783228,3.1622776601683795,0.8309691490542968,6.164414002968976,0.4209339758564139,2.0,0.19999999999999996,5.916079783099616,0.43755900817859494,7.992199124696299,0,12,0,0.6454972243679029,0.6030226891555273,0.750218832452264,0.836040382003964,0.5640891840551828,0.6980591225930594
ell,urd,2.5330934221967465,0.036166260486515944,3.1622776601683795,0.8309691490542968,5.385164807134504,0.3237477739994258,1.4142135623730951,0.09999999999999998,5.830951894845301,0.36987396218739554,7.337882687087739,0,12,0,0.6454972243679029,0.4264014327112209,0.6271487790515345,0.8142779343403991,0.39390853291265093,0.6175163980951753
ell,pan,2.7506726904554126,0.042648475020796495,3.0,0.8174258141649446,5.196152422706632,0.28995305319530684,1.7320508075688772,0.1567259572884322,5.830951894845301,0.36987396218739554,6.696686312036716,0,12,0,0.6123724356957946,0.5222329678670935,0.5972972702283177,0.8142779343403991,0.4294461159261615,0.6273434226685433
ell,tam,3.6037320702163034,0.07316081675512942,3.872983346207417,1.0,6.4031242374328485,0.4779631023361255,1.4142135623730951,0.10557280900008414,5.5677643628300215,0.39847435188916736,8.119375836881055,0,12,0,0.7905694150420949,0.4264014327112209,0.7879193285962598,0.7469955782448925,0.5687777202942123,0.6918432711611301
ell,tel,3.3673772711942567,0.06388723370418004,2.8284271247461903,1.0,6.324555320336759,0.47076225324284304,1.7320508075688772,0.1567259572884322,5.291502622129181,0.35364038750622606,7.785659022000201,0,12,0,0.5773502691896258,0.5222329678670935,0.775510614061369,0.6763708770249299,0.5301734986782908,0.636829752023589
ell,mar,3.2237899725190746,0.05856218928014589,3.0,0.8174258141649446,6.082762530298219,0.413914737466169,1.7320508075688772,0.1567259572884322,5.656854249492381,0.3811577856395785,7.727734900457461,0,12,0,0.6123724356957946,0.5222329678670935,0.7373232771465221,0.7697708876716975,0.5067211468655772,0.6525363185988496
ell,jav,5.203223832712697,0.15246025590877665,3.1622776601683795,1.0,6.082762530298219,0.4722222222222222,2.449489742783178,0.3291796067500631,5.385164807134504,0.407921931843669,8.546777579577236,0,12,0,0.6454972243679029,0.7385489458759963,0.7373232771465221,0.7003150678304635,0.8300253646311989,0.722299587614804
ell,mya,3.848598350847358,0.08346884647583985,3.4641016151377544,1.0,7.280109889280518,0.6070873610071295,2.0,0.15484574527148343,5.385164807134504,0.34959336874346203,9.1152495144522,0,12,0,0.7071067811865476,0.6030226891555273,0.926425305351214,0.7003150678304635,0.6087721363283284,0.7336586347060748
ell,khm,4.580638018322791,0.1182083441234878,2.6457513110645907,1.0,6.0,0.4466014094705336,2.6457513110645907,0.4023856953328032,6.0,0.47074387597503686,8.97845299043768,0,12,0,0.5400617248673217,0.7977240352174657,0.7242522479073147,0.8574940955361688,0.72833739022542,0.7213409596877223
ell,amh,2.193778750545384,0.02711436715663229,3.4641016151377544,1.0,5.744562646538029,0.3545027756320972,2.0,0.19999999999999996,5.0990195135927845,0.3601228833141442,5.817768641718469,0,12,0,0.7071067811865476,0.6030226891555273,0.6839099685708037,0.6271636940259873,0.3384877044117624,0.6606686396834931
heb,eng,2.2443691721138057,0.02840943685717534,4.0,1.0,4.58257569495584,0.24858144337623456,2.6457513110645907,0.27475933237715777,5.744562646538029,0.3564127522592252,7.002277493463957,0,3,1,0.8164965809277261,0.7977240352174657,0.500392555981073,0.7921930273429978,0.3467507219343644,0.6806249844770667
heb,spa,2.026383645957363,0.023147697199676798,4.358898943540674,1.0,3.872983346207417,0.17104366169469276,2.449489742783178,0.23936117074433505,5.5677643628300215,0.4621471257995229,7.164734256109708,0,3,1,0.8897565210026094,0.7385489458759963,0.3883236969818679,0.7469955782448925,0.3111467841441205,0.6568356081100953
heb,fra,2.004627997801184,0.022659995353437545,4.358898943540674,1.0,4.0,0.18097164065207794,2.6457513110645907,0.25875068333889883,6.082762530298219,0.4172284825856415,7.711871702642628,0,3,1,0.8897565210026094,0.7977240352174657,0.40838396325945503,0.8786518532469964,0.3075933980216715,0.6952122056451733
heb,deu,1.6354128600786841,0.015082161341675393,3.605551275463989,1.0,4.795831523312719,0.25800531181807507,2.449489742783178,0.2142857142857143,4.898979485566356,0.275,6.748514939214124,0,3,1,0.7359800721939873,0.7385489458759963,0.5340729323281959,0.5760246286760073,0.24728887676986125,0.6110139827327286
heb,ita,1.4325719270055093,0.011570431341083154,4.0,1.0,3.7416573867739413,0.16074567258371752,2.0,0.15484574527148343,5.656854249492381,0.45513763205741586,6.557155077706625,0,3,1,0.8164965809277261,0.6030226891555273,0.36758284421387466,0.7697708876716975,0.2141585305042594,0.5953947750859422
heb,por,2.182693744129951,0.02685911826708809,4.242640687119285,1.0,3.605551275463989,0.15005410363020588,2.23606797749979,0.1982162742627268,5.744562646538029,0.4069327834011939,7.419618850833538,0,3,1,0.8660254037844386,0.6741998624632421,0.34608704225909204,0.7921930273429978,0.33667717191550717,0.6332378079001856
heb,nld,2.010844691077803,0.02280192352849475,4.0,1.0,4.795831523312719,0.2631499215063936,2.23606797749979,0.19417703597461977,5.5677643628300215,0.34438204290884666,7.0477391093816895,0,3,1,0.8164965809277261,0.6741998624632421,0.5340729323281959,0.7469955782448925,0.308608780852745,0.6477933021391388
heb,rus,2.314329637344834,0.030205980711459635,3.3166247903554,1.0,4.47213595499958,0.22647321617140692,2.0,0.15484574527148343,5.291502622129181,0.42397789053870916,6.945414454777221,0,3,1,0.6770032003863301,0.6030226891555273,0.48295035037260314,0.6763708770249299,0.35817748083795525,0.5698112080749387
heb,pol,1.603465962245895,0.01450029551382237,3.4641016151377544,1.0,4.242640687119285,0.20372242841174237,2.0,0.15484574527148343,5.744562646538029,0.4478423696257673,6.739034857895121,0,3,1,0.7071067811865476,0.6030226891555273,0.4467052120725283,0.7921930273429978,0.24207093692272852,0.5831612500069379
heb,cmn,4.037653973283951,0.09188900702355951,3.3166247903554,1.0,5.830951894845301,0.41023217538041146,3.0,0.33287561500500895,5.291502622129181,0.38508130618755787,8.408312769400986,0,3,1,0.6770032003863301,0.9045340337332909,0.6975537804082217,0.6763708770249299,0.6396509049273846,0.7021834014309748
heb,jpn,4.844875474632415,0.13227971013827555,3.1622776601683795,1.0,6.708203932499369,0.5513996923486959,2.8284271247461903,0.3238765962171868,4.795831523312719,0.3649993649990475,9.14937823546164,0,3,1,0.6454972243679029,0.8528028654224418,0.8361018285770369,0.5496554542940227,0.7714957325345712,0.6950933541522206
heb,kor,4.5365695102976105,0.11599101261044387,2.8284271247461903,1.0,6.708203932499369,0.5278078353501143,2.8284271247461903,0.33856217223385243,5.196152422706632,0.38969989659494875,9.064061730194354,0,3,1,0.5773502691896258,0.8528028654224418,0.8361018285770369,0.6519951551881026,0.7211396076666305,0.6874824164894524
heb,arb,0.5618237470405133,0.001778630171258344,2.23606797749979,0.38278660015163235,4.0,0.1775746847223839,0.0,0.0,5.5677643628300215,0.3686546596548683,3.8756316116295055,1,3,1,0.4564354645876385,0.0,0.40838396325945503,0.7469955782448925,0.07193778503975333,0.3342536580169041
heb,hin,2.4538488219993084,0.03392514071648012,3.7416573867739413,1.0,5.385164807134504,0.33222961636516923,2.449489742783178,0.22848325018954052,5.744562646538029,0.3564127522592252,7.713561834379406,0,3,1,0.7637626158259734,0.7385489458759963,0.6271487790515345,0.7921930273429978,0.3809653808355838,0.6770730001703268
heb,tur,0.6048473801417045,0.0020623374242589865,3.605551275463989,1.0,5.830951894845301,0.4020439084563252,2.23606797749979,0.19417703597461977,4.898979485566356,0.31806909301252373,6.685751115212291,0,3,1,0.7359800721939873,0.6741998624632421,0.6975537804082217,0.5760246286760073,0.07896490644296865,0.6192066829792007
heb,vie,4.088438954338827,0.09415460310909418,3.1622776601683795,1.0,5.291502622129181,0.3539417175302014,3.1622776601683795,0.38278660015163235,5.196152422706632,0.3295761899317843,7.922400137906711,0,3,1,0.6454972243679029,0.9534625892455924,0.6123563221945337,0.6519951551881026,0.6479457001738307,0.6846826373475826
heb,tha,3.909122982011931,0.0860621847952665,4.123105625617661,1.0,4.898979485566356,0.29626385255737264,3.1622776601683795,0.38278660015163235,5.291502622129181,0.3726235655715219,7.679846220739049,0,3,1,0.8416254115301732,0.9534625892455924,0.5503635172791851,0.6763708770249299,0.6186577247926487,0.733314492019659
heb,swh,2.5847872866426096,0.03760349391911444,4.358898943540674,1.0,5.196152422706632,0.31532136125766586,3.0,0.3553416287796958,5.385164807134504,0.39262660658834403,8.602948358081598,1,3,1,0.8897565210026094,0.9045340337332909,0.5972972702283177,0.7003150678304635,0.40235177759187307,0.7376847678339322
heb,fin,2.2559595240549024,0.02871462633985189,3.1622776601683795,1.0,4.58257569495584,0.244492536560183,2.449489742783178,0.22848325018954052,4.898979485566356,0.34042976512213496,6.928633681779603,0,3,1,0.6454972243679029,0.7385489458759963,0.500392555981073,0.5760246286760073,0.3486437933540773,0.5822007989446896
heb,hun,1.3249929348948613,0.009899331413748436,2.8284271247461903,1.0,5.0990195135927845,0.2887132408409807,2.449489742783178,0.23936117074433505,5.744562646538029,0.4338779406819483,7.05364151973257,0,3,1,0.5773502691896258,0.7385489458759963,0.581956667535994,0.7921930273429978,0.19658747516778816,0.6028919785929248
heb,ell,0.9334495326545034,0.004912418282833286,3.4641016151377544,1.0,4.242640687119285,0.19130629577918878,2.449489742783178,0.23936117074433505,5.656854249492381,0.4846117967977924,5.981763938277663,0,3,1,0.7071067811865476,0.7385489458759963,0.4467052120725283,0.7697708876716975,0.1326360414127716,0.6082077484608622
heb,ind,4.892607132079624,0.1347069315519589,3.872983346207417,1.0,4.69041575982343,0.2701995508002383,2.6457513110645907,0.27475933237715777,4.58257569495584,0.29232685365962774,7.900770241969477,0,3,1,0.7905694150420949,0.7977240352174657,0.5174241841340927,0.4951378467421696,0.7792918233684002,0.6533219383235588
heb,tgl,4.849491972248882,0.1324493829345107,3.7416573867739413,1.0,5.477225575051661,0.34022715496972944,2.8284271247461903,0.3238765962171868,4.358898943540674,0.2828628343993639,7.085182136364975,0,3,1,0.7637626158259734,0.8528028654224418,0.6416883174742132,0.43795619104683975,0.7722497527525352,0.6749730808928978
heb,ces,1.6030812243339176,0.014492497499087986,3.605551275463989,1.0,4.898979485566356,0.28736387858466383,2.0,0.15484574527148343,5.0,0.36063798690899396,6.740866477583204,0,3,0,0.7359800721939873,0.6030226891555273,0.5503635172791851,0.6018499334426524,0.2420080970409936,0.6340002922713627
heb,swe,2.057175060887565,0.023873280476647163,3.605551275463989,1.0,4.242640687119285,0.21069795916234924,2.23606797749979,0.19417703597461977,6.082762530298219,0.43066516278841227,7.003635229311139,0,3,0,0.7359800721939873,0.6741998624632421,0.4467052120725283,0.8786518532469964,0.3161759970509523,0.6762916075281096
heb,nor,2.2047555274836355,0.027422188677508452,3.4641016151377544,1.0,4.242640687119285,0.2073709129957333,2.8284271247461903,0.3238765962171868,5.830951894845301,0.38713707769317485,7.236281681774569,0,3,0,0.7071067811865476,0.8528028654224418,0.4467052120725283,0.8142779343403991,0.3402805596078749,0.703829511257534
heb,dan,1.9870025353631011,0.022269078877883985,3.605551275463989,1.0,4.47213595499958,0.23461620282409623,2.23606797749979,0.19417703597461977,4.898979485566356,0.29626385255737264,6.858630502379385,0,3,0,0.7359800721939873,0.6741998624632421,0.48295035037260314,0.5760246286760073,0.3047146019876659,0.6375734817493118
heb,ron,1.1713832318978137,0.007737099110440737,3.872983346207417,1.0,3.3166247903554,0.12499053178884245,2.23606797749979,0.1982162742627268,5.196152422706632,0.37724763122047245,5.692127164328813,0,3,0,0.7905694150420949,0.6741998624632421,0.3004556856387994,0.6519951551881026,0.17149814742242359,0.6221861079055355
heb,ukr,1.2689524553195262,0.009080247399383512,3.4641016151377544,1.0,4.123105625617661,0.19407022664761797,2.0,0.15484574527148343,4.898979485566356,0.34042976512213496,6.318023664002146,0,3,0,0.7071067811865476,0.6030226891555273,0.42782654465663106,0.5760246286760073,0.18743429062514233,0.5942284244088305
heb,ben,3.149770200632157,0.05589116999453858,3.7416573867739413,1.0,6.0,0.40847951824872286,2.449489742783178,0.23936117074433505,5.744562646538029,0.42024909563579715,8.569880034412899,0,3,0,0.7637626158259734,0.7385489458759963,0.7242522479073147,0.7921930273429978,0.4946313746684153,0.7521769936331245
heb,urd,1.9131331125079958,0.020622100931796505,3.7416573867739413,1.0,5.385164807134504,0.33222961636516923,2.0,0.15484574527148343,5.830951894845301,0.3745372083779054,8.025310837435942,0,3,0,0.7637626158259734,0.6030226891555273,0.6271487790515345,0.8142779343403991,0.2926493865474129,0.6920883723254113
heb,pan,2.2976103191237307,0.029745376762186804,3.605551275463989,1.0,5.385164807134504,0.31864017749102,2.23606797749979,0.1982162742627268,6.0,0.3985934695941399,7.947638074478309,0,3,0,0.7359800721939873,0.6741998624632421,0.6271487790515345,0.8574940955361688,0.3554466868428886,0.7111701917568835
heb,tam,2.9498403924643446,0.04900173695247023,4.123105625617661,1.0,6.4031242374328485,0.49097452615809445,2.449489742783178,0.2440710539815456,6.082762530298219,0.48779432728366756,9.427684286949152,0,3,0,0.8416254115301732,0.7385489458759963,0.7879193285962598,0.8786518532469964,0.4619765072653677,0.7996053289976209
heb,tel,2.7585139391132723,0.04285701794067509,3.1622776601683795,1.0,6.48074069840786,0.5085268128170095,2.6457513110645907,0.28730335490020165,6.164414002968976,0.49364829865542525,8.864837606790974,0,3,0,0.6454972243679029,0.7977240352174657,0.8001776177905671,0.8995255755616136,0.43072684008402096,0.7595808780112939
heb,mar,2.6098717982472333,0.03836747727072387,3.605551275463989,1.0,6.244997998398398,0.4473624411297952,2.23606797749979,0.1982162742627268,6.164414002968976,0.46417411876617976,8.80393282559114,0,3,0,0.7359800721939873,0.6741998624632421,0.7629457966554452,0.8995255755616136,0.40644887250646256,0.747184426564661
heb,jav,4.760406206678633,0.12756759052443123,3.4641016151377544,1.0,5.0,0.31899477539300103,3.1622776601683795,0.43305329048615915,4.795831523312719,0.33157607722303917,8.395435909315536,0,3,0,0.7071067811865476,0.9534625892455924,0.5663181055833848,0.5496554542940227,0.7576992268011787,0.7340945822682017
heb,mya,3.4200551686056158,0.06589101593558322,3.7416573867739413,1.0,7.14142842854285,0.5986366600475972,3.1622776601683795,0.3571428571428571,5.196152422706632,0.3295761899317843,9.674817425914062,0,3,0,0.7637626158259734,0.9534625892455924,0.9045227677933807,0.6519951551881026,0.5387774670950234,0.8231371322508328
heb,khm,4.166971185055541,0.09778627098106796,3.0,1.0,5.291502622129181,0.3539417175302014,3.3166247903554,0.4949237277238946,4.898979485566356,0.31806909301252373,7.973581773572344,0,3,0,0.6123724356957946,1.0,0.6123563221945337,0.5760246286760073,0.6607724997612505,0.7256253144371088
heb,amh,1.3324307600671337,0.009998653221433451,2.8284271247461903,0.5714285714285714,5.744562646538029,0.3625988757174059,2.0,0.15484574527148343,5.0990195135927845,0.3691067318559552,5.932440837074405,0,3,0,0.5773502691896258,0.6030226891555273,0.6839099685708037,0.6271636940259873,0.19780230749816152,0.6147074162387365
ind,eng,6.083858852923828,0.20844177198040548,4.123105625617661,1.0,4.358898943540674,0.2734522578511295,1.4142135623730951,0.09090909090909094,4.898979485566356,0.2442913450968217,8.110263464075643,0,6,1,0.8416254115301732,0.4264014327112209,0.4650663600885159,0.5760246286760073,0.9738609441228634,0.5871979951621046
ind,spa,6.171071780101399,0.2143564968739854,4.47213595499958,1.0,5.0,0.33741084355092077,2.23606797749979,0.2372299286035261,4.242640687119285,0.24213525325492657,8.58153818929303,0,6,1,0.912870929175277,0.6741998624632421,0.5663181055833848,0.40823544649754057,0.9881055762710862,0.6663154612732559
ind,fra,6.0460255545613295,0.20581837669189362,4.47213595499958,1.0,4.69041575982343,0.29079185673302477,2.449489742783178,0.24738219099361836,4.898979485566356,0.2521600206352078,8.662716215970455,0,6,1,0.912870929175277,0.7385489458759963,0.5174241841340927,0.5760246286760073,0.9676815687072158,0.6967711247851626
ind,deu,5.7682590858319935,0.18734914866210217,3.7416573867739413,1.0,5.196152422706632,0.35300336077936956,2.23606797749979,0.19417703597461977,5.196152422706632,0.29798823883035064,9.0811807581649,0,6,1,0.7637626158259734,0.6741998624632421,0.5972972702283177,0.6519951551881026,0.9223135103446733,0.661053153204715
ind,ita,5.762465115226141,0.186932719110263,4.123105625617661,1.0,4.69041575982343,0.3012287570313158,1.7320508075688772,0.14188366967896693,4.123105625617661,0.22071349980080324,8.143311949022966,0,6,1,0.8416254115301732,0.5222329678670935,0.5174241841340927,0.37767700585916086,0.9213671715090334,0.5892506117069696
ind,por,6.243895528703314,0.21946664044192432,4.358898943540674,1.0,4.58257569495584,0.29232685365962774,1.4142135623730951,0.09546596626670911,4.242640687119285,0.20585887902601208,8.639368528951684,0,6,1,0.8897565210026094,0.4264014327112209,0.500392555981073,0.40823544649754057,1.0,0.5848411426494338
ind,nld,5.951304853642263,0.19943021445047227,4.123105625617661,1.0,5.0,0.33741084355092077,2.0,0.18181818181818177,5.0990195135927845,0.27415531414593697,8.897214742614212,0,6,1,0.8416254115301732,0.6030226891555273,0.5663181055833848,0.6271636940259873,0.9522106794127109,0.6581920049391443
ind,rus,4.27667198356556,0.10299147468483594,3.4641016151377544,1.0,4.898979485566356,0.31806909301252373,1.7320508075688772,0.14188366967896693,4.58257569495584,0.28599445270458335,7.034874671667917,0,6,1,0.7071067811865476,0.5222329678670935,0.5503635172791851,0.4951378467421696,0.6786901132586152,0.5609681624528309
ind,pol,5.605700709859156,0.1769588049708487,3.605551275463989,1.0,4.898979485566356,0.31806909301252373,1.7320508075688772,0.14188366967896693,3.7416573867739413,0.17474206658741376,7.402372023300387,0,6,1,0.7359800721939873,0.5222329678670935,0.5503635172791851,0.28016199045791074,0.8957625809895459,0.5482373946989705
ind,cmn,3.0887123619225365,0.053691251561155506,3.4641016151377544,1.0,4.69041575982343,0.3223560013628919,2.449489742783178,0.24738219099361836,4.795831523312719,0.29108244304143327,5.920651647090057,0,6,1,0.7071067811865476,0.7385489458759963,0.5174241841340927,0.5496554542940227,0.4846586965307672,0.6069353606224236
ind,jpn,3.1401363944856304,0.05548437093640146,3.3166247903554,1.0,6.4031242374328485,0.611550701966322,2.6457513110645907,0.3325761875280854,4.0,0.22348363346688138,7.384546878975257,0,6,1,0.6770032003863301,0.7977240352174657,0.7879193285962598,0.3462057713491359,0.49305786912072114,0.6366995937979238
ind,kor,3.103925440150002,0.054217077439236316,3.0,1.0,6.244997998398398,0.5470891863421617,2.23606797749979,0.25379749275536356,4.47213595499958,0.262902622910281,6.907543617131582,0,6,1,0.6123724356957946,0.6741998624632421,0.7629457966554452,0.46690457195922563,0.48714347384767986,0.5992437151419058
ind,arb,4.477292814146374,0.11278979345173545,3.7416573867739413,1.0,5.477225575051661,0.38704794047762003,2.6457513110645907,0.27475933237715777,4.69041575982343,0.24511013206173216,7.899150954006274,0,6,1,0.7637626158259734,0.7977240352174657,0.6416883174742132,0.5227065297653551,0.711457846499308,0.6708763288367698
ind,hin,2.9474201297081213,0.04887176340121391,3.872983346207417,1.0,5.916079783099616,0.4754502511444789,2.23606797749979,0.2166505481993597,5.477225575051661,0.3090663726599513,8.163633957493253,0,6,1,0.7905694150420949,0.6741998624632421,0.7109983804275144,0.7238498657063308,0.4615812017323445,0.6795770061565086
ind,tur,5.078273844041941,0.14516328124951916,3.7416573867739413,1.0,6.48074069840786,0.5985224657265169,2.0,0.18181818181818177,5.0,0.3081673044496388,8.999214668173668,0,6,1,0.7637626158259734,0.6030226891555273,0.8001776177905671,0.6018499334426524,0.8096170755949232,0.6706783243909313
ind,vie,1.7278056998557956,0.016790309535278825,3.3166247903554,1.0,2.449489742783178,0.0963038858849361,1.7320508075688772,0.1296117202215108,5.291502622129181,0.32264433799277503,4.110224068036273,1,6,1,0.6770032003863301,0.5222329678670935,0.16350545562146043,0.6763708770249299,0.2623795526403657,0.4809349023927223
ind,tha,1.5611390893602233,0.013705086878758821,4.242640687119285,1.0,3.4641016151377544,0.1875,1.7320508075688772,0.1296117202215108,4.123105625617661,0.20933406222815865,1.9039682763364358,1,6,1,0.8660254037844386,0.5222329678670935,0.32374731147345703,0.37767700585916086,0.23515761852196695,0.5235247572017688
ind,swh,4.40920418559597,0.10926030455044533,4.47213595499958,1.0,5.5677643628300215,0.4338614829277022,1.4142135623730951,0.09090909090909094,2.8284271247461903,0.09971861809536042,6.629486754091334,0,6,1,0.912870929175277,0.4264014327112209,0.6559874832690368,0.04670000532338385,0.7003368177875584,0.5536809752720813
ind,fin,5.506238517110274,0.1708067516810452,3.3166247903554,1.0,5.196152422706632,0.37724763122047245,1.7320508075688772,0.1296117202215108,3.872983346207417,0.19473728312749672,7.342149359037259,0,6,1,0.6770032003863301,0.5222329678670935,0.5972972702283177,0.31373470531840875,0.8795172559647506,0.5441547247243348
ind,hun,5.5608265095517515,0.17410522209086543,3.0,1.0,5.0990195135927845,0.3337477613887174,1.7320508075688772,0.14188366967896693,4.0,0.19416262066591783,7.577856492452987,0,6,1,0.6123724356957946,0.5222329678670935,0.581956667535994,0.3462057713491359,0.888433203373047,0.5270138320537332
ind,ell,5.373527495310682,0.1625502000365202,3.605551275463989,1.0,5.291502622129181,0.3365965279962225,1.7320508075688772,0.14188366967896693,5.0,0.3409179563426923,7.5221598200615984,0,6,1,0.7359800721939873,0.5222329678670935,0.6123563221945337,0.6018499334426524,0.8578413445061093,0.6069930853055797
ind,heb,4.892607132079624,0.1347069315519589,3.872983346207417,1.0,4.69041575982343,0.2701995508002383,2.6457513110645907,0.27475933237715777,4.58257569495584,0.29232685365962774,7.900770241969477,0,6,1,0.7905694150420949,0.7977240352174657,0.5174241841340927,0.4951378467421696,0.7792918233684002,0.6533219383235588
ind,tgl,1.6378231574035458,0.015084698564135968,3.0,0.5991081371313633,5.0990195135927845,0.3453463292920228,1.0,0.04653741075440765,3.4641016151377544,0.16093545896081152,2.2364937218107994,1,6,1,0.6123724356957946,0.30151134457776363,0.581956667535994,0.20920647778375834,0.24768255463243996,0.41924599975956384
ind,ces,5.697394044928255,0.18278433460342824,3.7416573867739413,1.0,5.830951894845301,0.49913269665952875,1.7320508075688772,0.14188366967896693,4.47213595499958,0.262902622910281,8.591000444162665,0,6,0,0.7637626158259734,0.5222329678670935,0.6975537804082217,0.46690457195922563,0.9107390055950825,0.6647704188698478
ind,swe,5.651007629472936,0.17987717893507227,3.7416573867739413,1.0,4.898979485566356,0.34042976512213496,2.0,0.18181818181818177,5.477225575051661,0.3273272060036875,8.480868988337063,0,6,0,0.7637626158259734,0.6030226891555273,0.5503635172791851,0.7238498657063308,0.9031626353685642,0.6936927721168887
ind,nor,5.805142821923568,0.18982843527743198,3.605551275463989,1.0,5.0990195135927845,0.3571304564688105,2.23606797749979,0.2372299286035261,5.385164807134504,0.3116208328892923,8.92116853138408,0,6,0,0.7359800721939873,0.6741998624632421,0.581956667535994,0.7003150678304635,0.9283377921785679,0.7071994705647036
ind,dan,5.8352940580806445,0.1917718355995588,3.7416573867739413,1.0,5.291502622129181,0.39778369858977547,2.0,0.18181818181818177,4.58257569495584,0.244492536560183,8.79843659548111,0,6,0,0.7637626158259734,0.6030226891555273,0.6123563221945337,0.4951378467421696,0.9332624436238435,0.6732895206680982
ind,ron,5.420708754841618,0.16544293954952938,4.0,1.0,5.0,0.33741084355092077,1.4142135623730951,0.09546596626670911,3.4641016151377544,0.15384615384615385,7.415548605201338,0,6,0,0.8164965809277261,0.4264014327112209,0.5663181055833848,0.20920647778375834,0.8655475379347464,0.5894713021371012
ind,ukr,5.427092297774657,0.1658431496738031,3.605551275463989,1.0,4.795831523312719,0.30980296203220914,1.7320508075688772,0.14188366967896693,3.872983346207417,0.19473728312749672,7.664827223433319,0,6,0,0.7359800721939873,0.5222329678670935,0.5340729323281959,0.31373470531840875,0.866590172597133,0.5985565645182267
ind,ben,2.4200353356514452,0.03294391103236505,3.872983346207417,1.0,6.48074069840786,0.5635642195280153,2.23606797749979,0.2372299286035261,5.0990195135927845,0.30775562176188154,7.5633735049255355,0,6,0,0.7905694150420949,0.6741998624632421,0.8001776177905671,0.6271636940259873,0.3754425679881997,0.7286029961898606
ind,urd,3.3779724791263637,0.06419540451824313,3.872983346207417,1.0,5.916079783099616,0.4754502511444789,1.7320508075688772,0.14188366967896693,5.385164807134504,0.3026981861753456,8.153490952808434,0,6,0,0.7905694150420949,0.5222329678670935,0.7109983804275144,0.7003150678304635,0.5319040315753176,0.6915712043182403
ind,pan,3.201534102673681,0.05766744087044595,3.7416573867739413,1.0,6.082762530298219,0.4729537233052701,2.0,0.19596974779263032,4.58257569495584,0.21553545944726382,7.411645349437251,0,6,0,0.7637626158259734,0.6030226891555273,0.7373232771465221,0.4951378467421696,0.5030860587043822,0.6767740924125228
ind,tam,2.3445787941666247,0.030909849672709155,4.242640687119285,1.0,6.855654600401044,0.680318993454497,1.7320508075688772,0.14719713457755834,4.47213595499958,0.2430012497164683,8.22097645001965,0,6,0,0.8660254037844386,0.5222329678670935,0.8593893233471784,0.46690457195922563,0.36311812582792324,0.7004353198568207
ind,tel,2.5480522921810502,0.03651235355748439,3.3166247903554,1.0,6.782329983125268,0.6759093919561656,2.0,0.19596974779263032,5.196152422706632,0.32407363058062544,8.089765589880804,0,6,0,0.6770032003863301,0.6030226891555273,0.8478088628064984,0.6519951551881026,0.396351789975284,0.6910352677430601
ind,mar,2.697630082093084,0.04092983454964538,3.7416573867739413,1.0,6.855654600401044,0.6410975402567487,2.0,0.19596974779263032,4.795831523312719,0.2603997383663612,8.01436706168028,0,6,0,0.7637626158259734,0.6030226891555273,0.8593893233471784,0.5496554542940227,0.42078257866447527,0.7052497687834367
ind,jav,0.46553129698083434,0.001218111037785241,2.6457513110645907,0.5256583509747431,3.0,0.1494827282002854,1.7320508075688772,0.14719713457755834,3.4641016151377544,0.15760299761174978,1.8370002096357316,1,6,0,0.5400617248673217,0.5222329678670935,0.2504498209355252,0.20920647778375834,0.056210179349389676,0.4268582042491082
ind,mya,2.126161701261743,0.025427148537170097,3.872983346207417,1.0,6.708203932499369,0.6320099639030063,1.7320508075688772,0.11359473957208166,4.0,0.18250178723265953,7.063842702473014,0,6,0,0.7905694150420949,0.5222329678670935,0.8361018285770369,0.3462057713491359,0.3274436995243606,0.6532524828733977
ind,khm,1.3391186636097463,0.010083647149757069,3.1622776601683795,1.0,2.8284271247461903,0.12857874710333128,2.449489742783178,0.3162365412421724,5.196152422706632,0.33287561500500884,4.17993485489336,1,6,0,0.6454972243679029,0.7385489458759963,0.22335260603626417,0.6519951551881026,0.1988946538840745,0.580700930959042
ind,amh,4.461391550413965,0.11193226050880589,3.872983346207417,1.0,6.557438524302,0.5520106648094796,2.23606797749979,0.2372299286035261,3.0,0.11680863310757705,7.910119069358498,0,6,0,0.7905694150420949,0.6741998624632421,0.8122908231412682,0.09056160925561946,0.7088606667016518,0.6672062294801182
tgl,eng,5.628805447264504,0.17856940538789356,4.0,1.0,5.5677643628300215,0.3911844526817908,1.7320508075688772,0.14188366967896693,5.0990195135927845,0.2706523106583171,8.041055744800914,0,6,1,0.8164965809277261,0.5222329678670935,0.6559874832690368,0.6271636940259873,0.8995363160982227,0.6457560828077078
tgl,spa,5.9204975485711735,0.1974600989376457,4.358898943540674,1.0,4.795831523312719,0.2770559609321802,2.449489742783178,0.30000000000000004,4.242640687119285,0.2571428571428571,8.036255119149954,0,6,1,0.8897565210026094,0.7385489458759963,0.5340729323281959,0.40823544649754057,0.9471788711427941,0.666973039767192
tgl,fra,5.676765640397535,0.18159089069360557,4.358898943540674,1.0,5.291502622129181,0.33333333333333337,2.6457513110645907,0.29835358455437655,5.477225575051661,0.3266729826917705,8.949064048966164,0,6,1,0.8897565210026094,0.7977240352174657,0.6123563221945337,0.7238498657063308,0.9073697340449308,0.7427751961022522
tgl,deu,5.396389294162262,0.16410317478673653,3.605551275463989,1.0,6.082762530298219,0.435255033597986,2.449489742783178,0.23936117074433505,5.0,0.2828628343993639,9.034103336693255,0,6,1,0.7359800721939873,0.7385489458759963,0.7373232771465221,0.6018499334426524,0.8615754000575799,0.6862521735757765
tgl,ita,5.489691379128364,0.16979016818206405,4.0,1.0,5.0990195135927845,0.3168699489360267,2.0,0.19999999999999996,4.58257569495584,0.2870689537607938,7.941233028538747,0,6,1,0.8164965809277261,0.6030226891555273,0.581956667535994,0.4951378467421696,0.8768145844539288,0.6302073863084202
tgl,por,5.959888094454034,0.2001156393259066,4.242640687119285,1.0,5.0,0.3081673044496388,1.7320508075688772,0.1567259572884322,4.69041575982343,0.2603294909176931,8.542362847779005,0,6,1,0.8660254037844386,0.5222329678670935,0.5663181055833848,0.5227065297653551,0.9536125943805958,0.6297160934026149
tgl,nld,5.518507768833186,0.17161605538221714,4.0,1.0,5.916079783099616,0.4216447687457442,2.23606797749979,0.2372299286035261,5.0990195135927845,0.28023663667051324,8.948300855109672,0,6,1,0.8164965809277261,0.6741998624632421,0.7109983804275144,0.6271636940259873,0.8815212132126363,0.6938492307441612
tgl,rus,3.5318386774867507,0.07029761582902772,3.3166247903554,1.0,5.0990195135927845,0.30952380952380953,2.0,0.19999999999999996,4.795831523312719,0.33326330899968426,6.318047235822136,0,6,1,0.6770032003863301,0.6030226891555273,0.581956667535994,0.5496554542940227,0.5570352531340965,0.5805480467127878
tgl,pol,5.17531558001138,0.150950493621537,3.4641016151377544,1.0,5.291502622129181,0.33333333333333337,2.0,0.19999999999999996,4.69041575982343,0.28724903557958625,6.706689080076987,0,6,1,0.7071067811865476,0.6030226891555273,0.6123563221945337,0.5227065297653551,0.825467063396561,0.6050383037183841
tgl,cmn,1.7601822112648549,0.017450649449406552,3.3166247903554,1.0,6.0,0.4599382751326784,2.6457513110645907,0.29835358455437655,5.0,0.33184689521893906,5.166014879693206,0,6,1,0.6770032003863301,0.7977240352174657,0.7242522479073147,0.6018499334426524,0.26766766198596503,0.6510432916174245
tgl,jpn,1.6113440595088222,0.014621695617245023,3.1622776601683795,1.0,7.280109889280518,0.6870156814256194,2.8284271247461903,0.4,3.4641016151377544,0.180311400029463,7.091809215050578,0,6,1,0.6454972243679029,0.8528028654224418,0.926425305351214,0.20920647778375834,0.2433576796244134,0.6356838003850085
tgl,kor,1.6106126039188868,0.014609746071867269,2.8284271247461903,1.0,7.14142842854285,0.6293753416694494,2.0,0.2173762078750736,4.242640687119285,0.24971048059141665,6.536980683833215,0,6,1,0.5773502691896258,0.6030226891555273,0.9045227677933807,0.40823544649754057,0.24323820976887037,0.5782625340675204
tgl,arb,4.490913347578241,0.11356811377481713,3.605551275463989,1.0,4.898979485566356,0.27887473694118503,2.8284271247461903,0.3238765962171868,4.898979485566356,0.27558206737555724,7.297487856879842,0,6,1,0.7359800721939873,0.8528028654224418,0.5503635172791851,0.5760246286760073,0.7136825108315173,0.6661552613126205
tgl,hin,2.823982920446062,0.04490027003782937,3.7416573867739413,1.0,6.082762530298219,0.44574290338133815,2.449489742783178,0.26970325665977857,5.656854249492381,0.33902865653409986,7.784977133153033,0,6,1,0.7637626158259734,0.7385489458759963,0.7373232771465221,0.7697708876716975,0.44141999746773836,0.698767309670237
tgl,tur,4.856954728887712,0.13289271387371637,3.605551275463989,1.0,6.6332495807108,0.5494364431104171,2.23606797749979,0.2372299286035261,5.0,0.3218673097555086,8.846104717405955,0,6,1,0.7359800721939873,0.6741998624632421,0.8242639773138629,0.6018499334426524,0.7734686571807216,0.6831477056122133
tgl,vie,1.0121577720489294,0.005766623001415172,3.1622776601683795,1.0,4.898979485566356,0.3238765962171868,2.0,0.1784161637422509,4.898979485566356,0.2849851745537699,4.7827662413921175,1,6,1,0.6454972243679029,0.6030226891555273,0.5503635172791851,0.5760246286760073,0.14549158878965396,0.5481558167959736
tgl,tha,1.3709056021844774,0.010577156731491288,4.123105625617661,1.0,5.291502622129181,0.3726235655715219,1.4142135623730951,0.0871290708247231,3.605551275463989,0.1653751504683183,2.741360207721834,1,6,1,0.8416254115301732,0.4264014327112209,0.6123563221945337,0.24536725767627113,0.20408646732009508,0.5285686580932094
tgl,swh,5.153190072138375,0.14936168952012718,4.358898943540674,1.0,5.744562646538029,0.40700054667111907,1.7320508075688772,0.14188366967896693,3.7416573867739413,0.1816563001098953,7.496806769598534,0,6,1,0.8897565210026094,0.5222329678670935,0.6839099685708037,0.28016199045791074,0.8218532674726854,0.6173841539240378
tgl,fin,4.842240949031243,0.13220152135728902,3.1622776601683795,1.0,5.5677643628300215,0.3822922361157489,2.0,0.1784161637422509,4.123105625617661,0.23222810405008554,7.160894932935106,0,6,1,0.6454972243679029,0.6030226891555273,0.6559874832690368,0.37767700585916086,0.7710654310954581,0.5708071586867072
tgl,hun,5.219087973101481,0.15348668210626482,2.8284271247461903,1.0,6.0,0.41844736850095576,2.0,0.19999999999999996,4.69041575982343,0.2782450328829461,7.791550773393962,0,6,1,0.5773502691896258,0.6030226891555273,0.7242522479073147,0.5227065297653551,0.832616481011525,0.588848006142612
tgl,ell,5.114127480743955,0.14735335006162553,3.4641016151377544,1.0,5.0990195135927845,0.28730335490020165,2.0,0.19999999999999996,4.795831523312719,0.33326330899968426,6.812459755542679,0,6,1,0.7071067811865476,0.6030226891555273,0.581956667535994,0.5496554542940227,0.8154731095858057,0.6025010137754384
tgl,heb,4.849491972248882,0.1324493829345107,3.7416573867739413,1.0,5.477225575051661,0.34022715496972944,2.8284271247461903,0.3238765962171868,4.358898943540674,0.2828628343993639,7.085182136364975,0,6,1,0.7637626158259734,0.8528028654224418,0.6416883174742132,0.43795619104683975,0.7722497527525352,0.6749730808928978
tgl,ind,1.6378231574035458,0.015084698564135968,3.0,0.5991081371313633,5.0990195135927845,0.3453463292920228,1.0,0.04653741075440765,3.4641016151377544,0.16093545896081152,2.2364937218107994,1,6,1,0.6123724356957946,0.30151134457776363,0.581956667535994,0.20920647778375834,0.24768255463243996,0.41924599975956384
tgl,ces,5.303901767838325,0.15853522128343944,3.605551275463989,1.0,6.0,0.4599382751326784,2.0,0.19999999999999996,4.69041575982343,0.3052874820290895,8.108241154704974,0,6,0,0.7359800721939873,0.6030226891555273,0.7242522479073147,0.5227065297653551,0.8464692588762257,0.6871295859371557
tgl,swe,5.083175678055909,0.1456609361752439,3.605551275463989,1.0,5.656854249492381,0.3992485908138893,2.23606797749979,0.2372299286035261,5.0990195135927845,0.2899283975032737,8.040331751751612,0,6,0,0.7359800721939873,0.6741998624632421,0.6700578181087926,0.6271636940259873,0.8104177002802805,0.7079509900136775
tgl,nor,5.239521752223689,0.1547630239440957,3.4641016151377544,1.0,5.830951894845301,0.41445995623088006,2.0,0.19999999999999996,5.196152422706632,0.2967891535922569,8.154127251484471,0,6,0,0.7071067811865476,0.6030226891555273,0.6975537804082217,0.6519951551881026,0.8359539640706735,0.6919954342082394
tgl,dan,5.355889187610582,0.1616854196893266,3.605551275463989,1.0,6.0,0.4493112082460652,2.23606797749979,0.2372299286035261,4.58257569495584,0.2523328205811597,8.423610992230989,0,6,0,0.7359800721939873,0.6741998624632421,0.7242522479073147,0.4951378467421696,0.8549604504341384,0.7012131363885021
tgl,ron,5.084776275246757,0.14568951926679763,3.872983346207417,1.0,5.385164807134504,0.3493503648389622,1.7320508075688772,0.1567259572884322,4.242640687119285,0.24213525325492657,6.981774184794478,0,6,0,0.7905694150420949,0.5222329678670935,0.6271487790515345,0.40823544649754057,0.8106791284760648,0.6449280956881431
tgl,ukr,5.057554341781868,0.14414275654339237,3.4641016151377544,1.0,5.385164807134504,0.3493503648389622,2.0,0.19999999999999996,4.358898943540674,0.25964852890543966,7.18915742569227,0,6,0,0.7071067811865476,0.6030226891555273,0.6271487790515345,0.43795619104683975,0.8062329249014364,0.6443225373572508
tgl,ben,2.08873943447623,0.024561378909173204,3.7416573867739413,1.0,6.928203230275509,0.5714285714285714,2.0,0.19999999999999996,4.47213595499958,0.2440710539815455,7.086396810983628,0,6,0,0.7637626158259734,0.6030226891555273,0.8708472289831782,0.46690457195922563,0.32133145857839474,0.6901561615561131
tgl,urd,3.361770946697668,0.06363232649427264,3.7416573867739413,1.0,5.916079783099616,0.4216447687457442,2.0,0.19999999999999996,5.5677643628300215,0.3329366259690576,7.90582037472765,0,6,0,0.7637626158259734,0.6030226891555273,0.7109983804275144,0.7469955782448925,0.5292578083931238,0.7105963602785669
tgl,pan,2.93799748046172,0.04860352435522752,3.605551275463989,1.0,6.082762530298219,0.4249453672147048,1.7320508075688772,0.1567259572884322,5.0,0.26393007003482216,7.107808348299732,0,6,0,0.7359800721939873,0.5222329678670935,0.7373232771465221,0.6018499334426524,0.460042184791617,0.6620965183102528
tgl,tam,2.7440943105324145,0.042375429111728535,4.123105625617661,1.0,7.0,0.6194902829261193,1.4142135623730951,0.10557280900008414,4.47213595499958,0.25246806977162284,7.550901224617093,0,6,0,0.8416254115301732,0.4264014327112209,0.8821863902312445,0.46690457195922563,0.42837165821482276,0.6769795283877311
tgl,tel,2.7131333586935424,0.04143000148193554,3.1622776601683795,1.0,6.928203230275509,0.6142416250947702,1.7320508075688772,0.1567259572884322,5.0,0.3119762915592055,7.336395390076567,0,6,0,0.6454972243679029,0.5222329678670935,0.8708472289831782,0.6018499334426524,0.42331475456330775,0.6598200828183433
tgl,mar,2.82724598357091,0.044993781359336404,3.605551275463989,1.0,7.0,0.590331711194902,1.7320508075688772,0.1567259572884322,4.795831523312719,0.2680749452886001,7.443499875507899,0,6,0,0.7359800721939873,0.5222329678670935,0.8821863902312445,0.5496554542940227,0.4419529589838133,0.6823355077645126
tgl,jav,1.2210174577240902,0.008386709135112635,2.449489742783178,0.49290744716289003,5.196152422706632,0.37639043553767637,1.4142135623730951,0.10557280900008414,4.242640687119285,0.24971048059141665,3.0226000241119815,1,6,0,0.5,0.4264014327112209,0.5972972702283177,0.40823544649754057,0.17960498790740795,0.49627537859347026
tgl,mya,1.8182238254660699,0.018610310066311975,3.7416573867739413,1.0,7.416198487095663,0.6787919627801895,2.0,0.15484574527148343,4.242640687119285,0.2110181236455393,7.614572548091372,0,6,0,0.7637626158259734,0.6030226891555273,0.9479183413272151,0.40823544649754057,0.27714769516845406,0.6945608270351706
tgl,khm,1.1050187595771572,0.006871890627278221,3.0,1.0,5.0990195135927845,0.35204840470813736,2.23606797749979,0.2828628343993639,4.795831523312719,0.2957852832076435,4.526820750185845,1,6,0,0.6123724356957946,0.6741998624632421,0.581956667535994,0.5496554542940227,0.16065872800936,0.6091342843763191
tgl,amh,4.834863610364149,0.13156177219102116,3.7416573867739413,1.0,6.557438524302,0.4939519231489402,2.0,0.19999999999999996,3.605551275463989,0.1773872543393774,7.449344348113563,0,6,0,0.7637626158259734,0.6030226891555273,0.8122908231412682,0.24536725767627113,0.7698604781263684,0.6676407342226867
ces,eng,0.7109244301835594,0.0028523539605418424,3.605551275463989,0.8639172365120457,4.358898943540674,0.2602045571258922,1.7320508075688772,0.14188366967896693,5.656854249492381,0.334973352217791,6.14015923281315,0,12,0,0.7359800721939873,0.5222329678670935,0.4650663600885159,0.7697708876716975,0.09629064708848431,0.6146457011478517
ces,spa,0.997547799762323,0.0056131325201835836,4.0,0.882148869802242,4.123105625617661,0.2191311905569696,1.4142135623730951,0.09999999999999998,4.898979485566356,0.33307598274792594,5.93516033303903,1,12,0,0.8164965809277261,0.4264014327112209,0.42782654465663106,0.5760246286760073,0.14310531776707144,0.580673601577204
ces,fra,0.596187620514297,0.002005575023767081,4.0,0.882148869802242,4.69041575982343,0.2799177001769044,2.23606797749979,0.21064778262367367,5.0990195135927845,0.27737799651656825,7.030276234141372,1,12,0,0.8164965809277261,0.6741998624632421,0.5174241841340927,0.6271636940259873,0.07755049352992317,0.6649358555013412
ces,deu,0.143387755414856,0.00011601411404948969,3.1622776601683795,0.8333333333333334,4.123105625617661,0.21209071994820916,2.0,0.15484574527148343,4.795831523312719,0.2560151120395566,5.499189136354591,0,12,0,0.6454972243679029,0.6030226891555273,0.42782654465663106,0.5496554542940227,0.003593940025258883,0.5625981636759453
ces,ita,0.47676587436810985,0.0012823182566522595,3.605551275463989,0.8639172365120457,4.0,0.20943058495790523,0.0,0.0,4.123105625617661,0.22659791675913576,4.9321767994703105,1,12,0,0.7359800721939873,0.0,0.40838396325945503,0.37767700585916086,0.058045141520727477,0.4120246222649977
ces,por,1.043559711006998,0.006143522917833377,3.872983346207417,0.8769085090206673,3.872983346207417,0.19935923097456432,1.0,0.05131670194948623,4.47213595499958,0.23263817966213074,5.6530581993731674,1,12,0,0.7905694150420949,0.30151134457776363,0.3883236969818679,0.46690457195922563,0.15062051959927905,0.5177801118272908
ces,nld,0.45588598908705985,0.00117275933960026,3.605551275463989,0.8639172365120457,4.358898943540674,0.24516015087173737,1.0,0.04653741075440765,4.69041575982343,0.23221412129885377,5.1852298842923945,0,12,0,0.7359800721939873,0.30151134457776363,0.4650663600885159,0.5227065297653551,0.05463479520222736,0.5203228490452549
ces,rus,2.2848679142776005,0.029460957124579856,2.0,0.3876275643042054,3.7416573867739413,0.1770488002021765,0.0,0.0,3.605551275463989,0.18236838206982864,3.5506181106036014,1,12,0,0.4082482904638631,0.0,0.36758284421387466,0.24536725767627113,0.3533654487100681,0.3004644170688779
ces,pol,0.20212601256482968,0.00023056040692381874,1.7320508075688772,0.26970325665977857,3.7416573867739413,0.1770488002021765,0.0,0.0,4.47213595499958,0.25543055935350967,3.0000403787188605,1,12,0,0.3535533905932738,0.0,0.36758284421387466,0.46690457195922563,0.013187757056826992,0.30027765966748227
ces,cmn,4.1610546873573595,0.09765413179523241,3.1622776601683795,1.0,5.477225575051661,0.41666666666666663,2.23606797749979,0.21064778262367367,5.916079783099616,0.4541309928444618,8.410372806317397,0,12,0,0.6454972243679029,0.6741998624632421,0.6416883174742132,0.836040382003964,0.6598061483722552,0.6989331611402315
ces,jpn,4.843713430386694,0.1323009838945809,3.0,1.0,5.744562646538029,0.46473563867193957,2.449489742783178,0.30000000000000004,4.898979485566356,0.3504075451067581,8.022178150688688,0,12,0,0.6123724356957946,0.7385489458759963,0.6839099685708037,0.5760246286760073,0.7713059339192059,0.6800999518892598
ces,kor,4.575897263623563,0.11808644573782856,2.6457513110645907,1.0,5.916079783099616,0.4662394873163762,2.449489742783178,0.3291796067500631,5.656854249492381,0.43243243243243246,8.756234520145764,0,12,0,0.5400617248673217,0.7385489458759963,0.7109983804275144,0.7697708876716975,0.727563074891892,0.6906992169100478
ces,arb,2.053647112579456,0.02378008730620007,3.4641016151377544,1.0,5.291502622129181,0.3467254200815122,2.0,0.15484574527148343,5.477225575051661,0.34240405077857083,7.701095695322431,0,12,0,0.7071067811865476,0.6030226891555273,0.6123563221945337,0.7238498657063308,0.3155997713982502,0.659716439509615
ces,hin,3.4128155992718985,0.06566415333169329,3.3166247903554,0.8456966500379081,5.196152422706632,0.34927599213080807,1.4142135623730951,0.0871290708247231,5.291502622129181,0.29063824236564373,7.766726503890135,0,12,0,0.6770032003863301,0.4264014327112209,0.5972972702283177,0.6763708770249299,0.5375950162198179,0.6074961547040983
ces,tur,1.0797587179858479,0.006576631371038699,3.4641016151377544,1.0,4.898979485566356,0.32407741195515605,1.0,0.04653741075440765,4.58257569495584,0.2643478803238306,5.329583230823345,1,12,0,0.7071067811865476,0.30151134457776363,0.5503635172791851,0.4951378467421696,0.15653296349070794,0.529679899142103
ces,vie,4.703911052614812,0.12471594904761274,3.0,1.0,6.164414002968976,0.5739935663848708,2.449489742783178,0.26970325665977857,5.291502622129181,0.32855840720436436,8.913798051397984,0,12,0,0.6123724356957946,0.7385489458759963,0.750218832452264,0.6763708770249299,0.7484717795196791,0.7072719541979138
ces,tha,4.668113869917195,0.12280432319757584,4.0,1.0,6.164414002968976,0.5580582617584078,2.449489742783178,0.26970325665977857,5.385164807134504,0.3658171382101988,8.735873009957706,0,12,0,0.8164965809277261,0.7385489458759963,0.750218832452264,0.7003150678304635,0.7426249662550349,0.7718084857250911
ces,swh,3.872684799567967,0.08446602169776474,4.242640687119285,1.0,5.5677643628300215,0.4128634360480138,2.23606797749979,0.2372299286035261,4.47213595499958,0.25543055935350967,8.172622532069472,0,12,0,0.8660254037844386,0.6741998624632421,0.6559874832690368,0.46690457195922563,0.6127062159755294,0.7102260799976098
ces,fin,1.0702190648262788,0.0064664604289260685,3.0,1.0,4.358898943540674,0.25273528224292663,1.4142135623730951,0.0871290708247231,4.358898943540674,0.25326695411226907,5.36003814120945,0,12,0,0.6123724356957946,0.4264014327112209,0.4650663600885159,0.43795619104683975,0.15497483610664464,0.506767531366605
ces,hun,0.2874493120765078,0.0004662073199760419,2.6457513110645907,1.0,5.291502622129181,0.3467254200815122,1.4142135623730951,0.09999999999999998,4.0,0.19774046309775972,5.3741968911882525,1,12,0,0.5400617248673217,0.4264014327112209,0.6123563221945337,0.3462057713491359,0.027123753182055767,0.49437719343838166
ces,ell,0.6861270677815329,0.002655838751112416,3.0,0.8174258141649446,4.242640687119285,0.20614337986426456,1.4142135623730951,0.09999999999999998,4.58257569495584,0.2951451569567488,2.9675606948706235,1,12,0,0.6123724356957946,0.4264014327112209,0.4467052120725283,0.4951378467421696,0.09224045272975306,0.5085358309488623
ces,heb,1.6030812243339176,0.014492497499087986,3.605551275463989,1.0,4.898979485566356,0.28736387858466383,2.0,0.15484574527148343,5.0,0.36063798690899396,6.740866477583204,0,12,0,0.7359800721939873,0.6030226891555273,0.5503635172791851,0.6018499334426524,0.2420080970409936,0.6340002922713627
ces,ind,5.697394044928255,0.18278433460342824,3.7416573867739413,1.0,5.830951894845301,0.49913269665952875,1.7320508075688772,0.14188366967896693,4.47213595499958,0.262902622910281,8.591000444162665,0,12,0,0.7637626158259734,0.5222329678670935,0.6975537804082217,0.46690457195922563,0.9107390055950825,0.6647704188698478
ces,tgl,5.303901767838325,0.15853522128343944,3.605551275463989,1.0,6.0,0.4599382751326784,2.0,0.19999999999999996,4.69041575982343,0.3052874820290895,8.108241154704974,0,12,0,0.7359800721939873,0.6030226891555273,0.7242522479073147,0.5227065297653551,0.8464692588762257,0.6871295859371557
ces,swe,0.6785436468457307,0.0025989864324200695,3.1622776601683795,0.8333333333333334,4.0,0.21592979786798105,1.0,0.04653741075440765,5.830951894845301,0.37844750505322333,5.673417249170402,0,12,1,0.6454972243679029,0.30151134457776363,0.40838396325945503,0.8142779343403991,0.09100184000166872,0.47739557825784606
ces,nor,0.7139282282175721,0.002877186672144094,3.0,0.8174258141649446,3.7416573867739413,0.18307827112316866,2.0,0.19999999999999996,6.082762530298219,0.4072510216361809,6.656980076297042,0,12,1,0.6123724356957946,0.6030226891555273,0.36758284421387466,0.8786518532469964,0.09678126240695593,0.5446208129477924
ces,dan,0.41387614103052145,0.0009667745606160016,3.1622776601683795,0.8333333333333334,3.7416573867739413,0.18889289434618728,1.0,0.04653741075440765,4.795831523312719,0.27282075165442055,5.244965584903106,0,12,1,0.6454972243679029,0.30151134457776363,0.36758284421387466,0.5496554542940227,0.047773256992992515,0.4273805532913397
ces,ron,0.4751578634818011,0.0012739151367443524,3.4641016151377544,0.8556624327025936,3.605551275463989,0.16707326992743432,1.0,0.05131670194948623,4.0,0.2102528102610154,3.950705317363573,1,12,1,0.7071067811865476,0.30151134457776363,0.34608704225909204,0.3462057713491359,0.057782502433758536,0.41154726977628187
ces,ukr,0.4287431622570171,0.0010372612034229567,2.23606797749979,0.4522774424948339,3.3166247903554,0.14104430961266667,0.0,0.0,3.605551275463989,0.17325984205286926,2.63461562694002,1,12,0,0.4564354645876385,0.0,0.3004556856387994,0.24536725767627113,0.05020151224556604,0.2863369407677704
ces,ben,3.9265085718689225,0.08691114965453595,3.3166247903554,0.8456966500379081,5.477225575051661,0.38278660015163235,1.4142135623730951,0.09999999999999998,6.0,0.43633545639474736,8.20133288092401,0,12,0,0.6770032003863301,0.4264014327112209,0.6416883174742132,0.8574940955361688,0.6214973420398543,0.647737963220965
ces,urd,3.0377289126021614,0.0520255743696183,3.3166247903554,0.8456966500379081,5.385164807134504,0.3753049524455757,0.0,0.0,5.916079783099616,0.37358768180024393,7.727641501530682,0,12,0,0.6770032003863301,0.0,0.6271487790515345,0.836040382003964,0.4763314851331079,0.527753347483456
ces,pan,3.1605651122188716,0.05632131008244767,3.1622776601683795,0.8333333333333334,5.196152422706632,0.3291796067500631,1.0,0.05131670194948623,5.385164807134504,0.30647207627884154,6.89252996562351,0,12,0,0.6454972243679029,0.30151134457776363,0.5972972702283177,0.7003150678304635,0.4963945254948089,0.5683534439497854
ces,tam,4.081583839042847,0.09387477847804726,4.0,1.0,5.0,0.34240405077857083,1.4142135623730951,0.10557280900008414,5.477225575051661,0.37323473679512476,8.105889822631047,0,12,0,0.8164965809277261,0.4264014327112209,0.5663181055833848,0.7238498657063308,0.6468260428147093,0.6557317355694852
ces,tel,3.829762440313175,0.08265935849135408,3.0,1.0,4.898979485566356,0.33333333333333337,1.7320508075688772,0.1567259572884322,5.385164807134504,0.3556139237744075,7.725185018979268,0,12,0,0.6123724356957946,0.5222329678670935,0.5503635172791851,0.7003150678304635,0.6056956357977364,0.6096747180958051
ces,mar,3.6943360314830356,0.07692622445560815,3.1622776601683795,0.8333333333333334,5.5677643628300215,0.40133391276034336,1.0,0.05131670194948623,5.916079783099616,0.4067762526546881,8.020179605721392,0,12,0,0.6454972243679029,0.30151134457776363,0.6559874832690368,0.836040382003964,0.5835762156685119,0.6048093681926393
ces,jav,5.507396913516006,0.17085286509301323,3.3166247903554,1.0,5.916079783099616,0.5509497906302911,2.449489742783178,0.3291796067500631,5.291502622129181,0.3783783783783784,9.35809729702892,0,12,1,0.6770032003863301,0.7385489458759963,0.7109983804275144,0.6763708770249299,0.8797064587723559,0.6753788271627582
ces,mya,4.1902635732306885,0.09897368127722894,3.605551275463989,1.0,6.4031242374328485,0.5463035642189198,2.449489742783178,0.23936117074433505,5.0990195135927845,0.304578350318806,8.904297410779405,0,12,0,0.7359800721939873,0.7385489458759963,0.7879193285962598,0.6271636940259873,0.6645768841816134,0.7403185221594261
ces,khm,4.885827795612151,0.13452108409048935,2.8284271247461903,1.0,6.324555320336759,0.60442259735738,2.6457513110645907,0.4023856953328032,5.385164807134504,0.3658171382101988,9.412665787746729,0,12,0,0.5773502691896258,0.7977240352174657,0.775510614061369,0.7003150678304635,0.7781845430911133,0.7216946997026532
ces,amh,2.8128299476869203,0.044588182933775866,3.605551275463989,1.0,5.0,0.3043344070000654,1.4142135623730951,0.09999999999999998,4.123105625617661,0.22659791675913576,5.668819814242981,0,12,0,0.7359800721939873,0.4264014327112209,0.5663181055833848,0.37767700585916086,0.4395983639157576,0.5692894700273404
swe,eng,0.8230419346918787,0.0038241753024802483,3.0,0.591751709536137,2.23606797749979,0.06658369264033637,2.0,0.18181818181818177,5.830951894845301,0.3202705791555751,3.5131511461993563,1,7,0,0.6123724356957946,0.6030226891555273,0.1297988721681695,0.8142779343403991,0.11460298518769722,0.5382990168416988
swe,spa,1.509380927172831,0.012855017098097998,4.0,0.882148869802242,3.605551275463989,0.16395392330206915,1.7320508075688772,0.14188366967896693,6.164414002968976,0.43194271800261896,6.934859584468575,0,7,0,0.8164965809277261,0.5222329678670935,0.34608704225909204,0.8995255755616136,0.22670387198590222,0.6409886546304469
swe,fra,0.998275987269197,0.005624814006214507,4.0,0.882148869802242,4.0,0.19899812108518578,2.0,0.16375798999290925,5.291502622129181,0.26909560429282064,5.792158380958882,0,7,0,0.8164965809277261,0.6030226891555273,0.40838396325945503,0.6763708770249299,0.1432242538411838,0.6359982834648893
swe,deu,0.7784856419201219,0.0034207752636111755,2.449489742783178,0.5,3.0,0.10941274720847183,1.7320508075688772,0.11359473957208166,4.58257569495584,0.20788196561866057,2.7845060650720432,1,7,0,0.5,0.5222329678670935,0.2504498209355252,0.4951378467421696,0.10732553193664503,0.4602851597620361
swe,ita,1.1443907241273075,0.007390539752244019,3.605551275463989,0.8639172365120457,3.4641016151377544,0.15356785952974783,1.0,0.04653741075440765,5.5677643628300215,0.3412492668848308,6.142327116835015,0,7,0,0.7359800721939873,0.30151134457776363,0.32374731147345703,0.7469955782448925,0.16708941632724955,0.5313251276504248
swe,por,1.4845446543916687,0.012436710608833335,3.872983346207417,0.8769085090206673,3.3166247903554,0.14278484978088357,1.4142135623730951,0.09546596626670911,5.291502622129181,0.28511855107004147,6.125744543715089,0,7,0,0.7905694150420949,0.4264014327112209,0.3004556856387994,0.6763708770249299,0.22264732233036497,0.5664503174884513
swe,nld,0.7050192357659033,0.002805613935097706,3.0,0.591751709536137,2.6457513110645907,0.08794973451134813,0.0,0.0,5.0990195135927845,0.24986127809000014,3.245167900385673,1,7,0,0.6123724356957946,0.0,0.19450185807913475,0.6271636940259873,0.09532614188305782,0.37145296352261625
swe,rus,1.9741543373186639,0.02200014955548013,2.8284271247461903,0.7958758547680684,3.4641016151377544,0.1489355036530099,1.0,0.04653741075440765,5.916079783099616,0.39963486696490724,5.811807756136034,0,7,0,0.5773502691896258,0.30151134457776363,0.32374731147345703,0.836040382003964,0.30261608447617494,0.5038692407204235
swe,pol,0.5411335254689786,0.0016530402520508192,3.0,0.8174258141649446,3.7416573867739413,0.17396681236909783,1.0,0.04653741075440765,5.656854249492381,0.34393897473895696,5.338685768379595,0,7,0,0.6123724356957946,0.30151134457776363,0.36758284421387466,0.7697708876716975,0.06855841680972412,0.501499689687195
swe,cmn,3.8079130130893817,0.08180807798286349,3.1622776601683795,1.0,4.69041575982343,0.29704050843336227,2.0,0.16375798999290925,6.082762530298219,0.40220995226043565,7.191574341415163,0,7,0,0.6454972243679029,0.6030226891555273,0.5174241841340927,0.8786518532469964,0.6021269325845237,0.659793801042347
swe,jpn,4.455968217953633,0.11200278132424135,3.0,1.0,5.916079783099616,0.4790119277482724,2.6457513110645907,0.3325761875280854,5.656854249492381,0.37125568146517895,8.859598131606967,0,7,0,0.6123724356957946,0.7977240352174657,0.7109983804275144,0.7697708876716975,0.7079748648094891,0.7262067919898368
swe,kor,4.196226708471229,0.09933535927973058,2.6457513110645907,1.0,5.744562646538029,0.4285232331872557,2.6457513110645907,0.3603978509331687,5.291502622129181,0.30938611672580374,8.01502173353271,0,7,0,0.5400617248673217,0.7977240352174657,0.6839099685708037,0.6763708770249299,0.6655508529578092,0.6829646941803538
swe,arb,2.407757533179564,0.03269824815745059,3.4641016151377544,1.0,5.291502622129181,0.3396934161399,2.23606797749979,0.19417703597461977,6.324555320336759,0.39987996398799586,8.303480412181393,0,7,0,0.7071067811865476,0.6741998624632421,0.6123563221945337,0.9404647684566524,0.37343721413229264,0.7128948403857941
swe,hin,3.421652121157286,0.0660255106102352,3.3166247903554,0.8456966500379081,5.385164807134504,0.3666317600773251,1.7320508075688772,0.1296117202215108,6.324555320336759,0.3769146975592772,8.286474339689644,0,7,0,0.6770032003863301,0.5222329678670935,0.6271487790515345,0.9404647684566524,0.5390383000058416,0.6771105881617693
swe,tur,1.4850755975308922,0.012444660404391295,3.4641016151377544,1.0,6.0,0.4736842105263158,0.0,0.0,5.385164807134504,0.3085826948776913,7.298190796742478,0,7,0,0.7071067811865476,0.0,0.7242522479073147,0.7003150678304635,0.2227340421545312,0.5231664462197233
swe,vie,4.539231073142882,0.11617328790342485,3.0,1.0,5.291502622129181,0.4076511222409077,2.6457513110645907,0.3036893761772086,5.830951894845301,0.34639410383546654,8.487094170068637,0,7,0,0.6123724356957946,0.7977240352174657,0.6123563221945337,0.8142779343403991,0.7215743251436976,0.7138344103602562
swe,tha,4.566967579218522,0.11757754599572989,4.0,1.0,5.291502622129181,0.39778369858977547,2.6457513110645907,0.3036893761772086,5.196152422706632,0.2869759040926192,8.002704480448179,0,7,0,0.8164965809277261,0.7977240352174657,0.6123563221945337,0.6519951551881026,0.7261045747169059,0.7509557495356517
swe,swh,4.336010604810778,0.10591983617476908,4.242640687119285,1.0,6.557438524302,0.5584043165537885,2.449489742783178,0.2727272727272727,5.477225575051661,0.3220702738969221,9.717589406962839,0,7,0,0.8660254037844386,0.7385489458759963,0.8122908231412682,0.7238498657063308,0.6883819887543184,0.79989960152625
swe,fin,0.4222113298010283,0.0010067525753901796,3.0,1.0,4.358898943540674,0.24668971647410987,1.0,0.0425728922436619,4.58257569495584,0.22767155427876706,4.869351609189089,1,7,0,0.6123724356957946,0.30151134457776363,0.4650663600885159,0.4951378467421696,0.04913465720927149,0.47883024874267144
swe,hun,0.8755446398764996,0.004326632329109126,2.6457513110645907,1.0,5.0990195135927845,0.31523761673767414,1.0,0.04653741075440765,5.0990195135927845,0.2739615830097305,5.798192203660599,0,7,0,0.5400617248673217,0.30151134457776363,0.581956667535994,0.6271636940259873,0.12317833916726009,0.5040211581740973
swe,ell,1.2156278869412922,0.008339317079385844,3.0,0.8174258141649446,4.242640687119285,0.20390206015556012,1.7320508075688772,0.14188366967896693,5.744562646538029,0.3756202616435036,5.582082902566651,0,7,0,0.6123724356957946,0.5222329678670935,0.4467052120725283,0.7921930273429978,0.17872470036607302,0.5813762042097708
swe,heb,2.057175060887565,0.023873280476647163,3.605551275463989,1.0,4.242640687119285,0.21069795916234924,2.23606797749979,0.19417703597461977,6.082762530298219,0.43066516278841227,7.003635229311139,0,7,0,0.7359800721939873,0.6741998624632421,0.4467052120725283,0.8786518532469964,0.3161759970509523,0.6762916075281096
swe,ind,5.651007629472936,0.17987717893507227,3.7416573867739413,1.0,4.898979485566356,0.34042976512213496,2.0,0.18181818181818177,5.477225575051661,0.3273272060036875,8.480868988337063,0,7,0,0.7637626158259734,0.6030226891555273,0.5503635172791851,0.7238498657063308,0.9031626353685642,0.6936927721168887
swe,tgl,5.083175678055909,0.1456609361752439,3.605551275463989,1.0,5.656854249492381,0.3992485908138893,2.23606797749979,0.2372299286035261,5.0990195135927845,0.2899283975032737,8.040331751751612,0,7,0,0.7359800721939873,0.6741998624632421,0.6700578181087926,0.6271636940259873,0.8104177002802805,0.7079509900136775
swe,ces,0.6785436468457307,0.0025989864324200695,3.1622776601683795,0.8333333333333334,4.0,0.21592979786798105,1.0,0.04653741075440765,5.830951894845301,0.37844750505322333,5.673417249170402,0,7,1,0.6454972243679029,0.30151134457776363,0.40838396325945503,0.8142779343403991,0.09100184000166872,0.47739557825784606
swe,nor,0.25181248714609694,0.0003580649743820663,1.7320508075688772,0.26970325665977857,1.4142135623730951,0.025320565519103555,1.7320508075688772,0.14188366967896693,5.385164807134504,0.28151953542292896,2.420148420797901,1,7,1,0.3535533905932738,0.5222329678670935,0.0,0.7003150678304635,0.021303131417684265,0.34273667589020923
swe,dan,0.4446100330711195,0.0011160522934315908,1.4142135623730951,0.16666666666666663,2.0,0.052631578947368474,0.0,0.0,3.605551275463989,0.13286785403389934,1.0319341700039257,1,7,1,0.2886751345948129,0.0,0.09251567861159542,0.24536725767627113,0.052793074590791245,0.1445504184817432
swe,ron,0.9447396802366033,0.005037588597667897,3.4641016151377544,0.8556624327025936,3.3166247903554,0.13861919370516207,1.4142135623730951,0.09546596626670911,5.477225575051661,0.3273272060036875,5.374133002664162,0,7,1,0.7071067811865476,0.4264014327112209,0.3004556856387994,0.7238498657063308,0.13448007995626313,0.49412501351529214
swe,ukr,0.8316430003706792,0.003903912382725805,3.0,0.8174258141649446,3.0,0.1132844641082551,1.0,0.04653741075440765,5.385164807134504,0.31853372436361804,4.960465242101612,0,7,0,0.6123724356957946,0.30151134457776363,0.2504498209355252,0.7003150678304635,0.11600781152069899,0.47002718179088876
swe,ben,3.836945704138955,0.0830178042171894,3.3166247903554,0.8456966500379081,5.830951894845301,0.42427989952997724,1.7320508075688772,0.14188366967896693,5.656854249492381,0.3320274228425073,8.065641945443405,0,7,0,0.6770032003863301,0.5222329678670935,0.6975537804082217,0.7697708876716975,0.6068688902008772,0.6689790358251153
swe,urd,3.1421670248507727,0.05568197341762471,3.3166247903554,0.8456966500379081,5.385164807134504,0.3666317600773251,1.0,0.04653741075440765,5.744562646538029,0.3140056594299646,8.183444582082883,0,7,0,0.6770032003863301,0.30151134457776363,0.6271487790515345,0.7921930273429978,0.4933895353486138,0.5974069829395272
swe,pan,3.1384035738294775,0.055551775073189424,3.1622776601683795,0.8333333333333334,5.5677643628300215,0.37125391657132323,1.4142135623730951,0.09546596626670911,5.744562646538029,0.3140056594299646,7.496249479778877,0,7,0,0.6454972243679029,0.4264014327112209,0.6559874832690368,0.7921930273429978,0.4927748446468896,0.6249147184757776
swe,tam,4.168046931717558,0.09792516201329882,4.0,1.0,5.916079783099616,0.4666192529373351,1.7320508075688772,0.14719713457755834,6.0,0.38073193844947595,8.993713154093179,0,7,0,0.8164965809277261,0.5222329678670935,0.7109983804275144,0.8574940955361688,0.6609482032490364,0.7293784168234713
swe,tel,3.883322461034788,0.08501443669151354,3.0,1.0,6.0,0.4862988330859186,2.0,0.19596974779263032,5.916079783099616,0.3666995036188764,8.371368437750899,0,7,0,0.6123724356957946,0.6030226891555273,0.7242522479073147,0.836040382003964,0.6144436828788437,0.68544609402362
swe,mar,3.756607282245726,0.07956657926173405,3.1622776601683795,0.8333333333333334,5.744562646538029,0.41730121927113906,1.4142135623730951,0.09546596626670911,5.744562646538029,0.33302703115008425,7.950678596811345,0,7,0,0.6454972243679029,0.4264014327112209,0.6839099685708037,0.7921930273429978,0.5937470824107577,0.6355478274243245
swe,jav,5.421761699541815,0.1656335327880415,3.3166247903554,1.0,5.385164807134504,0.4380485130509836,2.6457513110645907,0.3603978509331687,5.291502622129181,0.30938611672580374,8.80745960374113,0,7,1,0.6770032003863301,0.7977240352174657,0.6271487790515345,0.6763708770249299,0.8657195171402624,0.6727033321413249
swe,mya,4.0940574694057785,0.09451105509849012,3.605551275463989,1.0,6.708203932499369,0.584380533227095,2.6457513110645907,0.27475933237715777,5.291502622129181,0.28511855107004147,9.284337772477922,0,7,0,0.7359800721939873,0.7977240352174657,0.8361018285770369,0.6763708770249299,0.6488633815650885,0.7713441968099639
swe,khm,4.768995508472974,0.12820522659199407,2.8284271247461903,1.0,5.477225575051661,0.43726856612886233,2.8284271247461903,0.43019711770181024,5.5677643628300215,0.3301894856627634,8.592096174078968,0,7,0,0.5773502691896258,0.8528028654224418,0.6416883174742132,0.7469955782448925,0.7591021317194067,0.7147479039300452
swe,amh,3.2712047298161484,0.06032353057835238,3.605551275463989,1.0,5.744562646538029,0.39543645824165696,1.7320508075688772,0.14188366967896693,6.082762530298219,0.4093958944484689,8.151850943597418,0,7,0,0.7359800721939873,0.5222329678670935,0.6839099685708037,0.8786518532469964,0.5144654778719073,0.6956553092197751
nor,eng,0.6259054666151026,0.002211662711917417,2.8284271247461903,0.5527864045000421,2.6457513110645907,0.09021832140743635,2.23606797749979,0.2372299286035261,5.5677643628300215,0.28944028759357254,4.596653741639335,1,7,0,0.5773502691896258,0.6741998624632421,0.19450185807913475,0.7469955782448925,0.08240435865798573,0.5468249726581584
nor,spa,1.3922986112492948,0.010938263535687498,3.872983346207417,0.8709005551264195,3.872983346207417,0.18512308276408862,2.449489742783178,0.30000000000000004,6.244997998398398,0.4374313228738055,7.305941962023477,0,7,0,0.7905694150420949,0.7385489458759963,0.3883236969818679,0.920126403551316,0.20758062299785895,0.6978707920605914
nor,fra,0.8687786644649642,0.0042602279054672065,3.872983346207417,0.8709005551264195,4.0,0.19488243981746012,2.23606797749979,0.21064778262367367,5.916079783099616,0.3333030969604731,6.83079373800887,0,7,0,0.7905694150420949,0.6741998624632421,0.40838396325945503,0.836040382003964,0.1220732411734156,0.6689073021395954
nor,deu,0.774082199765521,0.003382260504232182,2.23606797749979,0.4522774424948339,2.6457513110645907,0.08373863787621694,2.449489742783178,0.23936117074433505,5.291502622129181,0.2743702999887191,4.503343212904058,1,7,0,0.4564354645876385,0.7385489458759963,0.19450185807913475,0.6763708770249299,0.10660631042088792,0.5172541945359015
nor,ita,1.146408455919909,0.007416795962534195,3.4641016151377544,0.850928801500014,3.7416573867739413,0.17500000000000004,2.0,0.19999999999999996,6.324555320336759,0.43759841166769053,7.128408306410674,0,7,0,0.7071067811865476,0.6030226891555273,0.36758284421387466,0.9404647684566524,0.16741897580988063,0.6358449395466129
nor,por,1.340257066645871,0.010136870807294529,3.7416573867739413,0.8651600275073515,3.605551275463989,0.16449002215597497,1.7320508075688772,0.1567259572884322,5.916079783099616,0.3527092847498121,7.058216663351998,0,7,0,0.7637626158259734,0.5222329678670935,0.34608704225909204,0.836040382003964,0.19908059114143775,0.6142645220240504
nor,nld,0.5743449096201946,0.0018619794337825235,2.8284271247461903,0.5527864045000421,3.0,0.11104336301536932,1.7320508075688772,0.14188366967896693,6.244997998398398,0.37140006284844607,5.052831305654155,1,7,0,0.5773502691896258,0.5222329678670935,0.2504498209355252,0.920126403551316,0.07398288730598618,0.5455713918087629
nor,rus,2.197641508707115,0.027263908009274918,2.6457513110645907,0.7763932022500211,3.1622776601683795,0.12168993434632014,2.0,0.19999999999999996,6.324555320336759,0.4530007817223318,6.87475566383827,0,7,0,0.5400617248673217,0.6030226891555273,0.27607900401255236,0.9404647684566524,0.3391186151135598,0.5760156365757647
nor,pol,0.6410311163294645,0.002319770280033606,2.8284271247461903,0.8,3.4641016151377544,0.1460874361700334,2.0,0.19999999999999996,6.4031242374328485,0.436907493628527,6.1809331609047975,0,7,0,0.5773502691896258,0.6030226891555273,0.32374731147345703,0.9605504534342771,0.08487485613074304,0.5870365261621397
nor,cmn,3.9760829586607276,0.08919571919661884,3.0,1.0,4.898979485566356,0.3148398402968512,2.23606797749979,0.21064778262367367,5.656854249492381,0.3422064855197281,7.162464206222306,0,7,0,0.6123724356957946,0.6741998624632421,0.5503635172791851,0.7697708876716975,0.6295944089160201,0.6592797533769417
nor,jpn,4.588018458592906,0.11874242215412112,2.8284271247461903,1.0,5.916079783099616,0.4654775161751512,2.449489742783178,0.30000000000000004,6.082762530298219,0.42714419640527446,9.16837100678185,0,7,0,0.5773502691896258,0.7385489458759963,0.7109983804275144,0.8786518532469964,0.7295428497844789,0.7183169137876632
nor,kor,4.342183660106896,0.10636856927878702,2.449489742783178,1.0,5.5677643628300215,0.3923563797498,2.449489742783178,0.3291796067500631,5.196152422706632,0.29326083348929255,7.964031284338984,0,7,0,0.5,0.7385489458759963,0.6559874832690368,0.6519951551881026,0.6893902441216081,0.6481035186071022
nor,arb,2.582074721563177,0.037605234092751405,3.3166247903554,1.0,5.0990195135927845,0.30873962279694556,2.8284271247461903,0.3238765962171868,6.244997998398398,0.3858676398934964,8.274463343705198,0,7,0,0.6770032003863301,0.8528028654224418,0.581956667535994,0.920126403551316,0.4019087298352491,0.7408074070031683
nor,hin,3.6329179678829795,0.07443249674804953,3.1622776601683795,0.8309691490542968,5.196152422706632,0.333282522261527,2.449489742783178,0.26970325665977857,5.5677643628300215,0.28944028759357254,8.232345430807445,0,7,0,0.6454972243679029,0.7385489458759963,0.5972972702283177,0.7469955782448925,0.573544701401623,0.6884724296318485
nor,tur,1.6483881784821988,0.015332639590988295,3.3166247903554,1.0,5.830951894845301,0.43571190635316526,1.7320508075688772,0.14188366967896693,5.656854249492381,0.336661236608085,7.703815249845943,0,7,0,0.6770032003863301,0.5222329678670935,0.6975537804082217,0.7697708876716975,0.24940815706058936,0.6511059991681009
nor,vie,4.7208519272188125,0.12565899197354624,2.8284271247461903,1.0,5.477225575051661,0.42264973081037427,2.449489742783178,0.26970325665977857,6.557438524302,0.4336206241560856,9.390377401230062,0,7,0,0.5773502691896258,0.7385489458759963,0.6416883174742132,1.0,0.7512387606864943,0.7237419187550542
nor,tha,4.752637930176194,0.1273354047129981,3.872983346207417,1.0,5.477225575051661,0.41303215590630526,2.0,0.1784161637422509,5.477225575051661,0.31526321198253937,8.408941931862293,0,7,0,0.7905694150420949,0.6030226891555273,0.6416883174742132,0.7238498657063308,0.7564304213065802,0.7126631612176315
nor,swh,4.4279436643087084,0.1104617563209308,4.123105625617661,1.0,6.557438524302,0.54426728481235,2.6457513110645907,0.3325761875280854,5.744562646538029,0.3502778772636851,9.980021826868725,0,7,0,0.8416254115301732,0.7977240352174657,0.8122908231412682,0.7921930273429978,0.7033975679487005,0.8183756293905567
nor,fin,0.5819243218691348,0.0019125404563409276,2.8284271247461903,1.0,4.123105625617661,0.21512699051015827,2.0,0.1784161637422509,4.898979485566356,0.2576299034013516,5.591759688986975,1,7,0,0.5773502691896258,0.6030226891555273,0.42782654465663106,0.5760246286760073,0.07522084528859192,0.5496907985429265
nor,hun,0.962791032997191,0.005232017331025851,2.449489742783178,1.0,4.898979485566356,0.28490305806580574,1.4142135623730951,0.09999999999999998,5.5677643628300215,0.3232721048994983,6.604924565904728,0,7,0,0.5,0.4264014327112209,0.5503635172791851,0.7469955782448925,0.13742843736351806,0.5355938202385521
nor,ell,1.335190172068635,0.010060678703289638,2.8284271247461903,0.8,4.0,0.1784161637422509,2.0,0.19999999999999996,6.324555320336759,0.4530007817223318,6.313149203292955,0,7,0,0.5773502691896258,0.6030226891555273,0.40838396325945503,0.9404647684566524,0.1982530068403215,0.6066199113081745
nor,heb,2.2047555274836355,0.027422188677508452,3.4641016151377544,1.0,4.242640687119285,0.2073709129957333,2.8284271247461903,0.3238765962171868,5.830951894845301,0.38713707769317485,7.236281681774569,0,7,0,0.7071067811865476,0.8528028654224418,0.4467052120725283,0.8142779343403991,0.3402805596078749,0.703829511257534
nor,ind,5.805142821923568,0.18982843527743198,3.605551275463989,1.0,5.0990195135927845,0.3571304564688105,2.23606797749979,0.2372299286035261,5.385164807134504,0.3116208328892923,8.92116853138408,0,7,0,0.7359800721939873,0.6741998624632421,0.581956667535994,0.7003150678304635,0.9283377921785679,0.7071994705647036
nor,tgl,5.239521752223689,0.1547630239440957,3.4641016151377544,1.0,5.830951894845301,0.41445995623088006,2.0,0.19999999999999996,5.196152422706632,0.2967891535922569,8.154127251484471,0,7,0,0.7071067811865476,0.6030226891555273,0.6975537804082217,0.6519951551881026,0.8359539640706735,0.6919954342082394
nor,ces,0.7139282282175721,0.002877186672144094,3.0,0.8174258141649446,3.7416573867739413,0.18307827112316866,2.0,0.19999999999999996,6.082762530298219,0.4072510216361809,6.656980076297042,0,7,1,0.6123724356957946,0.6030226891555273,0.36758284421387466,0.8786518532469964,0.09678126240695593,0.5446208129477924
nor,swe,0.25181248714609694,0.0003580649743820663,1.7320508075688772,0.26970325665977857,1.4142135623730951,0.025320565519103555,1.7320508075688772,0.14188366967896693,5.385164807134504,0.28151953542292896,2.420148420797901,1,7,1,0.3535533905932738,0.5222329678670935,0.0,0.7003150678304635,0.021303131417684265,0.34273667589020923
nor,dan,0.3494382083153601,0.0006894016537468683,1.7320508075688772,0.26970325665977857,1.4142135623730951,0.025320565519103555,1.7320508075688772,0.14188366967896693,4.47213595499958,0.20258570039320756,2.704195344012641,1,7,1,0.3535533905932738,0.5222329678670935,0.0,0.46690457195922563,0.03724850249128303,0.3085223700632035
nor,ron,1.076582998500454,0.006541924024059953,3.3166247903554,0.841886116991581,3.0,0.11104336301536932,1.7320508075688772,0.1567259572884322,5.916079783099616,0.3782381716419414,6.17904571641265,0,7,1,0.6770032003863301,0.5222329678670935,0.2504498209355252,0.836040382003964,0.15601426795623433,0.5169559369681838
nor,ukr,0.975331686620247,0.005369614793282795,2.8284271247461903,0.8,2.6457513110645907,0.0863501230991296,2.0,0.19999999999999996,6.164414002968976,0.41510234813439817,6.259023076532659,0,7,0,0.5773502691896258,0.6030226891555273,0.19450185807913475,0.8995255755616136,0.13947672313421575,0.5547637971525493
nor,ben,4.040795112950566,0.09207566009270496,3.1622776601683795,0.8309691490542968,5.656854249492381,0.3900624544071667,2.0,0.19999999999999996,4.58257569495584,0.21444668093501307,7.4774554651750185,0,7,0,0.6454972243679029,0.6030226891555273,0.6700578181087926,0.4951378467421696,0.640163952482663,0.6346952778564698
nor,urd,3.351269654608705,0.06334119673873839,3.1622776601683795,0.8309691490542968,5.5677643628300215,0.38266900209400645,2.0,0.19999999999999996,5.656854249492381,0.30176249561083257,8.255948811054186,0,7,0,0.6454972243679029,0.6030226891555273,0.6559874832690368,0.7697708876716975,0.5275426149266351,0.6674451001501465
nor,pan,3.3557259687153604,0.06351330951205159,3.0,0.8174258141649446,5.385164807134504,0.34003367089255565,1.7320508075688772,0.1567259572884322,4.898979485566356,0.22627736000119292,7.362309052820743,0,7,0,0.6123724356957946,0.5222329678670935,0.6271487790515345,0.5760246286760073,0.5282704721060759,0.6025169463925235
nor,tam,4.359682513527951,0.10713963468709276,3.872983346207417,1.0,5.744562646538029,0.42813723059896003,1.4142135623730951,0.10557280900008414,4.795831523312719,0.2386811180119356,7.970927875623033,0,7,0,0.7905694150420949,0.4264014327112209,0.6839099685708037,0.5496554542940227,0.6922483608947223,0.6476139125934339
nor,tel,4.0834015119930065,0.09400291594008625,2.8284271247461903,1.0,5.830951894845301,0.4466014094705336,1.7320508075688772,0.1567259572884322,4.242640687119285,0.18466404024308647,7.342652320902241,0,7,0,0.5773502691896258,0.5222329678670935,0.6975537804082217,0.40823544649754057,0.6471229263545552,0.5868655420976643
nor,mar,3.958590547194603,0.08835509864679325,3.0,0.8174258141649446,5.5677643628300215,0.38266900209400645,1.7320508075688772,0.1567259572884322,4.242640687119285,0.17934321174892842,7.0629274662052834,0,7,0,0.6123724356957946,0.5222329678670935,0.6559874832690368,0.40823544649754057,0.6267373443180969,0.5880396535198551
nor,jav,5.582263860884082,0.1755897940721488,3.1622776601683795,1.0,5.5677643628300215,0.4522774424948338,2.449489742783178,0.3291796067500631,5.744562646538029,0.36165494637742557,9.192111643798718,0,7,1,0.6454972243679029,0.7385489458759963,0.6559874832690368,0.7921930273429978,0.8919346015469612,0.672909584611975
nor,mya,4.291844142174738,0.10386609992793805,3.4641016151377544,1.0,6.557438524302,0.54426728481235,2.449489742783178,0.23936117074433505,5.5677643628300215,0.31225361504667537,9.601493748947505,0,7,0,0.7071067811865476,0.7385489458759963,0.8122908231412682,0.7469955782448925,0.6811682071063563,0.7553351825452688
nor,khm,4.94809377852153,0.13801900496893116,2.6457513110645907,1.0,5.656854249492381,0.4515172442698556,2.6457513110645907,0.4023856953328032,5.656854249492381,0.336661236608085,9.169217072731959,0,7,0,0.5400617248673217,0.7977240352174657,0.6700578181087926,0.7697708876716975,0.7883545494261344,0.7003444505083828
nor,amh,3.398162603292725,0.06509850004898499,3.4641016151377544,1.0,5.5677643628300215,0.36360389693210726,2.0,0.19999999999999996,5.830951894845301,0.37011022106781344,7.973158767935679,0,7,0,0.7071067811865476,0.6030226891555273,0.6559874832690368,0.8142779343403991,0.5352017180661194,0.6929869793530192
dan,eng,0.4318519414143292,0.0010526867656064365,3.0,0.591751709536137,3.0,0.11992176734660287,2.0,0.18181818181818177,4.795831523312719,0.22463829682464442,3.5427050087804797,1,7,0,0.6123724356957946,0.6030226891555273,0.2504498209355252,0.5496554542940227,0.050709274305149356,0.5195411490440861
dan,spa,1.0793184571622227,0.006572128341258532,4.0,0.882148869802242,4.123105625617661,0.21462338249588309,1.7320508075688772,0.14188366967896693,5.5677643628300215,0.3769440171509665,7.100110000006298,0,7,0,0.8164965809277261,0.5222329678670935,0.42782654465663106,0.7469955782448925,0.15646105495965906,0.6309449146611343
dan,fra,0.5577562434814277,0.0017556077540976656,4.0,0.882148869802242,4.0,0.19899812108518578,2.0,0.16375798999290925,4.58257569495584,0.21014430036175258,5.835353353897985,0,7,0,0.8164965809277261,0.6030226891555273,0.40838396325945503,0.4951378467421696,0.07127343293237834,0.605215787877035
dan,deu,0.4408973605240038,0.0010970617995952336,2.449489742783178,0.5,2.6457513110645907,0.0846742124087072,1.7320508075688772,0.11359473957208166,2.8284271247461903,0.08253657814887105,2.194435033793792,1,7,0,0.5,0.5222329678670935,0.19450185807913475,0.04670000532338385,0.05218667762153473,0.37907294826218463
dan,ita,0.8110819669732096,0.0037118438747320015,3.605551275463989,0.8639172365120457,4.0,0.20486677713400547,1.0,0.04653741075440765,4.898979485566356,0.2824526901475902,6.172387480417033,0,7,0,0.7359800721939873,0.30151134457776363,0.40838396325945503,0.5760246286760073,0.11264954380956084,0.5198848219464073
dan,por,1.0514544240041006,0.006237818635605796,3.872983346207417,0.8769085090206673,3.872983346207417,0.19473728312749672,1.4142135623730951,0.09546596626670911,4.358898943540674,0.20425507180422053,6.213839974957522,0,7,0,0.7905694150420949,0.4264014327112209,0.3883236969818679,0.43795619104683975,0.15190997617640492,0.5447248495526535
dan,nld,0.2624940846268536,0.0003888509446211552,3.0,0.591751709536137,3.0,0.1132844641082551,0.0,0.0,4.358898943540674,0.18989159011461798,2.887796747275766,1,7,0,0.6123724356957946,0.0,0.2504498209355252,0.43795619104683975,0.02304777446307779,0.3506475122760232
dan,rus,2.336244359030207,0.030805942100319283,2.8284271247461903,0.7958758547680684,3.4641016151377544,0.1489355036530099,1.0,0.04653741075440765,4.898979485566356,0.291989567606157,5.847124914759856,0,7,0,0.5773502691896258,0.30151134457776363,0.32374731147345703,0.5760246286760073,0.3617568487039509,0.46782391593261874
dan,pol,0.4265942619989415,0.0010271758544040388,3.0,0.8174258141649446,3.7416573867739413,0.17396681236909783,1.0,0.04653741075440765,5.385164807134504,0.33222961636516923,5.348799282089701,0,7,0,0.6123724356957946,0.30151134457776363,0.36758284421387466,0.7003150678304635,0.04985052879976124,0.49014592231051174
dan,cmn,4.1543007280143245,0.09735373990261065,3.1622776601683795,1.0,4.898979485566356,0.32407741195515605,2.0,0.16375798999290925,5.477225575051661,0.34724663423178037,7.560336533408881,0,7,0,0.6454972243679029,0.6030226891555273,0.5503635172791851,0.7238498657063308,0.6587030129828226,0.6459901735601805
dan,jpn,4.787504359498388,0.12926994203585485,3.0,1.0,5.744562646538029,0.4515915028929183,2.6457513110645907,0.3325761875280854,5.196152422706632,0.3379660733345299,8.79775625885745,0,7,0,0.6123724356957946,0.7977240352174657,0.6839099685708037,0.6519951551881026,0.7621252130775917,0.7058302671593605
dan,kor,4.536246091476067,0.1160683331100838,2.6457513110645907,1.0,5.5677643628300215,0.4025470165139492,2.6457513110645907,0.3603978509331687,4.795831523312719,0.27282075165442055,8.142340916296028,0,7,0,0.5400617248673217,0.7977240352174657,0.6559874832690368,0.5496554542940227,0.721086783133711,0.6611496802191593
dan,arb,2.4109119960048995,0.03277914524747472,3.4641016151377544,1.0,5.291502622129181,0.3396934161399,2.23606797749979,0.19417703597461977,5.744562646538029,0.34704276559974134,8.118261771994238,0,7,0,0.7071067811865476,0.6741998624632421,0.6123563221945337,0.7921930273429978,0.37395243778119797,0.6906798404011911
dan,hin,3.628773962560255,0.07424980696344463,3.3166247903554,0.8456966500379081,5.196152422706632,0.34129703048041804,1.7320508075688772,0.1296117202215108,5.744562646538029,0.32404364338558744,8.1994944573713,0,7,0,0.6770032003863301,0.5222329678670935,0.5972972702283177,0.7921930273429978,0.5728678541342185,0.6505910029364965
dan,tur,1.4526738799986485,0.01190581220890119,3.4641016151377544,1.0,5.656854249492381,0.42105263157894735,0.0,0.0,4.47213595499958,0.22647321617140692,6.700236238217685,0,7,0,0.7071067811865476,0.0,0.6700578181087926,0.46690457195922563,0.2174418158509961,0.4770513745641564
dan,vie,4.807054786710507,0.13026711650167244,3.0,1.0,5.656854249492381,0.46688601001681695,2.6457513110645907,0.3036893761772086,5.196152422706632,0.29028155052808857,8.815232055219314,0,7,0,0.6123724356957946,0.7977240352174657,0.6700578181087926,0.6519951551881026,0.7653184168031154,0.7032194972532345
dan,tha,4.807229741071301,0.13025469228648223,4.0,1.0,5.656854249492381,0.45513763205741586,2.6457513110645907,0.3036893761772086,4.69041575982343,0.24922400393107136,8.37256089180673,0,7,0,0.8164965809277261,0.7977240352174657,0.6700578181087926,0.5227065297653551,0.7653469923892456,0.7450648757887084
dan,swh,4.201117636047669,0.09941704847474864,4.242640687119285,1.0,6.557438524302,0.5584043165537885,2.449489742783178,0.2727272727272727,4.795831523312719,0.2631499215063936,9.50347602079811,0,7,0,0.8660254037844386,0.7385489458759963,0.8122908231412682,0.5496554542940227,0.666349696276623,0.7726688251905188
dan,fin,0.8596966188110424,0.004173379460056026,3.0,1.0,4.123105625617661,0.22071349980080324,1.0,0.0425728922436619,3.4641016151377544,0.13894322817710825,4.732577097334492,1,7,0,0.6123724356957946,0.30151134457776363,0.42782654465663106,0.20920647778375834,0.12058985558276715,0.4320653402312076
dan,hun,0.6931073737840722,0.002711011169801436,2.6457513110645907,1.0,4.898979485566356,0.29078181733544817,1.0,0.04653741075440765,4.358898943540674,0.21303593677674626,5.472487242163314,0,7,0,0.5400617248673217,0.30151134457776363,0.5503635172791851,0.43795619104683975,0.09338055769476304,0.4678315136022386
dan,ell,1.0864034455052602,0.0066595987132679335,3.0,0.8174258141649446,4.242640687119285,0.20390206015556012,1.7320508075688772,0.14188366967896693,5.0990195135927845,0.3172756544773656,5.530655189963373,0,7,0,0.6123724356957946,0.5222329678670935,0.4467052120725283,0.6271636940259873,0.1576182578650899,0.5555664820871701
dan,heb,1.9870025353631011,0.022269078877883985,3.605551275463989,1.0,4.47213595499958,0.23461620282409623,2.23606797749979,0.19417703597461977,4.898979485566356,0.29626385255737264,6.858630502379385,0,7,0,0.7359800721939873,0.6741998624632421,0.48295035037260314,0.5760246286760073,0.3047146019876659,0.6375734817493118
dan,ind,5.8352940580806445,0.1917718355995588,3.7416573867739413,1.0,5.291502622129181,0.39778369858977547,2.0,0.18181818181818177,4.58257569495584,0.244492536560183,8.79843659548111,0,7,0,0.7637626158259734,0.6030226891555273,0.6123563221945337,0.4951378467421696,0.9332624436238435,0.6732895206680982
dan,tgl,5.355889187610582,0.1616854196893266,3.605551275463989,1.0,6.0,0.4493112082460652,2.23606797749979,0.2372299286035261,4.58257569495584,0.2523328205811597,8.423610992230989,0,7,0,0.7359800721939873,0.6741998624632421,0.7242522479073147,0.4951378467421696,0.8549604504341384,0.7012131363885021
dan,ces,0.41387614103052145,0.0009667745606160016,3.1622776601683795,0.8333333333333334,3.7416573867739413,0.18889289434618728,1.0,0.04653741075440765,4.795831523312719,0.27282075165442055,5.244965584903106,0,7,1,0.6454972243679029,0.30151134457776363,0.36758284421387466,0.5496554542940227,0.047773256992992515,0.4273805532913397
dan,swe,0.4446100330711195,0.0011160522934315908,1.4142135623730951,0.16666666666666663,2.0,0.052631578947368474,0.0,0.0,3.605551275463989,0.13286785403389934,1.0319341700039257,1,7,1,0.2886751345948129,0.0,0.09251567861159542,0.24536725767627113,0.052793074590791245,0.1445504184817432
dan,nor,0.3494382083153601,0.0006894016537468683,1.7320508075688772,0.26970325665977857,1.4142135623730951,0.025320565519103555,1.7320508075688772,0.14188366967896693,4.47213595499958,0.20258570039320756,2.704195344012641,1,7,1,0.3535533905932738,0.5222329678670935,0.0,0.46690457195922563,0.03724850249128303,0.3085223700632035
dan,ron,0.8524588768782565,0.004100935994573729,3.4641016151377544,0.8556624327025936,3.3166247903554,0.13861919370516207,1.4142135623730951,0.09546596626670911,4.58257569495584,0.244492536560183,5.34727840459582,0,7,1,0.7071067811865476,0.4264014327112209,0.3004556856387994,0.4951378467421696,0.11940770317998875,0.4590645918318543
dan,ukr,0.774083708010458,0.0033817419389039483,3.0,0.8174258141649446,3.0,0.1132844641082551,1.0,0.04653741075440765,4.47213595499958,0.23461620282409623,4.811325094517229,0,7,0,0.6123724356957946,0.30151134457776363,0.2504498209355252,0.46690457195922563,0.10660655676503679,0.43454554467242
dan,ben,4.086674341877629,0.09416190981326633,3.3166247903554,0.8456966500379081,5.477225575051661,0.37421728209780136,1.7320508075688772,0.14188366967896693,5.196152422706632,0.29666082837782715,8.073410905832874,0,7,0,0.6770032003863301,0.5222329678670935,0.6416883174742132,0.6519951551881026,0.6476574830917144,0.6421790130103162
dan,urd,3.299891015205773,0.061403179033915234,3.3166247903554,0.8456966500379081,5.5677643628300215,0.3919664896742321,1.0,0.04653741075440765,5.291502622129181,0.2776848814853847,8.15143424635102,0,7,0,0.6770032003863301,0.30151134457776363,0.6559874832690368,0.6763708770249299,0.5191508564768721,0.5870894672917304
dan,pan,3.3650461759702437,0.06385546081760474,3.1622776601683795,0.8333333333333334,5.385164807134504,0.3470713749009895,1.4142135623730951,0.09546596626670911,4.898979485566356,0.2375562637901284,7.467919788742384,0,7,0,0.6454972243679029,0.4264014327112209,0.6271487790515345,0.5760246286760073,0.5297927570262999,0.5885726134511992
dan,tam,4.320509156206977,0.10520448730551746,4.0,1.0,5.5677643628300215,0.4132811782310686,1.7320508075688772,0.14719713457755834,5.5677643628300215,0.34794406190073257,8.905005643082795,0,7,0,0.8164965809277261,0.5222329678670935,0.6559874832690368,0.7469955782448925,0.6858501114252139,0.7030465552068933
dan,tel,4.059422001110519,0.0928858642523882,3.0,1.0,5.656854249492381,0.43222502604233115,2.0,0.19596974779263032,5.477225575051661,0.33316866328841943,8.277366333344043,0,7,0,0.6123724356957946,0.6030226891555273,0.6700578181087926,0.7238498657063308,0.6432063130419455,0.6592167621274256
dan,mar,3.9299357781794853,0.0870653589314937,3.1622776601683795,0.8333333333333334,5.385164807134504,0.3666317600773251,1.4142135623730951,0.09546596626670911,5.0990195135927845,0.2764319488550636,7.939993657773696,0,7,0,0.6454972243679029,0.4264014327112209,0.6271487790515345,0.6271636940259873,0.6220571133348899,0.6008566910691256
dan,jav,5.631611663089339,0.1786766441895039,3.3166247903554,1.0,5.5677643628300215,0.4692680401037067,2.6457513110645907,0.3603978509331687,4.58257569495584,0.24858144337623456,9.175411455746636,0,7,1,0.6770032003863301,0.7977240352174657,0.6559874832690368,0.4951378467421696,0.8999946599865307,0.6529998755847247
dan,mya,4.342153237341388,0.10629679446036644,3.605551275463989,1.0,6.4031242374328485,0.532428099880482,2.6457513110645907,0.27475933237715777,4.358898943540674,0.20425507180422053,9.092516076464873,0,7,0,0.7359800721939873,0.7977240352174657,0.7879193285962598,0.43795619104683975,0.6893852751208234,0.7279715885948819
dan,khm,5.0111991826182996,0.14153708266298803,2.8284271247461903,1.0,5.830951894845301,0.4965034539047716,2.8284271247461903,0.43019711770181024,4.898979485566356,0.2719747916907359,8.965872028202098,0,7,0,0.5773502691896258,0.8528028654224418,0.6975537804082217,0.5760246286760073,0.7986616598169276,0.70225333048639
dan,amh,3.176272074803937,0.05686456353738656,3.605551275463989,1.0,5.5677643628300215,0.37125391657132323,1.7320508075688772,0.14188366967896693,5.291502622129181,0.3302891774710842,7.744650417412162,0,7,0,0.7359800721939873,0.5222329678670935,0.6559874832690368,0.6763708770249299,0.4989599697635766,0.6589533903206953
ron,eng,1.1770566890623952,0.007818083535043874,3.872983346207417,0.882148869802242,4.0,0.2040809427572,1.4142135623730951,0.09546596626670911,5.0990195135927845,0.2658830209511982,5.035555738543644,0,12,0,0.7905694150420949,0.4264014327112209,0.40838396325945503,0.6271636940259873,0.17242480259767776,0.5781437695761067
ron,spa,1.2933725916373702,0.009434938171090868,2.8284271247461903,0.3876275643042054,2.8284271247461903,0.09756097560975607,1.7320508075688772,0.1567259572884322,4.69041575982343,0.2962684494510033,2.6763659997832,1,12,0,0.5773502691896258,0.5222329678670935,0.22335260603626417,0.5227065297653551,0.1914228720214402,0.48641096699678926
ron,fra,1.019904813787352,0.005868713661727032,2.8284271247461903,0.3876275643042054,3.872983346207417,0.18066342238980415,2.0,0.1679497056621564,4.69041575982343,0.23016472712447866,4.150690212852545,1,12,0,0.5773502691896258,0.6030226891555273,0.3883236969818679,0.5227065297653551,0.14675692597500117,0.5373693182056964
ron,deu,0.5583131674355533,0.0017587236417367924,3.4641016151377544,0.8556624327025936,4.0,0.19024663600978042,2.23606797749979,0.1982162742627268,4.795831523312719,0.2526971574645668,5.561918923746915,0,12,0,0.7071067811865476,0.6741998624632421,0.40838396325945503,0.5496554542940227,0.07136439624616438,0.5983753305800774
ron,ita,0.5996048622407996,0.0020280348950065807,2.23606797749979,0.2928932188134524,2.6457513110645907,0.0863501230991296,1.0,0.05131670194948623,3.3166247903554,0.14278484978088357,1.8710831194438176,1,12,0,0.4564354645876385,0.30151134457776363,0.19450185807913475,0.17150488848406095,0.07810863729290543,0.33084001227381377
ron,por,1.38884885298086,0.010880402165374892,2.6457513110645907,0.3603978509331687,2.449489742783178,0.07471080193134272,0.0,0.0,4.242640687119285,0.20585887902601208,2.753569682058816,1,12,0,0.5400617248673217,0.0,0.16350545562146043,0.40823544649754057,0.20701716825411337,0.31630578397182535
ron,nld,0.9251892177755735,0.00482955708941879,3.872983346207417,0.882148869802242,4.242640687119285,0.2195121951219512,1.4142135623730951,0.09546596626670911,5.0990195135927845,0.27415531414593697,4.956337190857968,0,12,0,0.7905694150420949,0.4264014327112209,0.4467052120725283,0.6271636940259873,0.1312868704734764,0.5837511227325113
ron,rus,2.0627911291893692,0.024009580527639685,3.1622776601683795,0.8232233047033631,3.3166247903554,0.13246715311861623,1.0,0.05131670194948623,3.605551275463989,0.17614744542836536,4.178326674452872,1,12,0,0.6454972243679029,0.30151134457776363,0.3004556856387994,0.24536725767627113,0.3170932788079974,0.4317778931744122
ron,pol,0.444868279961428,0.0011167350701866141,3.3166247903554,0.841886116991581,3.3166247903554,0.13246715311861623,1.0,0.05131670194948623,4.47213595499958,0.2497655150794671,2.9946967227916432,1,12,0,0.6770032003863301,0.30151134457776363,0.3004556856387994,0.46690457195922563,0.05283525448401255,0.4612473819061843
ron,cmn,3.98561923562243,0.08958291002950547,3.4641016151377544,1.0,5.385164807134504,0.3753049524455757,2.449489742783178,0.2603997383663612,5.385164807134504,0.3670378955727083,7.253083746038501,0,12,0,0.7071067811865476,0.7385489458759963,0.6271487790515345,0.7003150678304635,0.6311519848600822,0.7088038860528441
ron,jpn,4.727789974177999,0.126029533779905,3.3166247903554,1.0,6.48074069840786,0.5512308742538136,2.23606797749979,0.26213521262737816,4.242640687119285,0.25224349889403397,8.14612868258107,0,12,0,0.6770032003863301,0.6741998624632421,0.8001776177905671,0.40823544649754057,0.7523719634118137,0.6805403644350448
ron,kor,4.438793543294832,0.11110335877148114,3.0,1.0,6.0,0.44982804439160917,2.23606797749979,0.2928932188134524,5.0990195135927845,0.3418773418841795,8.151521538189959,0,12,0,0.6123724356957946,0.6741998624632421,0.7242522479073147,0.6271636940259873,0.7051696966916721,0.6764451848444936
ron,arb,1.6063255575723099,0.014547130827070709,3.7416573867739413,1.0,4.358898943540674,0.22304534457578173,2.23606797749979,0.1982162742627268,4.898979485566356,0.267985582605316,6.1499691973468265,0,12,0,0.7637626158259734,0.6741998624632421,0.4650663600885159,0.5760246286760073,0.24253799937362663,0.6392226166513882
ron,hin,3.033281026762234,0.05186538909775096,3.605551275463989,0.8663693790437879,5.0990195135927845,0.31707317073170727,1.7320508075688772,0.1339745962155614,5.477225575051661,0.3090663726599513,7.527112023921841,0,12,0,0.7359800721939873,0.5222329678670935,0.581956667535994,0.7238498657063308,0.47560500455646065,0.650101327215941
ron,tur,0.6132505634272065,0.0021211595304522213,3.7416573867739413,1.0,5.5677643628300215,0.3919664896742321,1.4142135623730951,0.09546596626670911,5.0,0.3081673044496388,6.49511000887878,1,12,0,0.7637626158259734,0.4264014327112209,0.6559874832690368,0.6018499334426524,0.08033741231623619,0.6112210002116143
ron,vie,4.428687765048602,0.11053598503782236,3.3166247903554,1.0,5.385164807134504,0.40122075406218893,2.23606797749979,0.23019964108049895,5.477225575051661,0.3460014297861276,8.150479625859322,0,12,0,0.6770032003863301,0.6741998624632421,0.6271487790515345,0.7238498657063308,0.7035191031575742,0.6908341165558449
ron,tha,4.363289481208648,0.1072774732571391,4.242640687119285,1.0,5.196152422706632,0.3650187250696324,2.23606797749979,0.23019964108049895,4.123105625617661,0.20933406222815865,7.368808050543416,0,12,0,0.8660254037844386,0.6741998624632421,0.5972972702283177,0.37767700585916086,0.6928374929127022,0.6891104663213149
ron,swh,3.5662275065688704,0.07161845797388844,4.47213595499958,1.0,6.0,0.44982804439160917,2.0,0.19596974779263032,3.7416573867739413,0.17474206658741376,7.661827234781541,0,12,0,0.912870929175277,0.6030226891555273,0.7242522479073147,0.28016199045791074,0.5626520376651961,0.6896243010748744
ron,fin,1.235474976888041,0.008616631697880628,3.3166247903554,1.0,4.0,0.19974988275143146,1.7320508075688772,0.1339745962155614,3.872983346207417,0.19473728312749672,4.826703006247892,0,12,0,0.6770032003863301,0.5222329678670935,0.40838396325945503,0.31373470531840875,0.18196635850843193,0.5214945184577463
ron,hun,0.21587414152972165,0.00026291443632942,3.0,1.0,4.795831523312719,0.2701335055105828,1.0,0.05131670194948623,3.4641016151377544,0.14532399161536746,4.595160739053183,1,12,0,0.6123724356957946,0.30151134457776363,0.5340729323281959,0.20920647778375834,0.015433261779222975,0.4480567880753434
ron,ell,0.27792300784791296,0.00043569739599957913,3.3166247903554,0.841886116991581,3.3166247903554,0.12087210619925359,1.0,0.05131670194948623,4.58257569495584,0.28599445270458335,2.244487233964149,1,12,0,0.6770032003863301,0.30151134457776363,0.3004556856387994,0.4951378467421696,0.025567806101044466,0.4641190007044775
ron,heb,1.1713832318978137,0.007737099110440737,3.872983346207417,1.0,3.3166247903554,0.12499053178884245,2.23606797749979,0.1982162742627268,5.196152422706632,0.37724763122047245,5.692127164328813,0,12,0,0.7905694150420949,0.6741998624632421,0.3004556856387994,0.6519951551881026,0.17149814742242359,0.6221861079055355
ron,ind,5.420708754841618,0.16544293954952938,4.0,1.0,5.0,0.33741084355092077,1.4142135623730951,0.09546596626670911,3.4641016151377544,0.15384615384615385,7.415548605201338,0,12,0,0.8164965809277261,0.4264014327112209,0.5663181055833848,0.20920647778375834,0.8655475379347464,0.5894713021371012
ron,tgl,5.084776275246757,0.14568951926679763,3.872983346207417,1.0,5.385164807134504,0.3493503648389622,1.7320508075688772,0.1567259572884322,4.242640687119285,0.24213525325492657,6.981774184794478,0,12,0,0.7905694150420949,0.5222329678670935,0.6271487790515345,0.40823544649754057,0.8106791284760648,0.6449280956881431
ron,ces,0.4751578634818011,0.0012739151367443524,3.4641016151377544,0.8556624327025936,3.605551275463989,0.16707326992743432,1.0,0.05131670194948623,4.0,0.2102528102610154,3.950705317363573,1,12,1,0.7071067811865476,0.30151134457776363,0.34608704225909204,0.3462057713491359,0.057782502433758536,0.41154726977628187
ron,swe,0.9447396802366033,0.005037588597667897,3.4641016151377544,0.8556624327025936,3.3166247903554,0.13861919370516207,1.4142135623730951,0.09546596626670911,5.477225575051661,0.3273272060036875,5.374133002664162,0,12,1,0.7071067811865476,0.4264014327112209,0.3004556856387994,0.7238498657063308,0.13448007995626313,0.49412501351529214
ron,nor,1.076582998500454,0.006541924024059953,3.3166247903554,0.841886116991581,3.0,0.11104336301536932,1.7320508075688772,0.1567259572884322,5.916079783099616,0.3782381716419414,6.17904571641265,0,12,1,0.6770032003863301,0.5222329678670935,0.2504498209355252,0.836040382003964,0.15601426795623433,0.5169559369681838
ron,dan,0.8524588768782565,0.004100935994573729,3.4641016151377544,0.8556624327025936,3.3166247903554,0.13861919370516207,1.4142135623730951,0.09546596626670911,4.58257569495584,0.244492536560183,5.34727840459582,0,12,1,0.7071067811865476,0.4264014327112209,0.3004556856387994,0.4951378467421696,0.11940770317998875,0.4590645918318543
ron,ukr,0.12138381551370753,8.312948357025451e-05,3.3166247903554,0.841886116991581,3.1622776601683795,0.12195121951219512,1.0,0.05131670194948623,3.0,0.11680863310757705,3.225812394639427,1,12,0,0.6770032003863301,0.30151134457776363,0.27607900401255236,0.09056160925561946,0.0,0.39727883845119333
ron,ben,3.5937736986398767,0.07279701450564036,3.605551275463989,0.8663693790437879,5.916079783099616,0.4216447687457442,1.7320508075688772,0.1567259572884322,5.477225575051661,0.35549661336451044,7.97286980449326,0,12,0,0.7359800721939873,0.5222329678670935,0.7109983804275144,0.7238498657063308,0.5671512029361525,0.6804869797132298
ron,urd,2.6256380880875976,0.03886315751592584,3.605551275463989,0.8663693790437879,5.291502622129181,0.3414634146341463,1.0,0.05131670194948623,5.5677643628300215,0.3244888678573661,7.4326185948326104,0,12,0,0.7359800721939873,0.30151134457776363,0.6123563221945337,0.7469955782448925,0.40902400679430706,0.6011436593179932
ron,pan,2.786408998315051,0.04377061700216822,3.4641016151377544,0.8556624327025936,5.0990195135927845,0.30156970423042173,1.4142135623730951,0.11111111111111116,5.196152422706632,0.28090750449332524,6.8480220510906555,0,12,0,0.7071067811865476,0.4264014327112209,0.581956667535994,0.6519951551881026,0.4352829864024812,0.6046871486393077
ron,tam,3.7021463210048404,0.07722325129583885,4.242640687119285,1.0,6.0,0.4608290257387484,1.0,0.05719095841793653,5.0990195135927845,0.3162591932922939,8.251582829879277,0,12,0,0.8660254037844386,0.30151134457776363,0.7242522479073147,0.6271636940259873,0.5848518832192949,0.6533530551260983
ron,tel,3.448939447000881,0.06702996051556187,3.3166247903554,1.0,5.916079783099616,0.45339183338987876,1.4142135623730951,0.11111111111111116,5.5677643628300215,0.37235408553915217,7.8916303316073195,0,12,0,0.6770032003863301,0.4264014327112209,0.7109983804275144,0.7469955782448925,0.5434951842262198,0.6411250903272521
ron,mar,3.307646339210705,0.06165797725624056,3.4641016151377544,0.8556624327025936,6.0,0.4390243902439024,1.4142135623730951,0.11111111111111116,4.795831523312719,0.2603997383663612,7.716851933745395,0,12,0,0.7071067811865476,0.4264014327112209,0.7242522479073147,0.5496554542940227,0.5204175464185549,0.6220520375802636
ron,jav,5.233792897317292,0.15428093834893575,3.605551275463989,1.0,5.477225575051661,0.4289425647106262,2.23606797749979,0.2928932188134524,4.242640687119285,0.2365777165856482,8.270116830513862,0,12,1,0.7359800721939873,0.6741998624632421,0.6416883174742132,0.40823544649754057,0.8350182606903016,0.6206678807779955
ron,mya,3.867546749158359,0.08430588896860014,3.872983346207417,1.0,6.928203230275509,0.5998749413757157,2.23606797749979,0.1982162742627268,4.47213595499958,0.22921597081936462,8.883285020135311,0,12,0,0.7905694150420949,0.6741998624632421,0.8708472289831782,0.46690457195922563,0.6118670096742104,0.730519272202669
ron,khm,4.595912495416132,0.11901652744759839,3.1622776601683795,1.0,5.5677643628300215,0.429734051487799,2.449489742783178,0.37005921165128797,5.5677643628300215,0.3822922361157489,8.670340329066457,0,12,0,0.6454972243679029,0.7385489458759963,0.6559874832690368,0.7469955782448925,0.7308321959210033,0.7080748469659613
ron,amh,2.4353804566174095,0.033420663690762575,3.872983346207417,1.0,5.477225575051661,0.34813172394839365,1.7320508075688772,0.1567259572884322,2.6457513110645907,0.09083241643427054,5.440513189142004,0,12,0,0.7905694150420949,0.5222329678670935,0.6416883174742132,0.0,0.3779489120647503,0.564964175577482
ukr,eng,1.1265508206077846,0.007162011991919126,3.4641016151377544,0.850928801500014,3.4641016151377544,0.15273132616089036,1.7320508075688772,0.14188366967896693,5.0,0.25628631325832785,5.125145770840254,0,12,0,0.7071067811865476,0.5222329678670935,0.32374731147345703,0.6018499334426524,0.1641755952754922,0.5559260083976015
ukr,spa,1.32373259554282,0.009883683908420537,3.872983346207417,0.8709005551264195,3.7416573867739413,0.1707317073170732,1.4142135623730951,0.09999999999999998,4.795831523312719,0.3144893786161478,5.5362024121803275,1,12,0,0.7905694150420949,0.4264014327112209,0.36758284421387466,0.5496554542940227,0.19638162184956157,0.5595551507697901
ukr,fra,1.004764944692268,0.005696129712126408,3.872983346207417,0.8709005551264195,3.605551275463989,0.1565652877542102,2.23606797749979,0.21064778262367367,4.795831523312719,0.24238391970330309,5.917472683188297,1,12,0,0.7905694150420949,0.6741998624632421,0.34608704225909204,0.5496554542940227,0.14428410602718977,0.6146007220257204
ukr,deu,0.5365234971545711,0.0016242285648705446,3.0,0.8174258141649446,3.4641016151377544,0.14261408518682628,2.0,0.15484574527148343,4.69041575982343,0.24292807822714624,5.067815538446,0,12,0,0.6123724356957946,0.6030226891555273,0.32374731147345703,0.5227065297653551,0.06780545323360286,0.531013117418795
ukr,ita,0.6536512273241978,0.0024102546094911803,3.4641016151377544,0.850928801500014,3.605551275463989,0.16042984284784878,0.0,0.0,3.7416573867739413,0.1842105263157895,4.437117660497003,1,12,0,0.7071067811865476,0.0,0.34608704225909204,0.28016199045791074,0.08693611980583671,0.37772054736676114
ukr,por,1.404753991764553,0.01113172237560267,3.7416573867739413,0.8651600275073515,3.1622776601683795,0.12472643425937824,1.0,0.05131670194948623,4.123105625617661,0.19547750872348824,5.165036571532892,1,12,0,0.7637626158259734,0.30151134457776363,0.27607900401255236,0.37767700585916086,0.20961498097032735,0.4768547216221339
ukr,nld,0.8762700295474827,0.004332610645890966,3.4641016151377544,0.850928801500014,3.7416573867739413,0.1707317073170732,1.0,0.04653741075440765,4.795831523312719,0.24238391970330309,4.778803129047212,0,12,0,0.7071067811865476,0.30151134457776363,0.36758284421387466,0.5496554542940227,0.12329681826619271,0.4996395984005932
ukr,rus,1.9984634946874658,0.02253688926967523,1.0,0.10557280900008414,2.23606797749979,0.06017274921183424,0.0,0.0,3.4641016151377544,0.16537767388801417,1.9481113477659626,1,12,0,0.20412414523193154,0.0,0.1297988721681695,0.20920647778375834,0.30658653949652764,0.1839073166456035
ukr,pol,0.3532473079024301,0.0007041650010306544,2.0,0.4,2.23606797749979,0.06017274921183424,0.0,0.0,4.358898943540674,0.23995811209279005,1.8650301996749012,1,12,0,0.4082482904638631,0.0,0.1297988721681695,0.43795619104683975,0.03787064904902078,0.26602122268226985
ukr,cmn,3.9299482938934744,0.08710326393736711,3.0,1.0,4.58257569495584,0.271189111186505,2.23606797749979,0.21064778262367367,5.656854249492381,0.4100624475510364,7.210896944622832,0,12,0,0.6123724356957946,0.6741998624632421,0.500392555981073,0.7697708876716975,0.6220591575472288,0.6489087985488796
ukr,jpn,4.667780271991186,0.12285815467372063,2.8284271247461903,1.0,6.0,0.4720363226515454,2.449489742783178,0.30000000000000004,4.358898943540674,0.2716043165649187,7.89936851514218,0,12,0,0.5773502691896258,0.7385489458759963,0.7242522479073147,0.43795619104683975,0.7425704791520881,0.6555147194219801
ukr,kor,4.37964186068183,0.10816872267491429,2.449489742783178,1.0,5.477225575051661,0.37480459589955584,2.449489742783178,0.3291796067500631,5.385164807134504,0.3866121408779353,8.277554504215917,0,12,0,0.5,0.7385489458759963,0.6416883174742132,0.7003150678304635,0.6955083541930416,0.6527975778480634
ukr,arb,1.682726195436753,0.015964814202806266,3.3166247903554,1.0,4.795831523312719,0.2701335055105828,2.0,0.15484574527148343,5.0,0.28159084927805156,6.7665305963697575,0,12,0,0.6770032003863301,0.6030226891555273,0.5340729323281959,0.6018499334426524,0.2550166423625579,0.6136995410049458
ukr,hin,3.043500927391189,0.05221871062969974,3.1622776601683795,0.8309691490542968,4.69041575982343,0.2682926829268293,1.4142135623730951,0.0871290708247231,5.5677643628300215,0.32190810914729895,6.966628228548555,0,12,0,0.6454972243679029,0.4264014327112209,0.5174241841340927,0.7469955782448925,0.4772742378887446,0.5896474109461658
ukr,tur,0.6957643732046257,0.0027305351563117197,3.3166247903554,1.0,5.5677643628300215,0.3919664896742321,1.0,0.04653741075440765,4.898979485566356,0.29912335594953754,6.5977180684113925,1,12,0,0.6770032003863301,0.30151134457776363,0.6559874832690368,0.5760246286760073,0.09381452982009679,0.5507707137065533
ukr,vie,4.410658907134484,0.10964468248372994,2.8284271247461903,1.0,5.385164807134504,0.40122075406218893,2.449489742783178,0.26970325665977857,5.196152422706632,0.31378963979356345,8.240737209378661,0,12,0,0.5773502691896258,0.7385489458759963,0.6271487790515345,0.6519951551881026,0.7005744198709289,0.6661000673079557
ukr,tha,4.357336518997756,0.10699160746689484,3.872983346207417,1.0,5.385164807134504,0.39262660658834403,2.449489742783178,0.26970325665977857,4.47213595499958,0.24906073851736166,7.845329216102076,0,12,0,0.7905694150420949,0.7385489458759963,0.6271487790515345,0.46690457195922563,0.6918651857143235,0.7018667618715345
ukr,swh,3.6621114532468195,0.07552612453697238,4.123105625617661,1.0,6.164414002968976,0.4748358605556269,2.23606797749979,0.2372299286035261,4.123105625617661,0.21462338249588309,8.303402238812653,0,12,0,0.8416254115301732,0.6741998624632421,0.750218832452264,0.37767700585916086,0.5783129218202053,0.7066485525351998
ukr,fin,1.1169474107191797,0.00704307966655171,2.8284271247461903,1.0,3.7416573867739413,0.17474206658741376,1.4142135623730951,0.0871290708247231,4.242640687119285,0.23684210526315785,4.817849891554072,0,12,0,0.5773502691896258,0.4264014327112209,0.36758284421387466,0.40823544649754057,0.16260705439905476,0.4726876774720517
ukr,hun,0.2337460649551641,0.0003082660518277658,2.449489742783178,1.0,4.795831523312719,0.2701335055105828,1.4142135623730951,0.09999999999999998,3.872983346207417,0.1836283516077658,5.318452632040957,1,12,0,0.5,0.4264014327112209,0.5340729323281959,0.31373470531840875,0.018352312695359453,0.46139276607597374
ukr,ell,0.39767606491539537,0.0008921188921150458,2.8284271247461903,0.8,3.3166247903554,0.12087210619925359,1.4142135623730951,0.09999999999999998,4.47213595499958,0.27666065070294565,2.1553993410399266,1,12,0,0.5773502691896258,0.4264014327112209,0.3004556856387994,0.46690457195922563,0.04512727167291112,0.4621886254399823
ukr,heb,1.2689524553195262,0.009080247399383512,3.4641016151377544,1.0,4.123105625617661,0.19407022664761797,2.0,0.15484574527148343,4.898979485566356,0.34042976512213496,6.318023664002146,0,12,0,0.7071067811865476,0.6030226891555273,0.42782654465663106,0.5760246286760073,0.18743429062514233,0.5942284244088305
ukr,ind,5.427092297774657,0.1658431496738031,3.605551275463989,1.0,4.795831523312719,0.30980296203220914,1.7320508075688772,0.14188366967896693,3.872983346207417,0.19473728312749672,7.664827223433319,0,12,0,0.7359800721939873,0.5222329678670935,0.5340729323281959,0.31373470531840875,0.866590172597133,0.5985565645182267
ukr,tgl,5.057554341781868,0.14414275654339237,3.4641016151377544,1.0,5.385164807134504,0.3493503648389622,2.0,0.19999999999999996,4.358898943540674,0.25964852890543966,7.18915742569227,0,12,0,0.7071067811865476,0.6030226891555273,0.6271487790515345,0.43795619104683975,0.8062329249014364,0.6443225373572508
ukr,ces,0.4287431622570171,0.0010372612034229567,2.23606797749979,0.4522774424948339,3.3166247903554,0.14104430961266667,0.0,0.0,3.605551275463989,0.17325984205286926,2.63461562694002,1,12,0,0.4564354645876385,0.0,0.3004556856387994,0.24536725767627113,0.05020151224556604,0.2863369407677704
ukr,swe,0.8316430003706792,0.003903912382725805,3.0,0.8174258141649446,3.0,0.1132844641082551,1.0,0.04653741075440765,5.385164807134504,0.31853372436361804,4.960465242101612,0,12,0,0.6123724356957946,0.30151134457776363,0.2504498209355252,0.7003150678304635,0.11600781152069899,0.47002718179088876
ukr,nor,0.975331686620247,0.005369614793282795,2.8284271247461903,0.8,2.6457513110645907,0.0863501230991296,2.0,0.19999999999999996,6.164414002968976,0.41510234813439817,6.259023076532659,0,12,0,0.5773502691896258,0.6030226891555273,0.19450185807913475,0.8995255755616136,0.13947672313421575,0.5547637971525493
ukr,dan,0.774083708010458,0.0033817419389039483,3.0,0.8174258141649446,3.0,0.1132844641082551,1.0,0.04653741075440765,4.47213595499958,0.23461620282409623,4.811325094517229,0,12,0,0.6123724356957946,0.30151134457776363,0.2504498209355252,0.46690457195922563,0.10660655676503679,0.43454554467242
ukr,ron,0.12138381551370753,8.312948357025451e-05,3.3166247903554,0.841886116991581,3.1622776601683795,0.12195121951219512,1.0,0.05131670194948623,3.0,0.11680863310757705,3.225812394639427,1,12,0,0.6770032003863301,0.30151134457776363,0.27607900401255236,0.09056160925561946,0.0,0.39727883845119333
ukr,ben,3.5871927928262766,0.07253515448320735,3.1622776601683795,0.8309691490542968,5.5677643628300215,0.37344849947455616,1.4142135623730951,0.09999999999999998,5.385164807134504,0.3470713749009895,7.898508196886792,0,12,0,0.6454972243679029,0.4264014327112209,0.6559874832690368,0.7003150678304635,0.5660763326669094,0.6147980989498985
ukr,urd,2.653235482162105,0.03968686644033603,3.1622776601683795,0.8309691490542968,4.898979485566356,0.29268292682926833,0.0,0.0,5.291502622129181,0.2935827428986433,6.961091600491832,0,12,0,0.6454972243679029,0.0,0.5503635172791851,0.6763708770249299,0.41353153497347817,0.4758540790686213
ukr,pan,2.7885831596750656,0.04384166324877026,3.0,0.8174258141649446,4.69041575982343,0.25500768451244993,1.0,0.05131670194948623,5.0990195135927845,0.27150720361422587,6.558578904607858,0,12,0,0.6123724356957946,0.30151134457776363,0.5174241841340927,0.6271636940259873,0.43563809578599305,0.5284308625731956
ukr,tam,3.7308203600575465,0.07842897911923019,3.872983346207417,1.0,5.830951894845301,0.43515421744059357,1.4142135623730951,0.10557280900008414,5.5677643628300215,0.3815366300058832,8.718057442770256,0,12,0,0.7905694150420949,0.4264014327112209,0.6975537804082217,0.7469955782448925,0.5895352616097248,0.6748080385892982
ukr,tel,3.4702283187703635,0.06786421756238115,2.8284271247461903,1.0,5.744562646538029,0.4273628730751111,1.7320508075688772,0.1567259572884322,5.830951894845301,0.4130608143465778,8.213311247935986,0,12,0,0.5773502691896258,0.5222329678670935,0.6839099685708037,0.8142779343403991,0.546972330986694,0.6400356231382166
ukr,mar,3.330110960209331,0.06250222511778059,3.0,0.8174258141649446,5.656854249492381,0.3902439024390244,1.0,0.05131670194948623,5.291502622129181,0.3209752866032719,7.955950765637142,0,12,0,0.6123724356957946,0.30151134457776363,0.6700578181087926,0.6763708770249299,0.5240867302520836,0.5707610985412815
ukr,jav,5.232585278767981,0.15421935586450464,3.1622776601683795,1.0,5.477225575051661,0.4289425647106262,2.449489742783178,0.3291796067500631,4.58257569495584,0.27993599146540227,8.653528989182776,0,12,0,0.6454972243679029,0.7385489458759963,0.6416883174742132,0.4951378467421696,0.8348210183482888,0.6726357952029525
ukr,mya,3.8608575570336714,0.08401974208519647,3.4641016151377544,1.0,6.6332495807108,0.5498593090476802,2.449489742783178,0.23936117074433505,4.58257569495584,0.24280236115151832,8.62693332593577,0,12,0,0.7071067811865476,0.7385489458759963,0.8242639773138629,0.4951378467421696,0.6107744528220485,0.7164314659401638
ukr,khm,4.5875601738780025,0.11859171970353188,2.6457513110645907,1.0,5.5677643628300215,0.429734051487799,2.6457513110645907,0.4023856953328032,5.656854249492381,0.3992485908138893,8.851963942123872,0,12,0,0.5400617248673217,0.7977240352174657,0.6559874832690368,0.7697708876716975,0.7294679973813523,0.6945860559381926
ukr,amh,2.532957284069523,0.036154661985592695,3.4641016151377544,1.0,5.477225575051661,0.34813172394839365,1.4142135623730951,0.09999999999999998,4.0,0.21052631578947367,6.501372740396602,0,12,0,0.7071067811865476,0.4264014327112209,0.6416883174742132,0.3462057713491359,0.3938862972463753,0.5686952365933013
ben,eng,4.424925527310377,0.1103860776598945,3.7416573867739413,0.8740118423302576,5.744562646538029,0.4165517671533828,2.23606797749979,0.2372299286035261,5.0990195135927845,0.2562720167081831,7.921115786544719,0,8,0,0.7637626158259734,0.6741998624632421,0.6839099685708037,0.6271636940259873,0.7029046106233874,0.7136805287128308
ben,spa,4.624859612106779,0.120528044579582,4.123105625617661,0.8908910548820038,6.082762530298219,0.44574290338133815,2.0,0.19999999999999996,5.656854249492381,0.39525684318523646,9.105925764772325,0,8,0,0.8416254115301732,0.6030226891555273,0.7373232771465221,0.7697708876716975,0.7355601765352808,0.7529515931547569
ben,fra,4.398071486023233,0.10902964527364523,4.123105625617661,0.8908910548820038,5.830951894845301,0.40476190476190477,2.6457513110645907,0.29835358455437655,5.656854249492381,0.32427537148265373,8.869707955824296,0,8,0,0.8416254115301732,0.7977240352174657,0.6975537804082217,0.7697708876716975,0.6985184954887618,0.7918209462702556
ben,deu,4.027411418837859,0.09143029834148575,3.3166247903554,0.8456966500379081,5.5677643628300215,0.3646619127977342,2.449489742783178,0.23936117074433505,5.916079783099616,0.3675444679663241,8.361526931116,0,8,0,0.6770032003863301,0.7385489458759963,0.6559874832690368,0.836040382003964,0.6379779715095479,0.7262406491147775
ben,ita,4.067643376100724,0.09324602576423435,3.7416573867739413,0.8740118423302576,6.164414002968976,0.4632549598783068,1.4142135623730951,0.09999999999999998,5.744562646538029,0.39543645824165696,8.78990548724311,0,8,0,0.7637626158259734,0.4264014327112209,0.750218832452264,0.7921930273429978,0.6445491238645845,0.6868293197107289
ben,por,4.706046419440721,0.1248088218301463,4.0,0.886039423540362,5.916079783099616,0.4317088572264891,1.7320508075688772,0.1567259572884322,5.0990195135927845,0.2824391196412135,8.89719323988212,0,8,0,0.8164965809277261,0.5222329678670935,0.7109983804275144,0.6271636940259873,0.748820552527546,0.6992224740608695
ben,nld,4.250600097778347,0.10184575449366473,3.7416573867739413,0.8740118423302576,5.744562646538029,0.3975466341101501,1.7320508075688772,0.14188366967896693,6.164414002968976,0.3857048831660488,8.306199062461667,0,8,0,0.7637626158259734,0.5222329678670935,0.6839099685708037,0.8995255755616136,0.6744317488799817,0.7151194442069673
ben,rus,2.163513779305856,0.026386542582130912,3.0,0.8110177634953863,5.656854249492381,0.38095238095238093,1.4142135623730951,0.09999999999999998,6.082762530298219,0.46312450780684067,7.812260448088519,0,8,0,0.6123724356957946,0.4264014327112209,0.6700578181087926,0.8786518532469964,0.33354447642669727,0.6227986543166865
ben,pol,3.795952385210766,0.08123249175311908,3.1622776601683795,0.8309691490542968,5.656854249492381,0.38095238095238093,1.4142135623730951,0.09999999999999998,5.830951894845301,0.39469374366636556,8.00206764937171,0,8,0,0.6454972243679029,0.4264014327112209,0.6700578181087926,0.8142779343403991,0.6001733833813675,0.6364114484300629
ben,cmn,1.8149524126359082,0.01855921628685997,3.3166247903554,1.0,4.898979485566356,0.30563492517058644,2.23606797749979,0.21064778262367367,5.5677643628300215,0.36360389693210726,5.870931334709459,0,8,0,0.6770032003863301,0.6741998624632421,0.5503635172791851,0.7469955782448925,0.27661336988115176,0.657603634418338
ben,jpn,2.639650217616766,0.039250655954789826,3.1622776601683795,1.0,4.795831523312719,0.2957852832076435,2.8284271247461903,0.4,4.898979485566356,0.3038765816178344,6.391785763017785,0,8,0,0.6454972243679029,0.8528028654224418,0.5340729323281959,0.5760246286760073,0.41131263116704325,0.6706337959913736
ben,kor,2.3123918723372308,0.030124339228016828,2.8284271247461903,1.0,4.58257569495584,0.2587506833388987,2.449489742783178,0.3291796067500631,5.0990195135927845,0.31379968604577946,5.747044397615717,0,8,0,0.5773502691896258,0.7385489458759963,0.500392555981073,0.6271636940259873,0.3578609824630434,0.6198884316491517
ben,arb,2.7075125646667697,0.04129106740169364,3.605551275463989,1.0,6.324555320336759,0.46497157902087927,2.449489742783178,0.23936117074433505,5.830951894845301,0.36112343500006006,8.565448702694814,0,8,0,0.7359800721939873,0.7385489458759963,0.775510614061369,0.8142779343403991,0.4223967009457599,0.753794906137817
ben,hin,0.8018058204714459,0.0036206894458524763,2.8284271247461903,0.5714285714285714,3.872983346207417,0.18066342238980415,1.4142135623730951,0.0871290708247231,4.898979485566356,0.23617126040299885,3.706986236236,1,8,0,0.5773502691896258,0.4264014327112209,0.3883236969818679,0.5760246286760073,0.11113445540527404,0.4994305954027314
ben,tur,3.2287941653044676,0.0587464309345348,3.605551275463989,1.0,4.898979485566356,0.29912335594953754,1.7320508075688772,0.14188366967896693,5.916079783099616,0.40194318190329303,7.641268979944398,0,8,0,0.7359800721939873,0.5222329678670935,0.5503635172791851,0.836040382003964,0.5075384899789619,0.6622079488803494
ben,vie,1.1169412902732663,0.0070244778151178355,3.1622776601683795,1.0,6.782329983125268,0.6337664896176428,2.8284271247461903,0.36099034957730625,5.477225575051661,0.3259276578447764,8.209641117016524,0,8,0,0.6454972243679029,0.8528028654224418,0.8478088628064984,0.7238498657063308,0.16260605473646525,0.7431194388200538
ben,tha,0.948384241624279,0.00506344886162069,4.123105625617661,1.0,6.6332495807108,0.5908414558075143,2.0,0.1784161637422509,4.58257569495584,0.2409278847234103,7.224026186636203,0,8,0,0.8416254115301732,0.6030226891555273,0.8242639773138629,0.4951378467421696,0.13507535221680028,0.6991205358328718
ben,swh,3.8200849871964784,0.08210301978370838,4.358898943540674,1.0,6.855654600401044,0.5799587205587093,2.6457513110645907,0.3325761875280854,5.291502622129181,0.3248507140894077,9.533380565881844,0,8,0,0.8897565210026094,0.7977240352174657,0.8593893233471784,0.6763708770249299,0.604115001317961,0.8198972113942226
ben,fin,3.6601774687682953,0.07555696948053225,3.1622776601683795,1.0,5.385164807134504,0.3575839255603789,2.0,0.1784161637422509,5.385164807134504,0.3470713749009895,7.861987294642,0,8,0,0.6454972243679029,0.6030226891555273,0.6271487790515345,0.7003150678304635,0.5779970409253827,0.6537817076303983
ben,hun,3.770539915625484,0.08013388281357159,2.8284271247461903,1.0,5.0990195135927845,0.3021368422011469,2.0,0.19999999999999996,5.656854249492381,0.36347194982755815,7.674635987139874,0,8,0,0.5773502691896258,0.6030226891555273,0.581956667535994,0.7697708876716975,0.5960227225454664,0.6356188558309963
ben,ell,3.575026452175132,0.07202829927783228,3.1622776601683795,0.8309691490542968,6.164414002968976,0.4209339758564139,2.0,0.19999999999999996,5.916079783099616,0.43755900817859494,7.992199124696299,0,8,0,0.6454972243679029,0.6030226891555273,0.750218832452264,0.836040382003964,0.5640891840551828,0.6980591225930594
ben,heb,3.149770200632157,0.05589116999453858,3.7416573867739413,1.0,6.0,0.40847951824872286,2.449489742783178,0.23936117074433505,5.744562646538029,0.42024909563579715,8.569880034412899,0,8,0,0.7637626158259734,0.7385489458759963,0.7242522479073147,0.7921930273429978,0.4946313746684153,0.7521769936331245
ben,ind,2.4200353356514452,0.03294391103236505,3.872983346207417,1.0,6.48074069840786,0.5635642195280153,2.23606797749979,0.2372299286035261,5.0990195135927845,0.30775562176188154,7.5633735049255355,0,8,0,0.7905694150420949,0.6741998624632421,0.8001776177905671,0.6271636940259873,0.3754425679881997,0.7286029961898606
ben,tgl,2.08873943447623,0.024561378909173204,3.7416573867739413,1.0,6.928203230275509,0.5714285714285714,2.0,0.19999999999999996,4.47213595499958,0.2440710539815455,7.086396810983628,0,8,0,0.7637626158259734,0.6030226891555273,0.8708472289831782,0.46690457195922563,0.32133145857839474,0.6901561615561131
ben,ces,3.9265085718689225,0.08691114965453595,3.3166247903554,0.8456966500379081,5.477225575051661,0.38278660015163235,1.4142135623730951,0.09999999999999998,6.0,0.43633545639474736,8.20133288092401,0,8,0,0.6770032003863301,0.4264014327112209,0.6416883174742132,0.8574940955361688,0.6214973420398543,0.647737963220965
ben,swe,3.836945704138955,0.0830178042171894,3.3166247903554,0.8456966500379081,5.830951894845301,0.42427989952997724,1.7320508075688772,0.14188366967896693,5.656854249492381,0.3320274228425073,8.065641945443405,0,8,0,0.6770032003863301,0.5222329678670935,0.6975537804082217,0.7697708876716975,0.6068688902008772,0.6689790358251153
ben,nor,4.040795112950566,0.09207566009270496,3.1622776601683795,0.8309691490542968,5.656854249492381,0.3900624544071667,2.0,0.19999999999999996,4.58257569495584,0.21444668093501307,7.4774554651750185,0,8,0,0.6454972243679029,0.6030226891555273,0.6700578181087926,0.4951378467421696,0.640163952482663,0.6346952778564698
ben,dan,4.086674341877629,0.09416190981326633,3.3166247903554,0.8456966500379081,5.477225575051661,0.37421728209780136,1.7320508075688772,0.14188366967896693,5.196152422706632,0.29666082837782715,8.073410905832874,0,8,0,0.6770032003863301,0.5222329678670935,0.6416883174742132,0.6519951551881026,0.6476574830917144,0.6421790130103162
ben,ron,3.5937736986398767,0.07279701450564036,3.605551275463989,0.8663693790437879,5.916079783099616,0.4216447687457442,1.7320508075688772,0.1567259572884322,5.477225575051661,0.35549661336451044,7.97286980449326,0,8,0,0.7359800721939873,0.5222329678670935,0.7109983804275144,0.7238498657063308,0.5671512029361525,0.6804869797132298
ben,ukr,3.5871927928262766,0.07253515448320735,3.1622776601683795,0.8309691490542968,5.5677643628300215,0.37344849947455616,1.4142135623730951,0.09999999999999998,5.385164807134504,0.3470713749009895,7.898508196886792,0,8,0,0.6454972243679029,0.4264014327112209,0.6559874832690368,0.7003150678304635,0.5660763326669094,0.6147980989498985
ben,urd,1.4036694361965893,0.011096841213751985,2.8284271247461903,0.5714285714285714,3.872983346207417,0.18066342238980415,1.4142135623730951,0.09999999999999998,4.58257569495584,0.20884519471476004,3.826949232570865,1,8,0,0.5773502691896258,0.4264014327112209,0.3883236969818679,0.4951378467421696,0.2094378387093126,0.49221274727785763
ben,pan,0.9520606146937993,0.005105302954502511,2.6457513110645907,0.5370899501137243,4.123105625617661,0.19492351410058673,1.0,0.05131670194948623,4.123105625617661,0.16827315341808113,2.999224208505513,1,8,0,0.5400617248673217,0.30151134457776363,0.42782654465663106,0.37767700585916086,0.13567582033213285,0.4363970044314444
ben,tam,1.1561465505379926,0.007524286797558788,4.123105625617661,1.0,3.872983346207417,0.18824593690905445,1.4142135623730951,0.10557280900008414,4.0,0.1816067926354319,4.054339284210913,1,8,0,0.8416254115301732,0.4264014327112209,0.3883236969818679,0.3462057713491359,0.16900951496672784,0.5471340624839376
ben,tel,0.8790012988206232,0.004349869322837319,3.1622776601683795,1.0,3.7416573867739413,0.1770488002021765,1.0,0.05131670194948623,4.58257569495584,0.23590682254165896,3.3081354632836892,1,8,0,0.6454972243679029,0.30151134457776363,0.36758284421387466,0.4951378467421696,0.12374292100981941,0.4730013953594031
ben,mar,0.9341026865527727,0.004912942418501265,2.6457513110645907,0.5370899501137243,3.0,0.10836901848302227,1.0,0.05131670194948623,3.605551275463989,0.13933703417612953,1.6571863212698466,1,8,0,0.5400617248673217,0.30151134457776363,0.2504498209355252,0.24536725767627113,0.13274272212305302,0.3809285425493358
ben,jav,2.1096144128263714,0.02504277689021961,3.4641016151377544,1.0,6.4031242374328485,0.584260290358451,2.449489742783178,0.3291796067500631,5.0990195135927845,0.31379968604577946,7.75251867938447,0,8,0,0.7071067811865476,0.7385489458759963,0.7879193285962598,0.6271636940259873,0.32474100343972523,0.7146647408200998
ben,mya,0.33068931247609473,0.0006157813371368004,3.7416573867739413,1.0,5.196152422706632,0.33287561500500884,2.449489742783178,0.23936117074433505,4.898979485566356,0.2606948505394321,6.443738437159488,0,8,0,0.7637626158259734,0.7385489458759963,0.5972972702283177,0.5760246286760073,0.03418621421523531,0.6713384802746174
ben,khm,1.2494071406999847,0.008787593218185563,3.0,1.0,6.782329983125268,0.6337664896176428,2.6457513110645907,0.4023856953328032,5.385164807134504,0.3329366259690576,8.027148625589632,0,8,0,0.6123724356957946,0.7977240352174657,0.8478088628064984,0.7003150678304635,0.18424192194785008,0.7169638683463666
ben,amh,3.181023355505333,0.05696688970246311,3.7416573867739413,1.0,4.795831523312719,0.26393007003482216,1.4142135623730951,0.09999999999999998,5.5677643628300215,0.37125391657132323,6.482685815429405,1,8,0,0.7637626158259734,0.4264014327112209,0.5340729323281959,0.7469955782448925,0.4997360043265094,0.6295798663442957
urd,eng,3.6385568783819187,0.07464788699281288,3.7416573867739413,0.8740118423302576,5.477225575051661,0.3838046008442838,1.7320508075688772,0.14188366967896693,5.5677643628300215,0.2843735526678657,7.957793095950559,0,8,0,0.7637626158259734,0.5222329678670935,0.6416883174742132,0.7469955782448925,0.5744657140126387,0.6787973126467739
urd,spa,3.679650693082341,0.07630647537105129,4.123105625617661,0.8908910548820038,4.898979485566356,0.29268292682926833,1.4142135623730951,0.09999999999999998,6.082762530298219,0.40194318190329303,8.69580638619114,0,8,0,0.8416254115301732,0.4264014327112209,0.5503635172791851,0.8786518532469964,0.5811776349734259,0.680017344828415
urd,fra,3.525868601087096,0.07008244009901421,4.123105625617661,0.8908910548820038,5.385164807134504,0.3493503648389622,2.23606797749979,0.21064778262367367,5.744562646538029,0.30838100995314544,8.034578045940309,0,8,0,0.8416254115301732,0.6741998624632421,0.6271487790515345,0.7921930273429978,0.5560601506468619,0.7430993065189622
urd,deu,3.1246170709542453,0.05504126175852109,3.3166247903554,0.8456966500379081,5.656854249492381,0.3807768393015968,2.0,0.15484574527148343,5.477225575051661,0.28793466799946155,8.086229271490813,0,8,0,0.6770032003863301,0.6030226891555273,0.6700578181087926,0.7238498657063308,0.49052307225002634,0.6709718294949903
urd,ita,3.0790670791927433,0.0534367239631236,3.7416573867739413,0.8740118423302576,5.196152422706632,0.333282522261527,0.0,0.0,5.830951894845301,0.3598093607518955,8.060215256558951,0,8,0,0.7637626158259734,0.0,0.5972972702283177,0.8142779343403991,0.4830833164936797,0.5448840947691994
urd,por,3.7962441051691993,0.08122660451514663,4.0,0.886039423540362,4.898979485566356,0.2997811474075026,1.0,0.05131670194948623,5.385164807134504,0.2854103989895036,8.203499408233204,0,8,0,0.8164965809277261,0.30151134457776363,0.5503635172791851,0.7003150678304635,0.6002210304863628,0.6154578255774835
urd,nld,3.426394874047893,0.06618721814496364,3.7416573867739413,0.8740118423302576,5.477225575051661,0.36585365853658536,1.0,0.04653741075440765,5.5677643628300215,0.28968860481674397,7.897850040465451,0,8,0,0.7637626158259734,0.30151134457776363,0.6416883174742132,0.7469955782448925,0.5398129417072841,0.6218842682091738
urd,rus,1.940652976791457,0.021233254410017,3.0,0.8110177634953863,5.196152422706632,0.32525223020336813,0.0,0.0,6.0,0.39321196358786237,7.241581990835923,0,8,0,0.6123724356957946,0.0,0.5972972702283177,0.8574940955361688,0.2971442516571318,0.4966525116676838
urd,pol,2.9381718441620674,0.04867420839834158,3.1622776601683795,0.8309691490542968,5.0,0.30115409556777417,0.0,0.0,6.082762530298219,0.383675844038773,7.405464055651051,0,8,0,0.6454972243679029,0.0,0.5663181055833848,0.8786518532469964,0.4600706639041962,0.5117140996093071
urd,cmn,2.8352529777215074,0.045297298073816106,3.3166247903554,1.0,4.795831523312719,0.29721807150127266,2.23606797749979,0.21064778262367367,5.656854249492381,0.3329862014865004,7.365873249415643,0,8,0,0.6770032003863301,0.6741998624632421,0.5340729323281959,0.7697708876716975,0.443260754628099,0.6660941830795083
urd,jpn,3.7194050323059673,0.0779397111758463,3.1622776601683795,1.0,5.477225575051661,0.3928417710492772,2.449489742783178,0.30000000000000004,5.5677643628300215,0.34008798240391014,8.399042730065577,0,8,0,0.6454972243679029,0.7385489458759963,0.6416883174742132,0.7469955782448925,0.5876707771813835,0.6980569428700157
urd,kor,3.3810707109439333,0.06441119697513564,2.8284271247461903,1.0,4.898979485566356,0.2997811474075026,2.449489742783178,0.3291796067500631,6.244997998398398,0.4183314188145123,8.044551670859033,0,8,0,0.5773502691896258,0.7385489458759963,0.5503635172791851,0.920126403551316,0.5324100709203947,0.6825544847604411
urd,arb,1.4018325801918081,0.011070436100051873,3.605551275463989,1.0,5.5677643628300215,0.364309827380185,2.0,0.15484574527148343,6.082762530298219,0.3584669721282152,7.918561771789109,0,8,0,0.7359800721939873,0.6030226891555273,0.6559874832690368,0.8786518532469964,0.20913782196931613,0.6950018596864006
urd,hin,0.6129143750408218,0.002115972687781631,0.0,0.0,2.0,0.04878048780487809,1.4142135623730951,0.0871290708247231,4.795831523312719,0.2109759683261082,1.378457544170747,1,8,0,0.0,0.4264014327112209,0.09251567861159542,0.5496554542940227,0.08028250210909678,0.26156593714968257
urd,tur,2.128544241377314,0.025534216826835432,3.605551275463989,1.0,5.385164807134504,0.3666317600773251,1.0,0.04653741075440765,6.164414002968976,0.39105723792957836,7.879393829680531,0,8,0,0.7359800721939873,0.30151134457776363,0.6271487790515345,0.8995255755616136,0.3278328437558756,0.6229220921349798
urd,vie,2.4578279346370615,0.03401837944992825,3.1622776601683795,1.0,6.4031242374328485,0.5723005386158493,2.449489742783178,0.26970325665977857,5.916079783099616,0.344959532407045,8.564992922867965,0,8,0,0.6454972243679029,0.7385489458759963,0.7879193285962598,0.836040382003964,0.38161529590707005,0.7303570915945701
urd,tha,2.207553675624179,0.027438473056611512,4.123105625617661,1.0,6.4031242374328485,0.5582738957006139,2.449489742783178,0.26970325665977857,5.656854249492381,0.3280631590947072,8.222332218242821,0,8,0,0.8416254115301732,0.7385489458759963,0.7879193285962598,0.7697708876716975,0.34073758578791724,0.7772112380874536
urd,swh,2.855685583335183,0.045886833606742616,4.358898943540674,1.0,6.48074069840786,0.5248514928836625,2.23606797749979,0.2372299286035261,5.5677643628300215,0.31991817273243917,9.47190528724087,0,8,0,0.8897565210026094,0.6741998624632421,0.8001776177905671,0.7469955782448925,0.44659804601615105,0.7798916845122482
urd,fin,3.0903870796589983,0.053870630001718656,3.1622776601683795,1.0,4.898979485566356,0.2997811474075026,1.4142135623730951,0.0871290708247231,5.830951894845301,0.3598093607518955,7.7836606524801715,0,8,0,0.6454972243679029,0.4264014327112209,0.5503635172791851,0.8142779343403991,0.48493223095828886,0.6067105306429874
urd,hun,2.8195189130713905,0.044814196863732225,2.8284271247461903,1.0,5.196152422706632,0.31722166644538385,1.4142135623730951,0.09999999999999998,5.916079783099616,0.3566747667564867,7.556872807869985,0,8,0,0.5773502691896258,0.4264014327112209,0.5972972702283177,0.836040382003964,0.44069088373406357,0.5967054944676543
urd,ell,2.5330934221967465,0.036166260486515944,3.1622776601683795,0.8309691490542968,5.385164807134504,0.3237477739994258,1.4142135623730951,0.09999999999999998,5.830951894845301,0.36987396218739554,7.337882687087739,0,8,0,0.6454972243679029,0.4264014327112209,0.6271487790515345,0.8142779343403991,0.39390853291265093,0.6175163980951753
urd,heb,1.9131331125079958,0.020622100931796505,3.7416573867739413,1.0,5.385164807134504,0.33222961636516923,2.0,0.15484574527148343,5.830951894845301,0.3745372083779054,8.025310837435942,0,8,0,0.7637626158259734,0.6030226891555273,0.6271487790515345,0.8142779343403991,0.2926493865474129,0.6920883723254113
urd,ind,3.3779724791263637,0.06419540451824313,3.872983346207417,1.0,5.916079783099616,0.4754502511444789,1.7320508075688772,0.14188366967896693,5.385164807134504,0.3026981861753456,8.153490952808434,0,8,0,0.7905694150420949,0.5222329678670935,0.7109983804275144,0.7003150678304635,0.5319040315753176,0.6915712043182403
urd,tgl,3.361770946697668,0.06363232649427264,3.7416573867739413,1.0,5.916079783099616,0.4216447687457442,2.0,0.19999999999999996,5.5677643628300215,0.3329366259690576,7.90582037472765,0,8,0,0.7637626158259734,0.6030226891555273,0.7109983804275144,0.7469955782448925,0.5292578083931238,0.7105963602785669
urd,ces,3.0377289126021614,0.0520255743696183,3.3166247903554,0.8456966500379081,5.385164807134504,0.3753049524455757,0.0,0.0,5.916079783099616,0.37358768180024393,7.727641501530682,0,8,0,0.6770032003863301,0.0,0.6271487790515345,0.836040382003964,0.4763314851331079,0.527753347483456
urd,swe,3.1421670248507727,0.05568197341762471,3.3166247903554,0.8456966500379081,5.385164807134504,0.3666317600773251,1.0,0.04653741075440765,5.744562646538029,0.3140056594299646,8.183444582082883,0,8,0,0.6770032003863301,0.30151134457776363,0.6271487790515345,0.7921930273429978,0.4933895353486138,0.5974069829395272
urd,nor,3.351269654608705,0.06334119673873839,3.1622776601683795,0.8309691490542968,5.5677643628300215,0.38266900209400645,2.0,0.19999999999999996,5.656854249492381,0.30176249561083257,8.255948811054186,0,8,0,0.6454972243679029,0.6030226891555273,0.6559874832690368,0.7697708876716975,0.5275426149266351,0.6674451001501465
urd,dan,3.299891015205773,0.061403179033915234,3.3166247903554,0.8456966500379081,5.5677643628300215,0.3919664896742321,1.0,0.04653741075440765,5.291502622129181,0.2776848814853847,8.15143424635102,0,8,0,0.6770032003863301,0.30151134457776363,0.6559874832690368,0.6763708770249299,0.5191508564768721,0.5870894672917304
urd,ron,2.6256380880875976,0.03886315751592584,3.605551275463989,0.8663693790437879,5.291502622129181,0.3414634146341463,1.0,0.05131670194948623,5.5677643628300215,0.3244888678573661,7.4326185948326104,0,8,0,0.7359800721939873,0.30151134457776363,0.6123563221945337,0.7469955782448925,0.40902400679430706,0.6011436593179932
urd,ukr,2.653235482162105,0.03968686644033603,3.1622776601683795,0.8309691490542968,4.898979485566356,0.29268292682926833,0.0,0.0,5.291502622129181,0.2935827428986433,6.961091600491832,0,8,0,0.6454972243679029,0.0,0.5503635172791851,0.6763708770249299,0.41353153497347817,0.4758540790686213
urd,ben,1.4036694361965893,0.011096841213751985,2.8284271247461903,0.5714285714285714,3.872983346207417,0.18066342238980415,1.4142135623730951,0.09999999999999998,4.58257569495584,0.20884519471476004,3.826949232570865,1,8,0,0.5773502691896258,0.4264014327112209,0.3883236969818679,0.4951378467421696,0.2094378387093126,0.49221274727785763
urd,pan,0.622113031762916,0.002180164688927677,2.6457513110645907,0.5370899501137243,3.1622776601683795,0.1153216253585343,1.0,0.05131670194948623,3.7416573867739413,0.12962962962962965,2.036310712392116,1,8,0,0.5400617248673217,0.30151134457776363,0.27607900401255236,0.28016199045791074,0.08178493397905592,0.38872569967478726
urd,tam,1.231709750739695,0.008541044837024114,4.123105625617661,1.0,4.47213595499958,0.25543055935350967,1.4142135623730951,0.10557280900008414,5.385164807134504,0.2944174861200176,6.987304949760725,1,8,0,0.8416254115301732,0.4264014327112209,0.48295035037260314,0.7003150678304635,0.18135137787226022,0.6197928807795604
urd,tel,0.9370229610700135,0.004943692994837434,3.1622776601683795,1.0,4.358898943540674,0.24516015087173737,1.7320508075688772,0.1567259572884322,5.656854249492381,0.32299679961367,6.262394833160427,1,8,0,0.6454972243679029,0.5222329678670935,0.4650663600885159,0.7697708876716975,0.13321969540690148,0.5893472992159472
urd,mar,0.7726704519115501,0.0033619744363051485,2.6457513110645907,0.5370899501137243,4.0,0.19512195121951215,1.0,0.05131670194948623,4.898979485566356,0.2339676537145735,4.6709737135310085,1,8,0,0.5400617248673217,0.30151134457776363,0.40838396325945503,0.5760246286760073,0.10637572730073978,0.4607956269229665
urd,jav,3.1941102789266234,0.05741632011152409,3.4641016151377544,1.0,6.324555320336759,0.5792208371551982,2.449489742783178,0.3291796067500631,5.385164807134504,0.30647207627884154,8.679089238740342,0,8,0,0.7071067811865476,0.7385489458759963,0.775510614061369,0.7003150678304635,0.501873513250028,0.7320123294743082
urd,mya,1.6794095278180263,0.015883907354311666,3.7416573867739413,1.0,6.324555320336759,0.4998436767196447,2.449489742783178,0.23936117074433505,5.385164807134504,0.2854103989895036,8.339186480797657,0,8,0,0.7637626158259734,0.7385489458759963,0.775510614061369,0.7003150678304635,0.2544749255355273,0.7366391504804108
urd,khm,2.50376170615162,0.03529446979279016,3.0,1.0,6.557438524302,0.6008138360414592,2.6457513110645907,0.4023856953328032,5.830951894845301,0.3490611853729976,8.752095072904394,0,8,0,0.6123724356957946,0.7977240352174657,0.8122908231412682,0.8142779343403991,0.3891177350474648,0.7371984810447915
urd,amh,1.9382162749958314,0.021151881069586986,3.7416573867739413,1.0,4.898979485566356,0.2782886943714359,1.4142135623730951,0.09999999999999998,6.0,0.3818849000363129,7.381249115627081,1,8,0,0.7637626158259734,0.4264014327112209,0.5503635172791851,0.8574940955361688,0.2967462611085182,0.6392632737672855
pan,eng,3.7228368920237975,0.07815043541243227,3.605551275463989,0.8639172365120457,5.656854249492381,0.3873211482551602,2.0,0.19596974779263032,5.0,0.2293253644115476,7.604315312046579,0,8,0,0.7359800721939873,0.6030226891555273,0.6700578181087926,0.6018499334426524,0.5882313085251516,0.6752503130114921
pan,spa,3.8876582589800273,0.0851821028757972,4.0,0.882148869802242,5.0990195135927845,0.30156970423042173,1.7320508075688772,0.1567259572884322,5.385164807134504,0.30993444065764575,8.025307255504424,0,8,0,0.8164965809277261,0.5222329678670935,0.581956667535994,0.7003150678304635,0.6151518559536128,0.6777034027245402
pan,fra,3.6653242307360987,0.07574011073067011,4.0,0.882148869802242,5.385164807134504,0.3329366259690576,2.449489742783178,0.2603997383663612,5.5677643628300215,0.28968860481674397,7.843430807935996,0,8,0,0.8164965809277261,0.7385489458759963,0.6271487790515345,0.7469955782448925,0.5788376700999608,0.7460071867993557
pan,deu,3.263123165590187,0.0600324477796792,3.1622776601683795,0.8333333333333334,5.477225575051661,0.34073880517854227,2.23606797749979,0.1982162742627268,5.477225575051661,0.28793466799946155,7.721333733296417,0,8,0,0.6454972243679029,0.6741998624632421,0.6416883174742132,0.7238498657063308,0.5131455025734443,0.6747715514056459
pan,ita,3.283889966284401,0.0607859108196771,3.605551275463989,0.8639172365120457,5.385164807134504,0.34003367089255565,1.0,0.05131670194948623,5.291502622129181,0.2935827428986433,7.573333115189976,0,8,0,0.7359800721939873,0.30151134457776363,0.6271487790515345,0.6763708770249299,0.5165373785986834,0.5988841140966177
pan,por,3.9828228942974913,0.08941204887035903,3.872983346207417,0.8769085090206673,5.0990195135927845,0.30775562176188154,1.4142135623730951,0.11111111111111116,4.795831523312719,0.2258612655719623,7.686086144662139,0,8,0,0.7905694150420949,0.4264014327112209,0.581956667535994,0.5496554542940227,0.6306952537902315,0.6241455970312475
pan,nld,3.524747182501825,0.0700453712117427,3.605551275463989,0.8639172365120457,5.656854249492381,0.3714127338073796,1.4142135623730951,0.09546596626670911,5.385164807134504,0.2709961996803424,7.499798095880815,0,8,0,0.7359800721939873,0.4264014327112209,0.6700578181087926,0.7003150678304635,0.5558769874880466,0.6442470530067318
pan,rus,1.6051441805622186,0.01452680439887899,2.8284271247461903,0.7958758547680684,5.0,0.2869322553462339,1.0,0.05131670194948623,5.830951894845301,0.36987396218739554,6.716513580757467,0,8,0,0.5773502691896258,0.30151134457776363,0.5663181055833848,0.8142779343403991,0.24234504310576907,0.546105480324354
pan,pol,3.0326458596845978,0.05185759516309807,3.0,0.8174258141649446,4.795831523312719,0.26393007003482216,1.0,0.05131670194948623,5.385164807134504,0.2986656156303279,6.660445825368083,0,8,0,0.6123724356957946,0.30151134457776363,0.5340729323281959,0.7003150678304635,0.47550126166344703,0.5447264765765604
pan,cmn,2.2684046308703865,0.028997022156362795,3.1622776601683795,1.0,5.385164807134504,0.35402480650006074,2.449489742783178,0.2603997383663612,5.830951894845301,0.3545027756320972,6.812267228415736,0,8,0,0.6454972243679029,0.7385489458759963,0.6271487790515345,0.8142779343403991,0.3506764733061097,0.6933916734060424
pan,jpn,3.1955142078593206,0.05753301787942211,3.0,1.0,5.656854249492381,0.39525684318523646,2.6457513110645907,0.3675444679663241,5.5677643628300215,0.34008798240391014,7.760048401354114,0,8,0,0.6123724356957946,0.7977240352174657,0.6700578181087926,0.7469955782448925,0.5021028192927871,0.7043087808362366
pan,kor,2.839104983676226,0.0454192083581646,2.6457513110645907,1.0,4.898979485566356,0.28388512596056714,2.23606797749979,0.2928932188134524,5.744562646538029,0.3512158132931098,7.30244623595867,0,8,0,0.5400617248673217,0.6741998624632421,0.5503635172791851,0.7921930273429978,0.44388990915407894,0.6316646360909978
pan,arb,1.8522711315778686,0.019328827419896943,3.4641016151377544,1.0,5.385164807134504,0.32580013753675796,2.23606797749979,0.1982162742627268,6.082762530298219,0.3584669721282152,8.053201419265374,0,8,0,0.7071067811865476,0.6741998624632421,0.6271487790515345,0.8786518532469964,0.28270869818596583,0.7020449686784295
pan,hin,0.350575387258913,0.0006923002650495169,2.6457513110645907,0.5370899501137243,3.1622776601683795,0.1153216253585343,1.7320508075688772,0.1339745962155614,5.0,0.2293253644115476,2.5480542134370223,1,8,0,0.5400617248673217,0.5222329678670935,0.27607900401255236,0.6018499334426524,0.03743423981557481,0.489941762236657
pan,tur,2.375644311431893,0.0318086068456247,3.4641016151377544,1.0,4.795831523312719,0.2745237498899883,1.4142135623730951,0.09546596626670911,6.0,0.37005921165128797,6.980972114350845,0,8,0,0.7071067811865476,0.4264014327112209,0.5340729323281959,0.8574940955361688,0.3681921083240848,0.6225806987460384
pan,vie,2.025199900380013,0.023097752292168816,3.0,1.0,6.557438524302,0.5645351568385462,2.6457513110645907,0.3264246859454366,5.385164807134504,0.2854103989895036,8.092195158005477,0,8,0,0.6123724356957946,0.7977240352174657,0.8122908231412682,0.7003150678304635,0.31095344101424127,0.7161958363666401
pan,tha,1.8604609948212043,0.019489519814909873,4.0,1.0,6.557438524302,0.5520106648094796,2.23606797749979,0.23019964108049895,5.291502622129181,0.2860671065381264,7.526721521524895,0,8,0,0.8164965809277261,0.6741998624632421,0.8122908231412682,0.6763708770249299,0.2840463621426868,0.7416150541832559
pan,swh,3.3934607978686775,0.0648004288451205,4.242640687119285,1.0,6.48074069840786,0.49871958817239703,2.449489742783178,0.29647352931855153,4.795831523312719,0.2349079443239941,8.554793784014585,0,8,0,0.8660254037844386,0.7385489458759963,0.8001776177905671,0.5496554542940227,0.5344337643823529,0.7636503875256652
pan,fin,3.008873749625891,0.0510691003302115,3.0,1.0,4.69041575982343,0.26001463015925275,1.7320508075688772,0.1339745962155614,5.477225575051661,0.3156582821830607,6.948697610591749,0,8,0,0.6123724356957946,0.5222329678670935,0.5174241841340927,0.7238498657063308,0.4716185234716205,0.5999132155318608
pan,hun,2.9777661209215416,0.04998862690317574,2.6457513110645907,1.0,4.58257569495584,0.23590682254165896,1.7320508075688772,0.1567259572884322,5.385164807134504,0.2944174861200176,6.753378027919821,0,8,0,0.5400617248673217,0.5222329678670935,0.500392555981073,0.7003150678304635,0.466537662844219,0.571029413939965
pan,ell,2.7506726904554126,0.042648475020796495,3.0,0.8174258141649446,5.196152422706632,0.28995305319530684,1.7320508075688772,0.1567259572884322,5.830951894845301,0.36987396218739554,6.696686312036716,0,8,0,0.6123724356957946,0.5222329678670935,0.5972972702283177,0.8142779343403991,0.4294461159261615,0.6273434226685433
pan,heb,2.2976103191237307,0.029745376762186804,3.605551275463989,1.0,5.385164807134504,0.31864017749102,2.23606797749979,0.1982162742627268,6.0,0.3985934695941399,7.947638074478309,0,8,0,0.7359800721939873,0.6741998624632421,0.6271487790515345,0.8574940955361688,0.3554466868428886,0.7111701917568835
pan,ind,3.201534102673681,0.05766744087044595,3.7416573867739413,1.0,6.082762530298219,0.4729537233052701,2.0,0.19596974779263032,4.58257569495584,0.21553545944726382,7.411645349437251,0,8,0,0.7637626158259734,0.6030226891555273,0.7373232771465221,0.4951378467421696,0.5030860587043822,0.6767740924125228
pan,tgl,2.93799748046172,0.04860352435522752,3.605551275463989,1.0,6.082762530298219,0.4249453672147048,1.7320508075688772,0.1567259572884322,5.0,0.26393007003482216,7.107808348299732,0,8,0,0.7359800721939873,0.5222329678670935,0.7373232771465221,0.6018499334426524,0.460042184791617,0.6620965183102528
pan,ces,3.1605651122188716,0.05632131008244767,3.1622776601683795,0.8333333333333334,5.196152422706632,0.3291796067500631,1.0,0.05131670194948623,5.385164807134504,0.30647207627884154,6.89252996562351,0,8,0,0.6454972243679029,0.30151134457776363,0.5972972702283177,0.7003150678304635,0.4963945254948089,0.5683534439497854
pan,swe,3.1384035738294775,0.055551775073189424,3.1622776601683795,0.8333333333333334,5.5677643628300215,0.37125391657132323,1.4142135623730951,0.09546596626670911,5.744562646538029,0.3140056594299646,7.496249479778877,0,8,0,0.6454972243679029,0.4264014327112209,0.6559874832690368,0.7921930273429978,0.4927748446468896,0.6249147184757776
pan,nor,3.3557259687153604,0.06351330951205159,3.0,0.8174258141649446,5.385164807134504,0.34003367089255565,1.7320508075688772,0.1567259572884322,4.898979485566356,0.22627736000119292,7.362309052820743,0,8,0,0.6123724356957946,0.5222329678670935,0.6271487790515345,0.5760246286760073,0.5282704721060759,0.6025169463925235
pan,dan,3.3650461759702437,0.06385546081760474,3.1622776601683795,0.8333333333333334,5.385164807134504,0.3470713749009895,1.4142135623730951,0.09546596626670911,4.898979485566356,0.2375562637901284,7.467919788742384,0,8,0,0.6454972243679029,0.4264014327112209,0.6271487790515345,0.5760246286760073,0.5297927570262999,0.5885726134511992
pan,ron,2.786408998315051,0.04377061700216822,3.4641016151377544,0.8556624327025936,5.0990195135927845,0.30156970423042173,1.4142135623730951,0.11111111111111116,5.196152422706632,0.28090750449332524,6.8480220510906555,0,8,0,0.7071067811865476,0.4264014327112209,0.581956667535994,0.6519951551881026,0.4352829864024812,0.6046871486393077
pan,ukr,2.7885831596750656,0.04384166324877026,3.0,0.8174258141649446,4.69041575982343,0.25500768451244993,1.0,0.05131670194948623,5.0990195135927845,0.27150720361422587,6.558578904607858,0,8,0,0.6123724356957946,0.30151134457776363,0.5174241841340927,0.6271636940259873,0.43563809578599305,0.5284308625731956
pan,ben,0.9520606146937993,0.005105302954502511,2.6457513110645907,0.5370899501137243,4.123105625617661,0.19492351410058673,1.0,0.05131670194948623,4.123105625617661,0.16827315341808113,2.999224208505513,1,8,0,0.5400617248673217,0.30151134457776363,0.42782654465663106,0.37767700585916086,0.13567582033213285,0.4363970044314444
pan,urd,0.622113031762916,0.002180164688927677,2.6457513110645907,0.5370899501137243,3.1622776601683795,0.1153216253585343,1.0,0.05131670194948623,3.7416573867739413,0.12962962962962965,2.036310712392116,1,8,0,0.5400617248673217,0.30151134457776363,0.27607900401255236,0.28016199045791074,0.08178493397905592,0.38872569967478726
pan,tam,1.3258974287544725,0.009897773300425405,4.0,1.0,4.69041575982343,0.2647853779061923,1.0,0.05719095841793653,4.123105625617661,0.16990292484707958,5.383116885497899,1,8,0,0.8164965809277261,0.30151134457776363,0.5174241841340927,0.37767700585916086,0.1967352076511189,0.5402999585110074
pan,tel,0.9371312225738312,0.0049450832865960415,3.0,1.0,4.58257569495584,0.2546440075000701,1.4142135623730951,0.11111111111111116,4.69041575982343,0.2204205571308927,4.694145655138946,1,8,0,0.6123724356957946,0.4264014327112209,0.500392555981073,0.5227065297653551,0.13323737793800786,0.5254584484444619
pan,mar,0.8207182717327913,0.00379329353902802,2.449489742783178,0.5,4.242640687119285,0.20844566479447801,0.0,0.0,4.242640687119285,0.1750420886156946,3.465813078000769,1,8,0,0.5,0.0,0.4467052120725283,0.40823544649754057,0.11422345745987245,0.35628753226213034
pan,jav,2.9475421786669913,0.048896570210904766,3.3166247903554,1.0,6.48074069840786,0.5696685170880648,2.23606797749979,0.2928932188134524,4.795831523312719,0.23935647075743915,7.862581397283329,0,8,0,0.6770032003863301,0.6741998624632421,0.8001776177905671,0.5496554542940227,0.46160113619136844,0.6872148242434948
pan,mya,1.2702328372386256,0.009087274069928597,3.605551275463989,1.0,6.324555320336759,0.4748490923710825,2.6457513110645907,0.28730335490020165,4.795831523312719,0.2258612655719623,7.86513922579008,0,8,0,0.7359800721939873,0.7977240352174657,0.775510614061369,0.5496554542940227,0.18764341752911232,0.7171576422953956
pan,khm,2.156700968103091,0.026189269606329835,2.8284271247461903,1.0,6.708203932499369,0.5917517095361371,2.449489742783178,0.37005921165128797,5.477225575051661,0.3070651328164168,8.137108788463975,0,8,0,0.5773502691896258,0.7385489458759963,0.8361018285770369,0.7238498657063308,0.33243172866533516,0.7002617492305107
pan,amh,2.5063841602167685,0.03537235629857327,3.605551275463989,1.0,5.0990195135927845,0.28888888888888886,1.0,0.05131670194948623,5.291502622129181,0.2935827428986433,6.52757080191643,1,8,0,0.7359800721939873,0.30151134457776363,0.581956667535994,0.6763708770249299,0.3895460648225632,0.5834961261047036
tam,eng,4.6247383814043035,0.120533057167579,4.358898943540674,1.0,6.0,0.4864864864864865,1.7320508075688772,0.14719713457755834,5.830951894845301,0.34198710307786806,8.979315731534188,0,8,0,0.8897565210026094,0.5222329678670935,0.7242522479073147,0.8142779343403991,0.7355403757234319,0.7512543567862506
tam,spa,4.628741466549164,0.1206831925090196,4.69041575982343,1.0,6.164414002968976,0.4865038340369032,2.0,0.2173762078750736,4.898979485566356,0.3040219959942695,8.919358455273496,0,8,0,0.9574271077563382,0.6030226891555273,0.750218832452264,0.5760246286760073,0.7361942062642925,0.7612409757208519
tam,fra,4.516948291182883,0.11495815893393113,4.69041575982343,1.0,6.4031242374328485,0.518021025039751,2.23606797749979,0.21553545944726382,5.830951894845301,0.35063402171008284,10.029718530402514,0,8,0,0.9574271077563382,0.6741998624632421,0.7879193285962598,0.8142779343403991,0.7179348413821566,0.8214003958821319
tam,deu,4.15778483358519,0.09740726969993907,4.0,1.0,5.656854249492381,0.3983053473233198,2.449489742783178,0.2440710539815456,6.244997998398398,0.4177030247014326,9.571138539611583,0,8,0,0.8164965809277261,0.7385489458759963,0.6700578181087926,0.920126403551316,0.6592720777284824,0.784580338788197
tam,ita,4.09870243991591,0.09463826834118216,4.358898943540674,1.0,6.244997998398398,0.5061185173354654,1.4142135623730951,0.10557280900008414,5.385164807134504,0.3567980952061185,9.13162709225899,0,8,0,0.8897565210026094,0.4264014327112209,0.7629457966554452,0.7003150678304635,0.6496220523080329,0.7136448365996483
tam,por,4.740805746164222,0.12660972594608544,4.58257569495584,1.0,6.164414002968976,0.49982677983197643,1.0,0.05719095841793653,4.898979485566356,0.265941312054787,9.299036775233334,0,8,0,0.9354143466934854,0.30151134457776363,0.750218832452264,0.5760246286760073,0.7544978510533487,0.680174493497008
tam,nld,4.433969648300118,0.11077897262332037,4.358898943540674,1.0,5.830951894845301,0.43515421744059357,1.7320508075688772,0.14719713457755834,6.0,0.3715813113323382,9.457283283867646,0,8,0,0.8897565210026094,0.5222329678670935,0.6975537804082217,0.8574940955361688,0.7043818019156894,0.7508391587754103
tam,rus,2.845936268937045,0.045639813320436096,3.7416573867739413,1.0,5.916079783099616,0.44191908162497495,1.4142135623730951,0.10557280900008414,5.744562646538029,0.4246276409374644,8.512321028572764,0,8,0,0.7637626158259734,0.4264014327112209,0.7109983804275144,0.7921930273429978,0.44500567431400545,0.66900805682825
tam,pol,3.992952460971499,0.08984740232200028,3.872983346207417,1.0,5.916079783099616,0.44191908162497495,1.4142135623730951,0.10557280900008414,4.898979485566356,0.2855117376556886,8.218907804788937,0,8,0,0.7905694150420949,0.4264014327112209,0.7109983804275144,0.5760246286760073,0.6323497327277214,0.6539920397137238
tam,cmn,2.883350140546198,0.046822468266456196,3.7416573867739413,1.0,5.385164807134504,0.39720371321368997,2.6457513110645907,0.3135935270163558,5.0,0.3007479078529024,7.341177851765621,0,8,0,0.7637626158259734,0.7977240352174657,0.6271487790515345,0.6018499334426524,0.45111654406188245,0.7168228665819574
tam,jpn,3.5949962693965927,0.07277483257950457,3.605551275463989,1.0,4.47213595499958,0.2774989813102531,2.449489742783178,0.3291796067500631,4.898979485566356,0.31526120541902913,6.941529333048961,0,8,0,0.7359800721939873,0.7385489458759963,0.48295035037260314,0.5760246286760073,0.5673508874470179,0.6667925668754678
tam,kor,3.3174296206582903,0.06197666261302959,3.3166247903554,1.0,4.69041575982343,0.2892275292349138,2.0,0.25,5.0990195135927845,0.3230935157387348,6.730178973832037,0,8,0,0.6770032003863301,0.6030226891555273,0.5174241841340927,0.6271636940259873,0.5220154660152637,0.6275167966362607
tam,arb,2.4425153890071734,0.03359066810905176,4.0,1.0,6.4031242374328485,0.5043184029033904,2.449489742783178,0.2440710539815456,6.164414002968976,0.4117912287170963,9.398473791693299,0,8,0,0.8164965809277261,0.7385489458759963,0.7879193285962598,0.8995255755616136,0.37911427241422796,0.7910546264215222
tam,hin,0.9836976577603246,0.005447515841636719,4.123105625617661,1.0,4.242640687119285,0.22975575105535484,2.0,0.18350341907227385,5.477225575051661,0.3008612970202348,6.861855800436749,1,8,0,0.8416254115301732,0.6030226891555273,0.4467052120725283,0.7238498657063308,0.14084315108600792,0.6582039755726895
tam,tur,3.2272682756168045,0.05866776350149738,4.0,1.0,4.58257569495584,0.27993599146540227,1.7320508075688772,0.14719713457755834,6.244997998398398,0.4587860738647366,7.637224020419863,0,8,0,0.8164965809277261,0.5222329678670935,0.500392555981073,0.920126403551316,0.5072892638836691,0.6889691511681867
tam,vie,1.872185126739517,0.01972794764256358,3.605551275463989,1.0,7.14142842854285,0.7598799099249344,2.449489742783178,0.28556549168823964,6.164414002968976,0.42165073070983217,9.476625112367673,0,8,0,0.7359800721939873,0.7385489458759963,0.9045227677933807,0.8995255755616136,0.28596128406812077,0.7855627122235196
tam,tha,1.451042933198093,0.01184876745086516,4.47213595499958,1.0,7.280109889280518,0.7675047225123615,2.0,0.18350341907227385,4.795831523312719,0.2705377517307319,8.029245384730158,0,8,0,0.912870929175277,0.6030226891555273,0.926425305351214,0.5496554542940227,0.21717543060308517,0.7532091017859653
tam,swh,2.93042485021262,0.04829546335029267,4.69041575982343,1.0,6.782329983125268,0.6051264051305076,2.23606797749979,0.25379749275536356,4.69041575982343,0.2616954622442115,8.818775867656537,0,8,0,0.9574271077563382,0.6741998624632421,0.8478088628064984,0.5227065297653551,0.4588053345243016,0.7766861166950301
tam,fin,4.0946859554154384,0.09452372319467062,3.605551275463989,1.0,5.656854249492381,0.4208520608580779,2.0,0.18350341907227385,5.196152422706632,0.33205956040635387,8.474437870796582,0,8,0,0.7359800721939873,0.6030226891555273,0.6700578181087926,0.6519951551881026,0.6489660332281806,0.685808832508461
tam,hun,3.878616823414474,0.08476018046894818,3.3166247903554,1.0,5.744562646538029,0.40518208348406837,1.4142135623730951,0.10557280900008414,5.291502622129181,0.32558139534883723,8.189450946338393,0,8,0,0.6770032003863301,0.4264014327112209,0.6839099685708037,0.6763708770249299,0.6136751032761005,0.6286226987254097
tam,ell,3.6037320702163034,0.07316081675512942,3.872983346207417,1.0,6.4031242374328485,0.4779631023361255,1.4142135623730951,0.10557280900008414,5.5677643628300215,0.39847435188916736,8.119375836881055,0,8,0,0.7905694150420949,0.4264014327112209,0.7879193285962598,0.7469955782448925,0.5687777202942123,0.6918432711611301
tam,heb,2.9498403924643446,0.04900173695247023,4.123105625617661,1.0,6.4031242374328485,0.49097452615809445,2.449489742783178,0.2440710539815456,6.082762530298219,0.48779432728366756,9.427684286949152,0,8,0,0.8416254115301732,0.7385489458759963,0.7879193285962598,0.8786518532469964,0.4619765072653677,0.7996053289976209
tam,ind,2.3445787941666247,0.030909849672709155,4.242640687119285,1.0,6.855654600401044,0.680318993454497,1.7320508075688772,0.14719713457755834,4.47213595499958,0.2430012497164683,8.22097645001965,0,8,0,0.8660254037844386,0.5222329678670935,0.8593893233471784,0.46690457195922563,0.36311812582792324,0.7004353198568207
tam,tgl,2.7440943105324145,0.042375429111728535,4.123105625617661,1.0,7.0,0.6194902829261193,1.4142135623730951,0.10557280900008414,4.47213595499958,0.25246806977162284,7.550901224617093,0,8,0,0.8416254115301732,0.4264014327112209,0.8821863902312445,0.46690457195922563,0.42837165821482276,0.6769795283877311
tam,ces,4.081583839042847,0.09387477847804726,4.0,1.0,5.0,0.34240405077857083,1.4142135623730951,0.10557280900008414,5.477225575051661,0.37323473679512476,8.105889822631047,0,8,0,0.8164965809277261,0.4264014327112209,0.5663181055833848,0.7238498657063308,0.6468260428147093,0.6557317355694852
tam,swe,4.168046931717558,0.09792516201329882,4.0,1.0,5.916079783099616,0.4666192529373351,1.7320508075688772,0.14719713457755834,6.0,0.38073193844947595,8.993713154093179,0,8,0,0.8164965809277261,0.5222329678670935,0.7109983804275144,0.8574940955361688,0.6609482032490364,0.7293784168234713
tam,nor,4.359682513527951,0.10713963468709276,3.872983346207417,1.0,5.744562646538029,0.42813723059896003,1.4142135623730951,0.10557280900008414,4.795831523312719,0.2386811180119356,7.970927875623033,0,8,0,0.7905694150420949,0.4264014327112209,0.6839099685708037,0.5496554542940227,0.6922483608947223,0.6476139125934339
tam,dan,4.320509156206977,0.10520448730551746,4.0,1.0,5.5677643628300215,0.4132811782310686,1.7320508075688772,0.14719713457755834,5.5677643628300215,0.34794406190073257,8.905005643082795,0,8,0,0.8164965809277261,0.5222329678670935,0.6559874832690368,0.7469955782448925,0.6858501114252139,0.7030465552068933
tam,ron,3.7021463210048404,0.07722325129583885,4.242640687119285,1.0,6.0,0.4608290257387484,1.0,0.05719095841793653,5.0990195135927845,0.3162591932922939,8.251582829879277,0,8,0,0.8660254037844386,0.30151134457776363,0.7242522479073147,0.6271636940259873,0.5848518832192949,0.6533530551260983
tam,ukr,3.7308203600575465,0.07842897911923019,3.872983346207417,1.0,5.830951894845301,0.43515421744059357,1.4142135623730951,0.10557280900008414,5.5677643628300215,0.3815366300058832,8.718057442770256,0,8,0,0.7905694150420949,0.4264014327112209,0.6975537804082217,0.7469955782448925,0.5895352616097248,0.6748080385892982
tam,ben,1.1561465505379926,0.007524286797558788,4.123105625617661,1.0,3.872983346207417,0.18824593690905445,1.4142135623730951,0.10557280900008414,4.0,0.1816067926354319,4.054339284210913,1,8,0,0.8416254115301732,0.4264014327112209,0.3883236969818679,0.3462057713491359,0.16900951496672784,0.5471340624839376
tam,urd,1.231709750739695,0.008541044837024114,4.123105625617661,1.0,4.47213595499958,0.25543055935350967,1.4142135623730951,0.10557280900008414,5.385164807134504,0.2944174861200176,6.987304949760725,1,8,0,0.8416254115301732,0.4264014327112209,0.48295035037260314,0.7003150678304635,0.18135137787226022,0.6197928807795604
tam,pan,1.3258974287544725,0.009897773300425405,4.0,1.0,4.69041575982343,0.2647853779061923,1.0,0.05719095841793653,4.123105625617661,0.16990292484707958,5.383116885497899,1,8,0,0.8164965809277261,0.30151134457776363,0.5174241841340927,0.37767700585916086,0.1967352076511189,0.5402999585110074
tam,tel,0.40157787496115827,0.000907542802222272,3.3166247903554,0.8174258141649446,1.7320508075688772,0.04100590738541576,1.0,0.05719095841793653,3.605551275463989,0.14936909373734975,1.2080304015466048,1,8,0,0.6770032003863301,0.30151134457776363,0.05019735271859641,0.24536725767627113,0.045764560783744065,0.3776115834946871
tam,mar,0.5210075746634187,0.0015277892118570335,4.0,1.0,3.4641016151377544,0.15273132616089036,1.0,0.05719095841793653,3.605551275463989,0.14156036633251678,2.9717106606339305,1,8,0,0.8164965809277261,0.30151134457776363,0.32374731147345703,0.24536725767627113,0.0652712118604542,0.4751449219619135
tam,jav,2.230683752196959,0.027989000982395096,3.872983346207417,1.0,6.928203230275509,0.7468912011326669,2.0,0.25,4.898979485566356,0.29802290521053976,8.407052203800184,0,8,0,0.7905694150420949,0.6030226891555273,0.8708472289831782,0.5760246286760073,0.34451545958486746,0.7157254098787904
tam,mya,1.19857959021747,0.00808629061446653,4.123105625617661,1.0,5.0990195135927845,0.3418773418841795,2.449489742783178,0.2440710539815456,5.291502622129181,0.31042971738479996,7.168900081911323,0,8,0,0.8416254115301732,0.7385489458759963,0.581956667535994,0.6763708770249299,0.17594017376613277,0.713768833677296
tam,khm,1.7164949814343473,0.016579865424036777,3.4641016151377544,1.0,7.280109889280518,0.7898949211843176,2.23606797749979,0.33184689521893906,5.744562646538029,0.38819295306448476,9.13333868945115,0,8,0,0.7071067811865476,0.6741998624632421,0.926425305351214,0.7921930273429978,0.26053215422754084,0.7478226228548444
tam,amh,2.529295096140513,0.036001380142736905,4.123105625617661,1.0,4.242640687119285,0.2157710697666051,1.4142135623730951,0.10557280900008414,4.795831523312719,0.2825824908068245,5.565531369558631,1,8,0,0.8416254115301732,0.4264014327112209,0.4467052120725283,0.5496554542940227,0.3932881460135862,0.6005417494961456
tel,eng,4.381146606284593,0.10818430892041997,3.4641016151377544,1.0,5.916079783099616,0.4794032068663686,2.0,0.19596974779263032,5.744562646538029,0.3291796067500631,8.620733140124118,0,8,0,0.7071067811865476,0.6030226891555273,0.7109983804275144,0.7921930273429978,0.6957541267898537,0.7087040431712913
tel,spa,4.434016179949858,0.11075730907717474,3.872983346207417,1.0,6.082762530298219,0.4794207937046464,2.23606797749979,0.26213521262737816,5.196152422706632,0.33745865113108675,8.743567398505718,0,8,0,0.7905694150420949,0.6741998624632421,0.7373232771465221,0.6519951551881026,0.7043894020072728,0.7362041889363224
tel,fra,4.288352704459291,0.10363046998635694,3.872983346207417,1.0,6.324555320336759,0.5113727251200423,2.449489742783178,0.2603997383663612,5.916079783099616,0.35805559091399886,9.596354767038692,0,8,0,0.7905694150420949,0.7385489458759963,0.775510614061369,0.836040382003964,0.6805979447893523,0.7863461383339635
tel,deu,3.914277893318554,0.08634308516906308,3.0,1.0,5.744562646538029,0.4154221470583488,2.6457513110645907,0.28730335490020165,6.164414002968976,0.4030379942042909,8.988212863031164,0,8,0,0.6123724356957946,0.7977240352174657,0.6839099685708037,0.8995255755616136,0.6194996850122622,0.7358285538121206
tel,ita,3.878292290745953,0.08474459995269368,3.4641016151377544,1.0,6.164414002968976,0.49930603714000665,1.7320508075688772,0.1567259572884322,5.656854249492381,0.38860501494435185,8.868853514123627,0,8,0,0.7071067811865476,0.5222329678670935,0.750218832452264,0.7697708876716975,0.6136220968167054,0.6888807808047804
tel,por,4.541637535154841,0.11621029296480834,3.7416573867739413,1.0,6.082762530298219,0.49292751295055737,1.4142135623730951,0.11111111111111116,5.385164807134504,0.31831077944300923,9.048108874644884,0,8,0,0.7637626158259734,0.4264014327112209,0.7373232771465221,0.7003150678304635,0.7219673765782543,0.6743394273583839
tel,nld,4.187491593878723,0.09881814192792837,3.4641016151377544,1.0,5.916079783099616,0.45339183338987876,2.0,0.19596974779263032,6.082762530298219,0.3787634750780634,8.951193475214367,0,8,0,0.7071067811865476,0.6030226891555273,0.7109983804275144,0.8786518532469964,0.6641241321932433,0.7200913673270606
tel,rus,2.4836212175952856,0.034763216942899855,2.6457513110645907,1.0,5.830951894845301,0.43422105013899637,1.7320508075688772,0.1567259572884322,5.656854249492381,0.405349156505728,8.012103773665352,0,8,0,0.5400617248673217,0.5222329678670935,0.6975537804082217,0.7697708876716975,0.3858281556232317,0.6168445564405305
tel,pol,3.728908146274233,0.07836776202501428,2.8284271247461903,1.0,5.830951894845301,0.43422105013899637,1.7320508075688772,0.1567259572884322,5.744562646538029,0.38785390784758556,7.805517870968154,0,8,0,0.5773502691896258,0.5222329678670935,0.6975537804082217,0.7921930273429978,0.5892229365586851,0.6415641797346894
tel,cmn,2.6285585112319785,0.038918121570220565,2.6457513110645907,1.0,5.0990195135927845,0.36111111111111116,2.449489742783178,0.2603997383663612,5.477225575051661,0.3564127522592252,6.6580174365447,0,8,0,0.5400617248673217,0.7385489458759963,0.581956667535994,0.7238498657063308,0.40950100435367304,0.6420996175100276
tel,jpn,3.41279473998347,0.06559362661498336,2.449489742783178,1.0,4.358898943540674,0.26753297923528563,2.6457513110645907,0.3675444679663241,5.5677643628300215,0.4043166028187294,6.564304591934199,0,8,0,0.5,0.7977240352174657,0.4650663600885159,0.7469955782448925,0.5375916092376174,0.6313731980206844
tel,kor,3.107855985102954,0.05440058394420133,2.0,1.0,4.358898943540674,0.25273528224292663,2.23606797749979,0.2928932188134524,5.196152422706632,0.3308298439195769,6.12376381244252,0,8,0,0.4082482904638631,0.6741998624632421,0.4650663600885159,0.6519951551881026,0.487785456278597,0.5562262708648179
tel,arb,2.253538721366632,0.02859771449573323,3.0,1.0,6.324555320336759,0.49748109237039395,2.6457513110645907,0.28730335490020165,6.082762530298219,0.39697731084447274,8.935950268287058,0,8,0,0.6123724356957946,0.7977240352174657,0.775510614061369,0.8786518532469964,0.3482483996330567,0.7374550602940809
tel,hin,0.589958584274432,0.0019596134143358146,3.1622776601683795,1.0,4.123105625617661,0.2191311905569696,1.7320508075688772,0.1339745962155614,4.795831523312719,0.22754015322734544,6.032648674081327,1,8,0,0.6454972243679029,0.5222329678670935,0.42782654465663106,0.5496554542940227,0.07653309470217641,0.5460476910876828
tel,tur,2.986251764910386,0.05023879827658406,3.0,1.0,4.242640687119285,0.24296670138977483,2.0,0.19596974779263032,6.0,0.41844736850095576,7.023614617088932,0,8,0,0.6123724356957946,0.6030226891555273,0.4467052120725283,0.8574940955361688,0.4679236371610282,0.6258287416006025
tel,vie,1.7877037375034563,0.017990056609477834,2.449489742783178,1.0,7.0710678118654755,0.7565677522199261,2.6457513110645907,0.3264246859454366,6.4031242374328485,0.45025062858307197,9.238989352920601,0,8,0,0.5,0.7977240352174657,0.8934104241450567,0.9605504534342771,0.27216279854557546,0.7358038015757982
tel,tha,1.4286422954344054,0.01148725721985766,3.605551275463989,1.0,7.211102550927978,0.7642977396044841,1.7320508075688772,0.1339745962155614,4.898979485566356,0.27887473694118503,7.89560541906761,0,8,0,0.7359800721939873,0.5222329678670935,0.9155266905544484,0.5760246286760073,0.21351669725751551,0.6815371309001362
tel,swh,3.078316112271048,0.053300055962060666,3.872983346207417,1.0,6.855654600401044,0.6263676411214634,2.449489742783178,0.29647352931855153,5.385164807134504,0.3407657469127845,9.034016628114154,0,8,0,0.7905694150420949,0.7385489458759963,0.8593893233471784,0.7003150678304635,0.48296065981993624,0.7728812188166295
tel,fin,3.7912328119588325,0.0810432789000427,2.449489742783178,1.0,5.744562646538029,0.43955146168219494,2.23606797749979,0.23019964108049895,4.898979485566356,0.29078181733544817,7.759394419700034,0,8,0,0.5,0.6741998624632421,0.6839099685708037,0.5760246286760073,0.5994025276487821,0.6217057800138116
tel,hun,3.631259184148175,0.07430354430493624,2.0,1.0,5.656854249492381,0.39697731084447274,1.7320508075688772,0.1567259572884322,5.385164807134504,0.3332892896860309,7.594761005926152,0,8,0,0.4082482904638631,0.5222329678670935,0.6700578181087926,0.7003150678304635,0.5732737695010386,0.5707552413773123
tel,ell,3.3673772711942567,0.06388723370418004,2.8284271247461903,1.0,6.324555320336759,0.47076225324284304,1.7320508075688772,0.1567259572884322,5.291502622129181,0.35364038750622606,7.785659022000201,0,8,0,0.5773502691896258,0.5222329678670935,0.775510614061369,0.6763708770249299,0.5301734986782908,0.636829752023589
tel,heb,2.7585139391132723,0.04285701794067509,3.1622776601683795,1.0,6.48074069840786,0.5085268128170095,2.6457513110645907,0.28730335490020165,6.164414002968976,0.49364829865542525,8.864837606790974,0,8,0,0.6454972243679029,0.7977240352174657,0.8001776177905671,0.8995255755616136,0.43072684008402096,0.7595808780112939
tel,ind,2.5480522921810502,0.03651235355748439,3.3166247903554,1.0,6.782329983125268,0.6759093919561656,2.0,0.19596974779263032,5.196152422706632,0.32407363058062544,8.089765589880804,0,8,0,0.6770032003863301,0.6030226891555273,0.8478088628064984,0.6519951551881026,0.396351789975284,0.6910352677430601
tel,tgl,2.7131333586935424,0.04143000148193554,3.1622776601683795,1.0,6.928203230275509,0.6142416250947702,1.7320508075688772,0.1567259572884322,5.0,0.3119762915592055,7.336395390076567,0,8,0,0.6454972243679029,0.5222329678670935,0.8708472289831782,0.6018499334426524,0.42331475456330775,0.6598200828183433
tel,ces,3.829762440313175,0.08265935849135408,3.0,1.0,4.898979485566356,0.33333333333333337,1.7320508075688772,0.1567259572884322,5.385164807134504,0.3556139237744075,7.725185018979268,0,8,0,0.6123724356957946,0.5222329678670935,0.5503635172791851,0.7003150678304635,0.6056956357977364,0.6096747180958051
tel,swe,3.883322461034788,0.08501443669151354,3.0,1.0,6.0,0.4862988330859186,2.0,0.19596974779263032,5.916079783099616,0.3666995036188764,8.371368437750899,0,8,0,0.6123724356957946,0.6030226891555273,0.7242522479073147,0.836040382003964,0.6144436828788437,0.68544609402362
tel,nor,4.0834015119930065,0.09400291594008625,2.8284271247461903,1.0,5.830951894845301,0.4466014094705336,1.7320508075688772,0.1567259572884322,4.242640687119285,0.18466404024308647,7.342652320902241,0,8,0,0.5773502691896258,0.5222329678670935,0.6975537804082217,0.40823544649754057,0.6471229263545552,0.5868655420976643
tel,dan,4.059422001110519,0.0928858642523882,3.0,1.0,5.656854249492381,0.43222502604233115,2.0,0.19596974779263032,5.477225575051661,0.33316866328841943,8.277366333344043,0,8,0,0.6123724356957946,0.6030226891555273,0.6700578181087926,0.7238498657063308,0.6432063130419455,0.6592167621274256
tel,ron,3.448939447000881,0.06702996051556187,3.3166247903554,1.0,5.916079783099616,0.45339183338987876,1.4142135623730951,0.11111111111111116,5.5677643628300215,0.37235408553915217,7.8916303316073195,0,8,0,0.6770032003863301,0.4264014327112209,0.7109983804275144,0.7469955782448925,0.5434951842262198,0.6411250903272521
tel,ukr,3.4702283187703635,0.06786421756238115,2.8284271247461903,1.0,5.744562646538029,0.4273628730751111,1.7320508075688772,0.1567259572884322,5.830951894845301,0.4130608143465778,8.213311247935986,0,8,0,0.5773502691896258,0.5222329678670935,0.6839099685708037,0.8142779343403991,0.546972330986694,0.6400356231382166
tel,ben,0.8790012988206232,0.004349869322837319,3.1622776601683795,1.0,3.7416573867739413,0.1770488002021765,1.0,0.05131670194948623,4.58257569495584,0.23590682254165896,3.3081354632836892,1,8,0,0.6454972243679029,0.30151134457776363,0.36758284421387466,0.4951378467421696,0.12374292100981941,0.4730013953594031
tel,urd,0.9370229610700135,0.004943692994837434,3.1622776601683795,1.0,4.358898943540674,0.24516015087173737,1.7320508075688772,0.1567259572884322,5.656854249492381,0.32299679961367,6.262394833160427,1,8,0,0.6454972243679029,0.5222329678670935,0.4650663600885159,0.7697708876716975,0.13321969540690148,0.5893472992159472
tel,pan,0.9371312225738312,0.0049450832865960415,3.0,1.0,4.58257569495584,0.2546440075000701,1.4142135623730951,0.11111111111111116,4.69041575982343,0.2204205571308927,4.694145655138946,1,8,0,0.6123724356957946,0.4264014327112209,0.500392555981073,0.5227065297653551,0.13323737793800786,0.5254584484444619
tel,tam,0.40157787496115827,0.000907542802222272,3.3166247903554,0.8174258141649446,1.7320508075688772,0.04100590738541576,1.0,0.05719095841793653,3.605551275463989,0.14936909373734975,1.2080304015466048,1,8,0,0.6770032003863301,0.30151134457776363,0.05019735271859641,0.24536725767627113,0.045764560783744065,0.3776115834946871
tel,mar,0.1662719790968662,0.00015561752557469166,3.0,1.0,3.872983346207417,0.19310223024220197,1.4142135623730951,0.11111111111111116,3.4641016151377544,0.1296117202215108,2.3817796186911675,1,8,0,0.6123724356957946,0.4264014327112209,0.3883236969818679,0.20920647778375834,0.007331658261503523,0.4497243828635561
tel,jav,2.372792984641339,0.03167284059854669,2.8284271247461903,1.0,6.855654600401044,0.7433998803601664,2.23606797749979,0.2928932188134524,5.5677643628300215,0.3803980036292379,8.301990805957155,0,8,0,0.5773502691896258,0.6741998624632421,0.8593893233471784,0.7469955782448925,0.3677263963868726,0.6940685675982114
tel,mya,1.0184572363568807,0.005839278823039473,3.1622776601683795,1.0,5.196152422706632,0.35948738477965136,2.23606797749979,0.1982162742627268,5.744562646538029,0.3622907291563634,7.1167841636005615,0,8,0,0.6454972243679029,0.6741998624632421,0.5972972702283177,0.7921930273429978,0.14652049075065476,0.6578135656108274
tel,khm,1.7257904107638231,0.016762104978240155,2.23606797749979,1.0,7.211102550927978,0.7869967831924354,2.449489742783178,0.37005921165128797,5.830951894845301,0.3951852632409939,8.897002631218353,0,8,0,0.4564354645876385,0.7385489458759963,0.9155266905544484,0.8142779343403991,0.2620503921280827,0.6899174237136444
tel,amh,2.510331586141937,0.03546818568413834,3.1622776601683795,1.0,4.358898943540674,0.22979880775007244,1.7320508075688772,0.1567259572884322,5.477225575051661,0.364149215542126,5.39747692478988,1,8,0,0.6454972243679029,0.5222329678670935,0.4650663600885159,0.7238498657063308,0.3901908044506908,0.5953077013733318
mar,eng,4.254906907961561,0.1020521198996106,3.605551275463989,0.8639172365120457,5.830951894845301,0.43515421744059357,2.0,0.19596974779263032,5.0,0.2409635294425151,7.753699763582227,0,8,0,0.7359800721939873,0.6030226891555273,0.6975537804082217,0.6018499334426524,0.6751351873354665,0.6850946994118936
mar,spa,4.304898524596872,0.10441352599211473,4.0,0.882148869802242,6.0,0.4390243902439024,1.7320508075688772,0.1567259572884322,5.385164807134504,0.3412674507597401,8.568384472024889,0,8,0,0.8164965809277261,0.5222329678670935,0.7242522479073147,0.7003150678304635,0.6833004010544727,0.7095699460538474
mar,fra,4.1583532849024385,0.09745461560634283,4.0,0.882148869802242,5.916079783099616,0.4216447687457442,2.449489742783178,0.2603997383663612,5.5677643628300215,0.3060798624966239,8.742131697545501,0,8,0,0.8164965809277261,0.7385489458759963,0.7109983804275144,0.7469955782448925,0.65936492382562,0.7668034697608348
mar,deu,3.779283457598984,0.08050010120861228,3.1622776601683795,0.8333333333333334,5.477225575051661,0.35696056389011976,2.23606797749979,0.1982162742627268,5.830951894845301,0.34680273525781913,8.411456486832433,0,8,0,0.6454972243679029,0.6741998624632421,0.6416883174742132,0.8142779343403991,0.5974508197681575,0.6925510275604919
mar,ita,3.741164315390899,0.07886743547082053,3.605551275463989,0.8639172365120457,6.244997998398398,0.4814419617589655,1.0,0.05131670194948623,5.291502622129181,0.3209752866032719,8.521555099509822,0,8,0,0.7359800721939873,0.30151134457776363,0.7629457966554452,0.6763708770249299,0.5912247570027788,0.6297778865376047
mar,por,4.414371347029537,0.10980205623500139,3.872983346207417,0.8769085090206673,6.0,0.44982804439160917,1.4142135623730951,0.11111111111111116,5.0,0.2631170690667959,8.544647397393305,0,8,0,0.7905694150420949,0.4264014327112209,0.7242522479073147,0.6018499334426524,0.7011807788407379,0.6639581612303314
mar,nld,4.0578230535963575,0.09280432144433914,3.605551275463989,0.8639172365120457,5.656854249492381,0.3902439024390244,1.4142135623730951,0.09546596626670911,6.082762530298219,0.3655587314254847,8.313067745174132,0,8,0,0.7359800721939873,0.4264014327112209,0.6700578181087926,0.8786518532469964,0.6429451542905923,0.6753509791593391
mar,rus,2.3800065081090445,0.03192709366808577,2.8284271247461903,0.7958758547680684,5.916079783099616,0.4216447687457442,1.0,0.05131670194948623,5.830951894845301,0.4059114742139954,7.9741332493891015,0,8,0,0.5773502691896258,0.30151134457776363,0.7109983804275144,0.8142779343403991,0.3689045931475526,0.581369512795269
mar,pol,3.5936414875714293,0.07279421510843587,3.0,0.8174258141649446,5.916079783099616,0.4216447687457442,1.0,0.05131670194948623,5.5677643628300215,0.3462895148661116,7.818220576927072,0,8,0,0.6123724356957946,0.30151134457776363,0.7109983804275144,0.7469955782448925,0.5671296086829047,0.5916950601095614
mar,cmn,2.6543691421320026,0.03969108382809705,3.1622776601683795,1.0,5.196152422706632,0.34927599213080807,2.449489742783178,0.2603997383663612,5.0990195135927845,0.2925250298891604,6.4353961046722,0,8,0,0.6454972243679029,0.7385489458759963,0.5972972702283177,0.6271636940259873,0.4137166975379622,0.6625062468058298
mar,jpn,3.463826244779235,0.06757821150867183,3.0,1.0,4.898979485566356,0.313647219447009,2.6457513110645907,0.3675444679663241,5.196152422706632,0.32598139842522356,6.971632016553655,0,8,0,0.6123724356957946,0.7977240352174657,0.5503635172791851,0.6519951551881026,0.5459266696158327,0.6683110497279489
mar,kor,3.1504942520989396,0.05591039436487899,2.6457513110645907,1.0,4.69041575982343,0.2747733312434848,2.23606797749979,0.2928932188134524,5.0,0.28813150318562575,6.327355794849397,0,8,0,0.5400617248673217,0.6741998624632421,0.5174241841340927,0.6018499334426524,0.49474963519623477,0.5990682916790352
mar,arb,2.101549127568313,0.02487332020846844,3.4641016151377544,1.0,6.557438524302,0.5055743101845884,2.23606797749979,0.1982162742627268,5.916079783099616,0.3607907733972,8.67866795657585,0,8,0,0.7071067811865476,0.6741998624632421,0.8122908231412682,0.836040382003964,0.3234236870121089,0.7347174062512286
mar,hin,0.4798284921757401,0.0012964536519980419,2.6457513110645907,0.5370899501137243,3.7416573867739413,0.1707317073170732,1.7320508075688772,0.1339745962155614,5.385164807134504,0.27988847665059124,4.648945624524835,1,8,0,0.5400617248673217,0.5222329678670935,0.36758284421387466,0.7003150678304635,0.0585453639704506,0.5240678566428368
mar,tur,2.838152841343268,0.045384893420465366,3.4641016151377544,1.0,5.196152422706632,0.34129703048041804,1.4142135623730951,0.09546596626670911,6.164414002968976,0.4209339758564139,7.776608991236849,0,8,0,0.7071067811865476,0.4264014327112209,0.5972972702283177,0.8995255755616136,0.4437343941665115,0.6453074026220007
mar,vie,1.8996398265963752,0.02031593883645222,3.0,1.0,7.0,0.6863537283182894,2.6457513110645907,0.3264246859454366,5.916079783099616,0.3683860592001108,8.950966485906847,0,8,0,0.6123724356957946,0.7977240352174657,0.8821863902312445,0.836040382003964,0.2904455057638854,0.7495083501481427
mar,tha,1.562258692088167,0.013738129080840267,4.0,1.0,7.14142842854285,0.696313303294172,2.23606797749979,0.23019964108049895,4.0,0.17594450410335816,7.681391240855288,0,8,0,0.8164965809277261,0.6741998624632421,0.9045227677933807,0.3462057713491359,0.23534048509379102,0.7081013834098645
mar,swh,3.020121469596393,0.05130999801203706,4.242640687119285,1.0,7.0710678118654755,0.6248827575397335,2.449489742783178,0.29647352931855153,5.196152422706632,0.30120603313273997,9.252015924877579,0,8,0,0.8660254037844386,0.7385489458759963,0.8934104241450567,0.6519951551881026,0.4734556322428901,0.7945989973237019
mar,fin,3.670790675466426,0.07598514762222242,3.0,1.0,5.656854249492381,0.39981241206357365,1.7320508075688772,0.1339745962155614,5.0990195135927845,0.2975606413137295,7.947358111314738,0,8,0,0.6123724356957946,0.5222329678670935,0.6700578181087926,0.6271636940259873,0.5797305135907378,0.6213426160807053
mar,hun,3.4921269021489167,0.06872715160232168,2.6457513110645907,1.0,5.744562646538029,0.38785390784758556,1.7320508075688772,0.1567259572884322,5.196152422706632,0.29563927493950093,7.729600264319027,0,8,0,0.5400617248673217,0.5222329678670935,0.6839099685708037,0.6519951551881026,0.5505490629562511,0.6046854795671587
mar,ell,3.2237899725190746,0.05856218928014589,3.0,0.8174258141649446,6.082762530298219,0.413914737466169,1.7320508075688772,0.1567259572884322,5.656854249492381,0.3811577856395785,7.727734900457461,0,8,0,0.6123724356957946,0.5222329678670935,0.7373232771465221,0.7697708876716975,0.5067211468655772,0.6525363185988496
mar,heb,2.6098717982472333,0.03836747727072387,3.605551275463989,1.0,6.244997998398398,0.4473624411297952,2.23606797749979,0.1982162742627268,6.164414002968976,0.46417411876617976,8.80393282559114,0,8,0,0.7359800721939873,0.6741998624632421,0.7629457966554452,0.8995255755616136,0.40644887250646256,0.747184426564661
mar,ind,2.697630082093084,0.04092983454964538,3.7416573867739413,1.0,6.855654600401044,0.6410975402567487,2.0,0.19596974779263032,4.795831523312719,0.2603997383663612,8.01436706168028,0,8,0,0.7637626158259734,0.6030226891555273,0.8593893233471784,0.5496554542940227,0.42078257866447527,0.7052497687834367
mar,tgl,2.82724598357091,0.044993781359336404,3.605551275463989,1.0,7.0,0.590331711194902,1.7320508075688772,0.1567259572884322,4.795831523312719,0.2680749452886001,7.443499875507899,0,8,0,0.7359800721939873,0.5222329678670935,0.8821863902312445,0.5496554542940227,0.4419529589838133,0.6823355077645126
mar,ces,3.6943360314830356,0.07692622445560815,3.1622776601683795,0.8333333333333334,5.5677643628300215,0.40133391276034336,1.0,0.05131670194948623,5.916079783099616,0.4067762526546881,8.020179605721392,0,8,0,0.6454972243679029,0.30151134457776363,0.6559874832690368,0.836040382003964,0.5835762156685119,0.6048093681926393
mar,swe,3.756607282245726,0.07956657926173405,3.1622776601683795,0.8333333333333334,5.744562646538029,0.41730121927113906,1.4142135623730951,0.09546596626670911,5.744562646538029,0.33302703115008425,7.950678596811345,0,8,0,0.6454972243679029,0.4264014327112209,0.6839099685708037,0.7921930273429978,0.5937470824107577,0.6355478274243245
mar,nor,3.958590547194603,0.08835509864679325,3.0,0.8174258141649446,5.5677643628300215,0.38266900209400645,1.7320508075688772,0.1567259572884322,4.242640687119285,0.17934321174892842,7.0629274662052834,0,8,0,0.6123724356957946,0.5222329678670935,0.6559874832690368,0.40823544649754057,0.6267373443180969,0.5880396535198551
mar,dan,3.9299357781794853,0.0870653589314937,3.1622776601683795,0.8333333333333334,5.385164807134504,0.3666317600773251,1.4142135623730951,0.09546596626670911,5.0990195135927845,0.2764319488550636,7.939993657773696,0,8,0,0.6454972243679029,0.4264014327112209,0.6271487790515345,0.6271636940259873,0.6220571133348899,0.6008566910691256
mar,ron,3.307646339210705,0.06165797725624056,3.4641016151377544,0.8556624327025936,6.0,0.4390243902439024,1.4142135623730951,0.11111111111111116,4.795831523312719,0.2603997383663612,7.716851933745395,0,8,0,0.7071067811865476,0.4264014327112209,0.7242522479073147,0.5496554542940227,0.5204175464185549,0.6220520375802636
mar,ukr,3.330110960209331,0.06250222511778059,3.0,0.8174258141649446,5.656854249492381,0.3902439024390244,1.0,0.05131670194948623,5.291502622129181,0.3209752866032719,7.955950765637142,0,8,0,0.6123724356957946,0.30151134457776363,0.6700578181087926,0.6763708770249299,0.5240867302520836,0.5707610985412815
mar,ben,0.9341026865527727,0.004912942418501265,2.6457513110645907,0.5370899501137243,3.0,0.10836901848302227,1.0,0.05131670194948623,3.605551275463989,0.13933703417612953,1.6571863212698466,1,8,0,0.5400617248673217,0.30151134457776363,0.2504498209355252,0.24536725767627113,0.13274272212305302,0.3809285425493358
mar,urd,0.7726704519115501,0.0033619744363051485,2.6457513110645907,0.5370899501137243,4.0,0.19512195121951215,1.0,0.05131670194948623,4.898979485566356,0.2339676537145735,4.6709737135310085,1,8,0,0.5400617248673217,0.30151134457776363,0.40838396325945503,0.5760246286760073,0.10637572730073978,0.4607956269229665
mar,pan,0.8207182717327913,0.00379329353902802,2.449489742783178,0.5,4.242640687119285,0.20844566479447801,0.0,0.0,4.242640687119285,0.1750420886156946,3.465813078000769,1,8,0,0.5,0.0,0.4467052120725283,0.40823544649754057,0.11422345745987245,0.35628753226213034
mar,tam,0.5210075746634187,0.0015277892118570335,4.0,1.0,3.4641016151377544,0.15273132616089036,1.0,0.05719095841793653,3.605551275463989,0.14156036633251678,2.9717106606339305,1,8,0,0.8164965809277261,0.30151134457776363,0.32374731147345703,0.24536725767627113,0.0652712118604542,0.4751449219619135
mar,tel,0.1662719790968662,0.00015561752557469166,3.0,1.0,3.872983346207417,0.19310223024220197,1.4142135623730951,0.11111111111111116,3.4641016151377544,0.1296117202215108,2.3817796186911675,1,8,0,0.6123724356957946,0.4264014327112209,0.3883236969818679,0.20920647778375834,0.007331658261503523,0.4497243828635561
mar,jav,2.5207733210726797,0.03575090306394235,3.3166247903554,1.0,6.928203230275509,0.6994434551108559,2.23606797749979,0.2928932188134524,4.795831523312719,0.2644025532918133,8.257546078724687,0,8,0,0.6770032003863301,0.6741998624632421,0.8708472289831782,0.5496554542940227,0.3918962703476769,0.6978635031898324
mar,mya,1.1152801715201195,0.007003185398043343,3.605551275463989,1.0,5.477225575051661,0.37480459589955584,2.6457513110645907,0.28730335490020165,5.0,0.2631170690667959,6.901492464461453,0,8,0,0.7359800721939873,0.7977240352174657,0.6416883174742132,0.6018499334426524,0.1623347414534595,0.6969569210464762
mar,khm,1.861624938825875,0.019506942499942226,2.8284271247461903,1.0,7.14142842854285,0.7148670257438995,2.449489742783178,0.37005921165128797,5.656854249492381,0.3541186653783077,8.7219267052063,0,8,0,0.5773502691896258,0.7385489458759963,0.9045227677933807,0.7697708876716975,0.2842364710488345,0.7184243274877594
mar,amh,2.393856033892356,0.03225710995356745,3.605551275463989,1.0,4.898979485566356,0.2782886943714359,1.0,0.05131670194948623,4.898979485566356,0.2741459960241872,6.1591114234745845,1,8,0,0.7359800721939873,0.30151134457776363,0.5503635172791851,0.5760246286760073,0.37116665918059516,0.561206588518905
jav,eng,5.895367633755304,0.19579033069318919,3.7416573867739413,1.0,5.0990195135927845,0.3988666026900839,2.23606797749979,0.25379749275536356,5.0990195135927845,0.26847068743957014,8.565598873658539,0,6,0,0.7637626158259734,0.6741998624632421,0.581956667535994,0.6271636940259873,0.9430743604463534,0.7052983559970172
jav,spa,6.033965287865665,0.20500469843610158,4.123105625617661,1.0,5.656854249492381,0.45899821919954065,2.449489742783178,0.3291796067500631,4.47213595499958,0.2774989813102531,9.271534354402172,0,6,0,0.8416254115301732,0.7385489458759963,0.6700578181087926,0.46690457195922563,0.9657117453306948,0.7394576966102282
jav,fra,5.875317417563169,0.1944239519590013,4.123105625617661,1.0,5.385164807134504,0.4060861290835014,3.0,0.41165159458544787,5.0990195135927845,0.27737799651656825,9.289205542492923,0,6,0,0.8416254115301732,0.9045340337332909,0.6271487790515345,0.6271636940259873,0.9397995253571954,0.7951154180744394
jav,deu,5.5859520396204765,0.17575173566186963,3.3166247903554,1.0,5.656854249492381,0.44238109266043824,2.8284271247461903,0.33856217223385243,5.385164807134504,0.32576369528584825,9.388042122629864,0,6,0,0.6770032003863301,0.8528028654224418,0.6700578181087926,0.7003150678304635,0.8925369979014588,0.7499873501629105
jav,ita,5.603506663557005,0.17682001277037285,3.7416573867739413,1.0,5.385164807134504,0.42184841152232466,2.449489742783178,0.3291796067500631,4.358898943540674,0.25326695411226907,8.783212601158743,0,6,0,0.7637626158259734,0.7385489458759963,0.6271487790515345,0.43795619104683975,0.8954042237654308,0.6996594168723955
jav,por,6.101693479937104,0.20965286598605704,4.0,1.0,5.291502622129181,0.4144831262067026,2.23606797749979,0.2928932188134524,4.47213595499958,0.23263817966213074,9.175561048434707,0,6,0,0.8164965809277261,0.6741998624632421,0.6123563221945337,0.46690457195922563,0.9767739033540979,0.7048445852946239
jav,nld,5.762342328860413,0.18702842339745995,3.7416573867739413,1.0,5.477225575051661,0.4289425647106262,2.6457513110645907,0.3603978509331687,5.291502622129181,0.29995993412542543,9.180048543940101,0,6,0,0.7637626158259734,0.7977240352174657,0.6416883174742132,0.6763708770249299,0.9213471166081233,0.7544204444311469
jav,rus,3.965558992462266,0.08858121161472154,3.0,1.0,5.385164807134504,0.4060861290835014,2.449489742783178,0.3291796067500631,5.196152422706632,0.37972773812193894,8.098696276596549,0,6,0,0.6123724356957946,0.7385489458759963,0.6271487790515345,0.6519951551881026,0.6278755120495936,0.6729717718687395
jav,pol,5.403979522898715,0.1645064206733633,3.1622776601683795,1.0,5.5677643628300215,0.4357818226293263,2.449489742783178,0.3291796067500631,4.898979485566356,0.3067801759498193,8.471739855911585,0,6,0,0.6454972243679029,0.7385489458759963,0.6559874832690368,0.5760246286760073,0.8628151247150438,0.6890283509703305
jav,cmn,2.6738012992459925,0.04024855207409073,3.0,1.0,5.196152422706632,0.42264973081037427,2.6457513110645907,0.3135935270163558,5.0,0.32416218161695265,6.340967819820676,0,6,0,0.6123724356957946,0.7977240352174657,0.5972972702283177,0.6018499334426524,0.4168905840120587,0.6637242127757692
jav,jpn,2.7489871619695956,0.04253658800688043,2.8284271247461903,1.0,6.48074069840786,0.6746999756838223,3.1622776601683795,0.5527864045000421,4.242640687119285,0.2618267558031343,7.488731234868384,0,6,0,0.5773502691896258,0.9534625892455924,0.8001776177905671,0.40823544649754057,0.4291708157610044,0.7043001093890807
jav,kor,2.6955682020130083,0.040903237668757475,2.449489742783178,1.0,6.48074069840786,0.6301998691831806,1.4142135623730951,0.125,4.0,0.21621621621621623,6.87435058971197,0,6,0,0.5,0.4264014327112209,0.8001776177905671,0.3462057713491359,0.42044580836877554,0.5395890378567278
jav,arb,4.345255725439033,0.10627047661021405,3.3166247903554,1.0,5.916079783099616,0.4777670321329065,3.1622776601683795,0.43305329048615915,5.477225575051661,0.34240405077857083,9.009470699045458,0,6,0,0.6770032003863301,0.9534625892455924,0.7109983804275144,0.7238498657063308,0.6898920096511896,0.7767383638513092
jav,hin,2.71537616980705,0.041493311979712066,3.4641016151377544,1.0,6.324555320336759,0.5792208371551982,2.8284271247461903,0.3876275643042054,6.0,0.3793084620699383,8.805682547765102,0,6,0,0.7071067811865476,0.8528028654224418,0.775510614061369,0.8574940955361688,0.42368107662499954,0.7802430416855238
jav,tur,4.906604990039294,0.1355594737066823,3.3166247903554,1.0,6.4031242374328485,0.6253656753673223,2.6457513110645907,0.3603978509331687,5.5677643628300215,0.3911844526817908,9.281777302294623,0,6,0,0.6770032003863301,0.7977240352174657,0.7879193285962598,0.7469955782448925,0.7815781167420028,0.7612440772133515
jav,vie,1.3021849789113336,0.009540230476373202,2.8284271247461903,1.0,3.0,0.1567259572884322,2.0,0.18350341907227385,4.898979485566356,0.2805982934332475,3.1187089202049423,1,6,0,0.5773502691896258,0.6030226891555273,0.2504498209355252,0.5760246286760073,0.19286221386132255,0.5200975222273418
jav,tha,1.2036093416176654,0.00814921278221481,3.872983346207417,1.0,3.0,0.1494827282002854,2.0,0.18350341907227385,3.872983346207417,0.18824593690905445,1.5623415320988263,1,6,0,0.7905694150420949,0.6030226891555273,0.2504498209355252,0.31373470531840875,0.1767616914104943,0.5439147513569014
jav,swh,4.513547823410973,0.11453016765615565,4.123105625617661,1.0,5.0990195135927845,0.3836664486386343,2.23606797749979,0.25379749275536356,4.242640687119285,0.22975575105535484,7.6282552481752885,0,6,0,0.8416254115301732,0.6741998624632421,0.581956667535994,0.40823544649754057,0.7173794373370186,0.6845332114235433
jav,fin,5.25283387293594,0.15549824958730818,2.8284271247461903,1.0,5.477225575051661,0.44529980377477085,2.449489742783178,0.28556549168823964,4.358898943540674,0.25326695411226907,8.107144984111379,0,6,0,0.5773502691896258,0.7385489458759963,0.6416883174742132,0.43795619104683975,0.8381282548414976,0.6437798221198303
jav,hun,5.3777052874407,0.16288089962762398,2.449489742783178,1.0,5.5677643628300215,0.4197411468143405,2.449489742783178,0.3291796067500631,4.69041575982343,0.2729522946823447,8.210881362656016,0,6,0,0.5,0.7385489458759963,0.6559874832690368,0.5227065297653551,0.8585237102288269,0.637166898099051
jav,ell,5.203223832712697,0.15246025590877665,3.1622776601683795,1.0,6.082762530298219,0.4722222222222222,2.449489742783178,0.3291796067500631,5.385164807134504,0.407921931843669,8.546777579577236,0,6,0,0.6454972243679029,0.7385489458759963,0.7373232771465221,0.7003150678304635,0.8300253646311989,0.722299587614804
jav,heb,4.760406206678633,0.12756759052443123,3.4641016151377544,1.0,5.0,0.31899477539300103,3.1622776601683795,0.43305329048615915,4.795831523312719,0.33157607722303917,8.395435909315536,0,6,0,0.7071067811865476,0.9534625892455924,0.5663181055833848,0.5496554542940227,0.7576992268011787,0.7340945822682017
jav,ind,0.46553129698083434,0.001218111037785241,2.6457513110645907,0.5256583509747431,3.0,0.1494827282002854,1.7320508075688772,0.14719713457755834,3.4641016151377544,0.15760299761174978,1.8370002096357316,1,6,0,0.5400617248673217,0.5222329678670935,0.2504498209355252,0.20920647778375834,0.056210179349389676,0.4268582042491082
jav,tgl,1.2210174577240902,0.008386709135112635,2.449489742783178,0.49290744716289003,5.196152422706632,0.37639043553767637,1.4142135623730951,0.10557280900008414,4.242640687119285,0.24971048059141665,3.0226000241119815,1,6,0,0.5,0.4264014327112209,0.5972972702283177,0.40823544649754057,0.17960498790740795,0.49627537859347026
jav,ces,5.507396913516006,0.17085286509301323,3.3166247903554,1.0,5.916079783099616,0.5509497906302911,2.449489742783178,0.3291796067500631,5.291502622129181,0.3783783783783784,9.35809729702892,0,6,1,0.6770032003863301,0.7385489458759963,0.7109983804275144,0.6763708770249299,0.8797064587723559,0.6753788271627582
jav,swe,5.421761699541815,0.1656335327880415,3.3166247903554,1.0,5.385164807134504,0.4380485130509836,2.6457513110645907,0.3603978509331687,5.291502622129181,0.30938611672580374,8.80745960374113,0,6,1,0.6770032003863301,0.7977240352174657,0.6271487790515345,0.6763708770249299,0.8657195171402624,0.6727033321413249
jav,nor,5.582263860884082,0.1755897940721488,3.1622776601683795,1.0,5.5677643628300215,0.4522774424948338,2.449489742783178,0.3291796067500631,5.744562646538029,0.36165494637742557,9.192111643798718,0,6,1,0.6454972243679029,0.7385489458759963,0.6559874832690368,0.7921930273429978,0.8919346015469612,0.672909584611975
jav,dan,5.631611663089339,0.1786766441895039,3.3166247903554,1.0,5.5677643628300215,0.4692680401037067,2.6457513110645907,0.3603978509331687,4.58257569495584,0.24858144337623456,9.175411455746636,0,6,1,0.6770032003863301,0.7977240352174657,0.6559874832690368,0.4951378467421696,0.8999946599865307,0.6529998755847247
jav,ron,5.233792897317292,0.15428093834893575,3.605551275463989,1.0,5.477225575051661,0.4289425647106262,2.23606797749979,0.2928932188134524,4.242640687119285,0.2365777165856482,8.270116830513862,0,6,1,0.7359800721939873,0.6741998624632421,0.6416883174742132,0.40823544649754057,0.8350182606903016,0.6206678807779955
jav,ukr,5.232585278767981,0.15421935586450464,3.1622776601683795,1.0,5.477225575051661,0.4289425647106262,2.449489742783178,0.3291796067500631,4.58257569495584,0.27993599146540227,8.653528989182776,0,6,0,0.6454972243679029,0.7385489458759963,0.6416883174742132,0.4951378467421696,0.8348210183482888,0.6726357952029525
jav,ben,2.1096144128263714,0.02504277689021961,3.4641016151377544,1.0,6.4031242374328485,0.584260290358451,2.449489742783178,0.3291796067500631,5.0990195135927845,0.31379968604577946,7.75251867938447,0,6,0,0.7071067811865476,0.7385489458759963,0.7879193285962598,0.6271636940259873,0.32474100343972523,0.7146647408200998
jav,urd,3.1941102789266234,0.05741632011152409,3.4641016151377544,1.0,6.324555320336759,0.5792208371551982,2.449489742783178,0.3291796067500631,5.385164807134504,0.30647207627884154,8.679089238740342,0,6,0,0.7071067811865476,0.7385489458759963,0.775510614061369,0.7003150678304635,0.501873513250028,0.7320123294743082
jav,pan,2.9475421786669913,0.048896570210904766,3.3166247903554,1.0,6.48074069840786,0.5696685170880648,2.23606797749979,0.2928932188134524,4.795831523312719,0.23935647075743915,7.862581397283329,0,6,0,0.6770032003863301,0.6741998624632421,0.8001776177905671,0.5496554542940227,0.46160113619136844,0.6872148242434948
jav,tam,2.230683752196959,0.027989000982395096,3.872983346207417,1.0,6.928203230275509,0.7468912011326669,2.0,0.25,4.898979485566356,0.29802290521053976,8.407052203800184,0,6,0,0.7905694150420949,0.6030226891555273,0.8708472289831782,0.5760246286760073,0.34451545958486746,0.7157254098787904
jav,tel,2.372792984641339,0.03167284059854669,2.8284271247461903,1.0,6.855654600401044,0.7433998803601664,2.23606797749979,0.2928932188134524,5.5677643628300215,0.3803980036292379,8.301990805957155,0,6,0,0.5773502691896258,0.6741998624632421,0.8593893233471784,0.7469955782448925,0.3677263963868726,0.6940685675982114
jav,mar,2.5207733210726797,0.03575090306394235,3.3166247903554,1.0,6.928203230275509,0.6994434551108559,2.23606797749979,0.2928932188134524,4.795831523312719,0.2644025532918133,8.257546078724687,0,6,0,0.6770032003863301,0.6741998624632421,0.8708472289831782,0.5496554542940227,0.3918962703476769,0.6978635031898324
jav,mya,1.800299195691092,0.018236413018874575,3.4641016151377544,1.0,6.48074069840786,0.6301998691831806,2.449489742783178,0.2440710539815456,4.0,0.18467806589101388,7.327665718006924,0,6,0,0.7071067811865476,0.7385489458759963,0.8001776177905671,0.3462057713491359,0.2742200356367682,0.6724466618672855
jav,khm,0.937783700339686,0.004946874790313416,2.6457513110645907,1.0,2.6457513110645907,0.12158953884211687,1.7320508075688772,0.1982162742627268,4.123105625617661,0.21361325138064646,2.8001101253512215,1,6,0,0.5400617248673217,0.5222329678670935,0.19450185807913475,0.37767700585916086,0.13334394821445983,0.44479587933239395
jav,amh,4.436495583800484,0.11072286305164891,3.4641016151377544,1.0,6.782329983125268,0.6270460481429895,2.449489742783178,0.3291796067500631,4.358898943540674,0.25326695411226907,8.508444032862563,0,6,0,0.7071067811865476,0.7385489458759963,0.8478088628064984,0.43795619104683975,0.7047943671534047,0.7172641904009592
mya,eng,4.6705662020515,0.12297477699489179,4.0,1.0,6.782329983125268,0.6051264051305076,1.7320508075688772,0.11359473957208166,3.7416573867739413,0.13458901658647404,7.902053506438507,0,4,0,0.8164965809277261,0.5222329678670935,0.8478088628064984,0.28016199045791074,0.7430255097328076,0.674244562861718
mya,spa,4.867511033988956,0.1334994346335866,4.358898943540674,1.0,7.211102550927978,0.6498905737037513,2.449489742783178,0.23936117074433505,5.477225575051661,0.3589522254620007,10.602410578055903,0,4,0,0.8897565210026094,0.7385489458759963,0.9155266905544484,0.7238498657063308,0.7751928360138144,0.8320066525373119
mya,fra,4.647615339680525,0.12174607145871219,4.358898943540674,1.0,7.0,0.6046670311140794,3.0,0.33287561500500895,4.898979485566356,0.23862829528418195,9.540761025073854,0,4,0,0.8897565210026094,0.9045340337332909,0.8821863902312445,0.5760246286760073,0.7392769072888902,0.8428652824462
mya,deu,4.28861292474232,0.10366841455508646,3.605551275463989,1.0,6.48074069840786,0.5116137094944957,2.8284271247461903,0.2857142857142857,4.795831523312719,0.23674827776849283,8.614522771910517,0,4,0,0.7359800721939873,0.8528028654224418,0.8001776177905671,0.5496554542940227,0.6806404470000821,0.7605106020660276
mya,ita,4.3280030261560345,0.10555875545789795,4.0,1.0,7.14142842854285,0.6455412215207166,2.449489742783178,0.23936117074433505,4.58257569495584,0.24280236115151832,9.598886711938789,0,4,0,0.8164965809277261,0.7385489458759963,0.9045227677933807,0.4951378467421696,0.6870740976420003,0.7691151461994185
mya,por,4.9460238240897745,0.13785414117243755,4.242640687119285,1.0,7.0710678118654755,0.641025641025641,2.23606797749979,0.1982162742627268,4.47213595499958,0.21276595744680848,9.958700382530449,0,4,0,0.8660254037844386,0.6741998624632421,0.8934104241450567,0.46690457195922563,0.7880164603331733,0.7664761803906961
mya,nld,4.503060870746133,0.11429642902190895,4.0,1.0,6.6332495807108,0.5498593090476802,2.6457513110645907,0.27475933237715777,4.898979485566356,0.23862829528418195,8.573951660682846,0,4,0,0.8164965809277261,0.7977240352174657,0.8242639773138629,0.5760246286760073,0.7156665859524718,0.7814198021444815
mya,rus,2.4318739703562353,0.033336574253507,3.3166247903554,1.0,6.557438524302,0.5305420994479693,2.449489742783178,0.23936117074433505,5.385164807134504,0.34959336874346203,8.51044803160011,0,4,0,0.6770032003863301,0.7385489458759963,0.8122908231412682,0.7003150678304635,0.37737619184379584,0.7241124309799112
mya,pol,4.0623631291721685,0.09302944705680072,3.4641016151377544,1.0,6.855654600401044,0.5799587205587093,2.449489742783178,0.23936117074433505,5.477225575051661,0.3393717509478038,9.181897400389866,0,4,0,0.7071067811865476,0.7385489458759963,0.8593893233471784,0.7238498657063308,0.643686692369814,0.7594089499688395
mya,cmn,1.8007674200772006,0.01826914393860235,3.0,0.8110177634953863,5.5677643628300215,0.4128634360480138,2.23606797749979,0.18462575167278872,5.916079783099616,0.40035471478122475,6.909652950834718,1,4,0,0.6123724356957946,0.6741998624632421,0.6559874832690368,0.836040382003964,0.27429651150289025,0.6725800758540954
mya,jpn,2.5347567512060114,0.036191036607022053,3.1622776601683795,1.0,4.242640687119285,0.24213525325492657,2.8284271247461903,0.3238765962171868,4.47213595499958,0.24025435025974318,4.515778561444745,1,4,0,0.6454972243679029,0.8528028654224418,0.4467052120725283,0.46690457195922563,0.394180207200457,0.6359356222343937
mya,kor,2.235582639056201,0.02815465510584636,2.8284271247461903,1.0,4.242640687119285,0.23076923076923073,2.8284271247461903,0.33856217223385243,4.69041575982343,0.2566182365476891,5.627342354797003,1,4,0,0.5773502691896258,0.8528028654224418,0.4467052120725283,0.5227065297653551,0.34531560290655167,0.6214185991371348
mya,arb,2.9778852371414195,0.049946558386018025,3.605551275463989,1.0,7.280109889280518,0.6378965878110494,3.1622776601683795,0.3571428571428571,5.0990195135927845,0.2706750425105272,9.273929902221118,0,4,0,0.7359800721939873,0.9534625892455924,0.926425305351214,0.6271636940259873,0.46655711829411567,0.8118471400584409
mya,hin,1.0892677093813297,0.00668184642481251,3.7416573867739413,1.0,6.164414002968976,0.4748358605556269,2.449489742783178,0.22848325018954052,5.656854249492381,0.31160489955742254,8.086080411993144,0,4,0,0.7637626158259734,0.7385489458759963,0.750218832452264,0.7697708876716975,0.15808608283795178,0.7371797249998961
mya,tur,3.509533967848205,0.06940236269580002,3.605551275463989,1.0,5.5677643628300215,0.4025470165139492,2.6457513110645907,0.27475933237715777,5.385164807134504,0.32477629509048445,8.357262194274487,0,4,0,0.7359800721939873,0.7977240352174657,0.6559874832690368,0.7003150678304635,0.5533921878884237,0.7341393966853608
mya,vie,0.8297084499138542,0.0038759592767404483,3.1622776601683795,1.0,6.708203932499369,0.6491767922771883,2.0,0.1513315752084945,4.898979485566356,0.25531914893617025,7.582539559421367,0,4,0,0.6454972243679029,0.6030226891555273,0.8361018285770369,0.5760246286760073,0.11569183818370112,0.6538134915252463
mya,tha,0.6215037638420099,0.0021743921819886713,4.123105625617661,1.0,6.4031242374328485,0.5753961121957767,1.4142135623730951,0.07417990022744858,4.123105625617661,0.18973155410858134,6.475033300201884,0,4,0,0.8416254115301732,0.4264014327112209,0.7879193285962598,0.37767700585916086,0.0816854212382973,0.6274076692968982
mya,swh,3.9346665369984124,0.0870971452713808,4.358898943540674,1.0,7.211102550927978,0.6666666666666667,1.7320508075688772,0.11359473957208166,4.242640687119285,0.20269004424734938,8.781313926440724,0,4,0,0.8897565210026094,0.5222329678670935,0.9155266905544484,0.40823544649754057,0.6228297960246977,0.7229673431543119
mya,fin,3.9126673694273815,0.0863358306408506,3.1622776601683795,1.0,6.48074069840786,0.5384615384615384,2.449489742783178,0.22848325018954052,4.58257569495584,0.24280236115151832,8.790620447322164,0,4,0,0.6454972243679029,0.7385489458759963,0.8001776177905671,0.4951378467421696,0.6192366354720378,0.6935544361224107
mya,hun,4.039514227675322,0.09196911513457329,2.8284271247461903,1.0,6.082762530298219,0.44477476797694226,2.449489742783178,0.23936117074433505,4.69041575982343,0.2436971093897805,8.087999407738764,0,4,0,0.5773502691896258,0.7385489458759963,0.7373232771465221,0.5227065297653551,0.6399547433646984,0.6657106892882296
mya,ell,3.848598350847358,0.08346884647583985,3.4641016151377544,1.0,7.280109889280518,0.6070873610071295,2.0,0.15484574527148343,5.385164807134504,0.34959336874346203,9.1152495144522,0,4,0,0.7071067811865476,0.6030226891555273,0.926425305351214,0.7003150678304635,0.6087721363283284,0.7336586347060748
mya,heb,3.4200551686056158,0.06589101593558322,3.7416573867739413,1.0,7.14142842854285,0.5986366600475972,3.1622776601683795,0.3571428571428571,5.196152422706632,0.3295761899317843,9.674817425914062,0,4,0,0.7637626158259734,0.9534625892455924,0.9045227677933807,0.6519951551881026,0.5387774670950234,0.8231371322508328
mya,ind,2.126161701261743,0.025427148537170097,3.872983346207417,1.0,6.708203932499369,0.6320099639030063,1.7320508075688772,0.11359473957208166,4.0,0.18250178723265953,7.063842702473014,0,4,0,0.7905694150420949,0.5222329678670935,0.8361018285770369,0.3462057713491359,0.3274436995243606,0.6532524828733977
mya,tgl,1.8182238254660699,0.018610310066311975,3.7416573867739413,1.0,7.416198487095663,0.6787919627801895,2.0,0.15484574527148343,4.242640687119285,0.2110181236455393,7.614572548091372,0,4,0,0.7637626158259734,0.6030226891555273,0.9479183413272151,0.40823544649754057,0.27714769516845406,0.6945608270351706
mya,ces,4.1902635732306885,0.09897368127722894,3.605551275463989,1.0,6.4031242374328485,0.5463035642189198,2.449489742783178,0.23936117074433505,5.0990195135927845,0.304578350318806,8.904297410779405,0,4,0,0.7359800721939873,0.7385489458759963,0.7879193285962598,0.6271636940259873,0.6645768841816134,0.7403185221594261
mya,swe,4.0940574694057785,0.09451105509849012,3.605551275463989,1.0,6.708203932499369,0.584380533227095,2.6457513110645907,0.27475933237715777,5.291502622129181,0.28511855107004147,9.284337772477922,0,4,0,0.7359800721939873,0.7977240352174657,0.8361018285770369,0.6763708770249299,0.6488633815650885,0.7713441968099639
mya,nor,4.291844142174738,0.10386609992793805,3.4641016151377544,1.0,6.557438524302,0.54426728481235,2.449489742783178,0.23936117074433505,5.5677643628300215,0.31225361504667537,9.601493748947505,0,4,0,0.7071067811865476,0.7385489458759963,0.8122908231412682,0.7469955782448925,0.6811682071063563,0.7553351825452688
mya,dan,4.342153237341388,0.10629679446036644,3.605551275463989,1.0,6.4031242374328485,0.532428099880482,2.6457513110645907,0.27475933237715777,4.358898943540674,0.20425507180422053,9.092516076464873,0,4,0,0.7359800721939873,0.7977240352174657,0.7879193285962598,0.43795619104683975,0.6893852751208234,0.7279715885948819
mya,ron,3.867546749158359,0.08430588896860014,3.872983346207417,1.0,6.928203230275509,0.5998749413757157,2.23606797749979,0.1982162742627268,4.47213595499958,0.22921597081936462,8.883285020135311,0,4,0,0.7905694150420949,0.6741998624632421,0.8708472289831782,0.46690457195922563,0.6118670096742104,0.730519272202669
mya,ukr,3.8608575570336714,0.08401974208519647,3.4641016151377544,1.0,6.6332495807108,0.5498593090476802,2.449489742783178,0.23936117074433505,4.58257569495584,0.24280236115151832,8.62693332593577,0,4,0,0.7071067811865476,0.7385489458759963,0.8242639773138629,0.4951378467421696,0.6107744528220485,0.7164314659401638
mya,ben,0.33068931247609473,0.0006157813371368004,3.7416573867739413,1.0,5.196152422706632,0.33287561500500884,2.449489742783178,0.23936117074433505,4.898979485566356,0.2606948505394321,6.443738437159488,0,4,0,0.7637626158259734,0.7385489458759963,0.5972972702283177,0.5760246286760073,0.03418621421523531,0.6713384802746174
mya,urd,1.6794095278180263,0.015883907354311666,3.7416573867739413,1.0,6.324555320336759,0.4998436767196447,2.449489742783178,0.23936117074433505,5.385164807134504,0.2854103989895036,8.339186480797657,0,4,0,0.7637626158259734,0.7385489458759963,0.775510614061369,0.7003150678304635,0.2544749255355273,0.7366391504804108
mya,pan,1.2702328372386256,0.009087274069928597,3.605551275463989,1.0,6.324555320336759,0.4748490923710825,2.6457513110645907,0.28730335490020165,4.795831523312719,0.2258612655719623,7.86513922579008,0,4,0,0.7359800721939873,0.7977240352174657,0.775510614061369,0.5496554542940227,0.18764341752911232,0.7171576422953956
mya,tam,1.19857959021747,0.00808629061446653,4.123105625617661,1.0,5.0990195135927845,0.3418773418841795,2.449489742783178,0.2440710539815456,5.291502622129181,0.31042971738479996,7.168900081911323,0,4,0,0.8416254115301732,0.7385489458759963,0.581956667535994,0.6763708770249299,0.17594017376613277,0.713768833677296
mya,tel,1.0184572363568807,0.005839278823039473,3.1622776601683795,1.0,5.196152422706632,0.35948738477965136,2.23606797749979,0.1982162742627268,5.744562646538029,0.3622907291563634,7.1167841636005615,0,4,0,0.6454972243679029,0.6741998624632421,0.5972972702283177,0.7921930273429978,0.14652049075065476,0.6578135656108274
mya,mar,1.1152801715201195,0.007003185398043343,3.605551275463989,1.0,5.477225575051661,0.37480459589955584,2.6457513110645907,0.28730335490020165,5.0,0.2631170690667959,6.901492464461453,0,4,0,0.7359800721939873,0.7977240352174657,0.6416883174742132,0.6018499334426524,0.1623347414534595,0.6969569210464762
mya,jav,1.800299195691092,0.018236413018874575,3.4641016151377544,1.0,6.48074069840786,0.6301998691831806,2.449489742783178,0.2440710539815456,4.0,0.18467806589101388,7.327665718006924,0,4,0,0.7071067811865476,0.7385489458759963,0.8001776177905671,0.3462057713491359,0.2742200356367682,0.6724466618672855
mya,khm,0.9260033573609691,0.004826818585061288,3.0,1.0,6.557438524302,0.619941524966954,3.0,0.3939084732686735,4.58257569495584,0.2347464677692157,7.951295500689621,0,4,0,0.6123724356957946,0.9045340337332909,0.8122908231412682,0.4951378467421696,0.13141984524323333,0.7031450730438018
mya,amh,3.385599271256587,0.06452598238812557,3.7416573867739413,1.0,5.656854249492381,0.37936710916582483,2.8284271247461903,0.3238765962171868,4.58257569495584,0.24280236115151832,6.882192061816392,0,4,0,0.7637626158259734,0.8528028654224418,0.6700578181087926,0.4951378467421696,0.5331497281925724,0.727269228146115
khm,eng,5.309876222093574,0.15889957954384615,3.3166247903554,1.0,5.0,0.36968476355295266,2.449489742783178,0.3162365412421724,5.5677643628300215,0.31339343767440486,8.513035627712375,0,6,0,0.6770032003863301,0.7385489458759963,0.5663181055833848,0.7469955782448925,0.8474450764058807,0.7054234082586031
khm,spa,5.504209210140762,0.17066026161437964,3.7416573867739413,1.0,5.5677643628300215,0.429734051487799,2.6457513110645907,0.4023856953328032,5.916079783099616,0.4522774424948339,9.73361936305873,0,6,0,0.7637626158259734,0.7977240352174657,0.6559874832690368,0.836040382003964,0.8791858058892627,0.7791226378010235
khm,fra,5.300495628108347,0.15830860729886498,3.7416573867739413,1.0,5.477225575051661,0.4083920216900384,3.1622776601683795,0.4758575816390408,5.916079783099616,0.36414414490105396,9.687996179398446,0,6,0,0.7637626158259734,0.9534625892455924,0.6416883174742132,0.836040382003964,0.8459129284207625,0.8135337992756655
khm,deu,4.9769872520259835,0.1395798717666613,2.8284271247461903,1.0,5.744562646538029,0.4431539536102954,3.0,0.3939084732686735,5.291502622129181,0.3017027512448244,8.907941136096461,0,6,0,0.5773502691896258,0.9045340337332909,0.6839099685708037,0.6763708770249299,0.7930737684097762,0.7272299028785996
khm,ita,5.018064380175741,0.1418628127020326,3.3166247903554,1.0,5.291502622129181,0.393782217350893,2.6457513110645907,0.4023856953328032,5.477225575051661,0.37421728209780136,8.948904770708507,0,6,0,0.6770032003863301,0.7977240352174657,0.6123563221945337,0.7238498657063308,0.7997829639285476,0.7235698614115493
khm,por,5.5729141384244985,0.1749641628586851,3.605551275463989,1.0,5.196152422706632,0.38605938648507965,2.449489742783178,0.37005921165128797,5.5677643628300215,0.34728375192080163,9.346912721455023,0,6,0,0.7359800721939873,0.7385489458759963,0.5972972702283177,0.7469955782448925,0.8904074958593654,0.731460423702561
khm,nld,5.163372759275205,0.15023148143893506,3.3166247903554,1.0,5.5677643628300215,0.429734051487799,2.8284271247461903,0.43019711770181024,5.5677643628300215,0.3217537545611242,8.705646717533847,0,6,0,0.6770032003863301,0.8528028654224418,0.6559874832690368,0.7469955782448925,0.8235164226635353,0.7507243309952276
khm,rus,3.1720255299753584,0.056700939056700816,2.449489742783178,1.0,5.477225575051661,0.4083920216900384,2.6457513110645907,0.4023856953328032,6.0,0.47074387597503686,8.488520485292641,0,6,0,0.5,0.7977240352174657,0.6416883174742132,0.8574940955361688,0.4982663745484902,0.6813061053570589
khm,pol,4.765271270579918,0.12797208926452652,2.6457513110645907,1.0,5.656854249492381,0.436563830180989,2.6457513110645907,0.4023856953328032,6.082762530298219,0.44574290338133815,9.023015367158537,0,6,0,0.5400617248673217,0.7977240352174657,0.6700578181087926,0.8786518532469964,0.7584938457630019,0.7151835601615211
khm,cmn,1.970453007710536,0.02186800776992137,2.449489742783178,1.0,5.0990195135927845,0.3914193805498154,2.8284271247461903,0.371029097966849,6.0,0.4388574580545934,7.091323368995562,0,6,0,0.5,0.8528028654224418,0.581956667535994,0.8574940955361688,0.3020115401679698,0.6733167412016331
khm,jpn,2.342978043066387,0.030912923496910993,2.23606797749979,1.0,6.708203932499369,0.6913933000758161,3.0,0.5219085562662426,5.0,0.3348712054315681,7.6306138704543764,0,6,0,0.4564354645876385,0.9045340337332909,0.8361018285770369,0.6018499334426524,0.3628566724938627,0.6887048371661126
khm,kor,2.165019044384525,0.026397732834200327,1.7320508075688772,1.0,6.557438524302,0.619941524966954,1.7320508075688772,0.1982162742627268,4.358898943540674,0.23898056585223848,7.251528520640233,0,6,0,0.3535533905932738,0.5222329678670935,0.8122908231412682,0.43795619104683975,0.33379033387037127,0.5314653691235538
khm,arb,3.741378827003469,0.07881881819856507,2.8284271247461903,1.0,6.0,0.4770422115649787,3.3166247903554,0.4949237277238946,6.4031242374328485,0.4489166072782431,9.622854511015374,0,6,0,0.5773502691896258,1.0,0.7242522479073147,0.9605504534342771,0.5912597935404971,0.7917010880305173
khm,hin,1.9565851768473275,0.021552667801047254,3.0,1.0,6.557438524302,0.6008138360414592,3.0,0.454455274410019,5.916079783099616,0.35500595660322876,9.009039658824115,0,6,0,0.6123724356957946,0.9045340337332909,0.8122908231412682,0.836040382003964,0.29974648433584566,0.7626967852877017
khm,tur,4.26739051627136,0.10258339385286153,2.8284271247461903,1.0,6.928203230275509,0.7038255611204538,2.8284271247461903,0.43019711770181024,5.656854249492381,0.38095238095238093,9.132945404411686,0,6,0,0.5773502691896258,0.8528028654224418,0.8708472289831782,0.7697708876716975,0.6771741558004685,0.759899583849912
khm,vie,0.4440842177137618,0.001110013846738922,1.7320508075688772,0.5917517095361369,1.4142135623730951,0.033333333333333326,2.23606797749979,0.23623738417402662,4.123105625617661,0.18973155410858134,1.4910858319671352,1,6,0,0.3535533905932738,0.6741998624632421,0.0,0.37767700585916086,0.05270719229574802,0.3839028932874542
khm,tha,0.32183150904739294,0.0005828949187617338,3.4641016151377544,1.0,2.0,0.06402902466654092,2.6457513110645907,0.3453463292920228,4.898979485566356,0.2857142857142857,3.148634351694472,1,6,0,0.7071067811865476,0.7977240352174657,0.09251567861159542,0.5760246286760073,0.03273945447941976,0.568106845908022
khm,swh,4.338425197325075,0.10585975217289278,3.7416573867739413,1.0,5.385164807134504,0.41529465379531394,2.8284271247461903,0.43019711770181024,5.744562646538029,0.3975466341101501,9.205719726336957,0,6,0,0.7637626158259734,0.8528028654224418,0.6271487790515345,0.7921930273429978,0.6887763681573166,0.7710270294230248
khm,fin,4.57761937247834,0.11814134755269201,2.23606797749979,1.0,5.744562646538029,0.4737651884157825,2.6457513110645907,0.3453463292920228,5.291502622129181,0.3491859733817134,8.75149684607606,0,6,0,0.4564354645876385,0.7977240352174657,0.6839099685708037,0.6763708770249299,0.7278443497894258,0.6609914909380296
khm,hun,4.752824766465119,0.12728121497091227,1.7320508075688772,1.0,5.656854249492381,0.42199402330866065,2.6457513110645907,0.4023856953328032,5.5677643628300215,0.3646619127977342,8.781512539475672,0,6,0,0.3535533905932738,0.7977240352174657,0.6700578181087926,0.7469955782448925,0.7564609375877533,0.6393809732202287
khm,ell,4.580638018322791,0.1182083441234878,2.6457513110645907,1.0,6.0,0.4466014094705336,2.6457513110645907,0.4023856953328032,6.0,0.47074387597503686,8.97845299043768,0,6,0,0.5400617248673217,0.7977240352174657,0.7242522479073147,0.8574940955361688,0.72833739022542,0.7213409596877223
khm,heb,4.166971185055541,0.09778627098106796,3.0,1.0,5.291502622129181,0.3539417175302014,3.3166247903554,0.4949237277238946,4.898979485566356,0.31806909301252373,7.973581773572344,0,6,0,0.6123724356957946,1.0,0.6123563221945337,0.5760246286760073,0.6607724997612505,0.7256253144371088
khm,ind,1.3391186636097463,0.010083647149757069,3.1622776601683795,1.0,2.8284271247461903,0.12857874710333128,2.449489742783178,0.3162365412421724,5.196152422706632,0.33287561500500884,4.17993485489336,1,6,0,0.6454972243679029,0.7385489458759963,0.22335260603626417,0.6519951551881026,0.1988946538840745,0.580700930959042
khm,tgl,1.1050187595771572,0.006871890627278221,3.0,1.0,5.0990195135927845,0.35204840470813736,2.23606797749979,0.2828628343993639,4.795831523312719,0.2957852832076435,4.526820750185845,1,6,0,0.6123724356957946,0.6741998624632421,0.581956667535994,0.5496554542940227,0.16065872800936,0.6091342843763191
khm,ces,4.885827795612151,0.13452108409048935,2.8284271247461903,1.0,6.324555320336759,0.60442259735738,2.6457513110645907,0.4023856953328032,5.385164807134504,0.3658171382101988,9.412665787746729,0,6,0,0.5773502691896258,0.7977240352174657,0.775510614061369,0.7003150678304635,0.7781845430911133,0.7216946997026532
khm,swe,4.768995508472974,0.12820522659199407,2.8284271247461903,1.0,5.477225575051661,0.43726856612886233,2.8284271247461903,0.43019711770181024,5.5677643628300215,0.3301894856627634,8.592096174078968,0,6,0,0.5773502691896258,0.8528028654224418,0.6416883174742132,0.7469955782448925,0.7591021317194067,0.7147479039300452
khm,nor,4.94809377852153,0.13801900496893116,2.6457513110645907,1.0,5.656854249492381,0.4515172442698556,2.6457513110645907,0.4023856953328032,5.656854249492381,0.336661236608085,9.169217072731959,0,6,0,0.5400617248673217,0.7977240352174657,0.6700578181087926,0.7697708876716975,0.7883545494261344,0.7003444505083828
khm,dan,5.0111991826182996,0.14153708266298803,2.8284271247461903,1.0,5.830951894845301,0.4965034539047716,2.8284271247461903,0.43019711770181024,4.898979485566356,0.2719747916907359,8.965872028202098,0,6,0,0.5773502691896258,0.8528028654224418,0.6975537804082217,0.5760246286760073,0.7986616598169276,0.70225333048639
khm,ron,4.595912495416132,0.11901652744759839,3.1622776601683795,1.0,5.5677643628300215,0.429734051487799,2.449489742783178,0.37005921165128797,5.5677643628300215,0.3822922361157489,8.670340329066457,0,6,0,0.6454972243679029,0.7385489458759963,0.6559874832690368,0.7469955782448925,0.7308321959210033,0.7080748469659613
khm,ukr,4.5875601738780025,0.11859171970353188,2.6457513110645907,1.0,5.5677643628300215,0.429734051487799,2.6457513110645907,0.4023856953328032,5.656854249492381,0.3992485908138893,8.851963942123872,0,6,0,0.5400617248673217,0.7977240352174657,0.6559874832690368,0.7697708876716975,0.7294679973813523,0.6945860559381926
khm,ben,1.2494071406999847,0.008787593218185563,3.0,1.0,6.782329983125268,0.6337664896176428,2.6457513110645907,0.4023856953328032,5.385164807134504,0.3329366259690576,8.027148625589632,0,6,0,0.6123724356957946,0.7977240352174657,0.8478088628064984,0.7003150678304635,0.18424192194785008,0.7169638683463666
khm,urd,2.50376170615162,0.03529446979279016,3.0,1.0,6.557438524302,0.6008138360414592,2.6457513110645907,0.4023856953328032,5.830951894845301,0.3490611853729976,8.752095072904394,0,6,0,0.6123724356957946,0.7977240352174657,0.8122908231412682,0.8142779343403991,0.3891177350474648,0.7371984810447915
khm,pan,2.156700968103091,0.026189269606329835,2.8284271247461903,1.0,6.708203932499369,0.5917517095361371,2.449489742783178,0.37005921165128797,5.477225575051661,0.3070651328164168,8.137108788463975,0,6,0,0.5773502691896258,0.7385489458759963,0.8361018285770369,0.7238498657063308,0.33243172866533516,0.7002617492305107
khm,tam,1.7164949814343473,0.016579865424036777,3.4641016151377544,1.0,7.280109889280518,0.7898949211843176,2.23606797749979,0.33184689521893906,5.744562646538029,0.38819295306448476,9.13333868945115,0,6,0,0.7071067811865476,0.6741998624632421,0.926425305351214,0.7921930273429978,0.26053215422754084,0.7478226228548444
khm,tel,1.7257904107638231,0.016762104978240155,2.23606797749979,1.0,7.211102550927978,0.7869967831924354,2.449489742783178,0.37005921165128797,5.830951894845301,0.3951852632409939,8.897002631218353,0,6,0,0.4564354645876385,0.7385489458759963,0.9155266905544484,0.8142779343403991,0.2620503921280827,0.6899174237136444
khm,mar,1.861624938825875,0.019506942499942226,2.8284271247461903,1.0,7.14142842854285,0.7148670257438995,2.449489742783178,0.37005921165128797,5.656854249492381,0.3541186653783077,8.7219267052063,0,6,0,0.5773502691896258,0.7385489458759963,0.9045227677933807,0.7697708876716975,0.2842364710488345,0.7184243274877594
khm,jav,0.937783700339686,0.004946874790313416,2.6457513110645907,1.0,2.6457513110645907,0.12158953884211687,1.7320508075688772,0.1982162742627268,4.123105625617661,0.21361325138064646,2.8001101253512215,1,6,0,0.5400617248673217,0.5222329678670935,0.19450185807913475,0.37767700585916086,0.13334394821445983,0.44479587933239395
khm,mya,0.9260033573609691,0.004826818585061288,3.0,1.0,6.557438524302,0.619941524966954,3.0,0.3939084732686735,4.58257569495584,0.2347464677692157,7.951295500689621,0,6,0,0.6123724356957946,0.9045340337332909,0.8122908231412682,0.4951378467421696,0.13141984524323333,0.7031450730438018
khm,amh,4.011365499841283,0.09055774309214937,3.0,1.0,6.855654600401044,0.6189682622337278,2.6457513110645907,0.4023856953328032,5.477225575051661,0.37421728209780136,8.965695379512622,0,6,0,0.6123724356957946,0.7977240352174657,0.8593893233471784,0.7238498657063308,0.6353571649275026,0.7453659422848653
amh,eng,3.364627646335646,0.06380406563595076,4.0,1.0,5.830951894845301,0.4118283023249538,2.23606797749979,0.2372299286035261,5.385164807134504,0.3000341771843086,7.610743431022926,0,8,0,0.8164965809277261,0.6741998624632421,0.6975537804082217,0.7003150678304635,0.5297243978864233,0.7345431760446635
amh,spa,2.9745384618543924,0.049842918034110784,4.358898943540674,1.0,5.656854249492381,0.3714127338073796,2.0,0.19999999999999996,4.358898943540674,0.25964852890543966,6.736203081069604,0,8,0,0.8897565210026094,0.6030226891555273,0.6700578181087926,0.43795619104683975,0.4660104839316502,0.6906881450650316
amh,fra,3.0988118970656013,0.05411061506919068,4.358898943540674,1.0,6.082762530298219,0.4249453672147048,2.6457513110645907,0.29835358455437655,5.196152422706632,0.28694957148546174,7.83478361914574,0,8,0,0.8897565210026094,0.7977240352174657,0.7373232771465221,0.6519951551881026,0.4863082703684632,0.7859373073310922
amh,deu,2.8192310926752246,0.04478888657170088,3.605551275463989,1.0,5.477225575051661,0.34073880517854227,2.449489742783178,0.23936117074433505,5.291502622129181,0.3117527983883147,7.710985208912908,0,8,0,0.7359800721939873,0.7385489458759963,0.6416883174742132,0.6763708770249299,0.44064387355104573,0.7072567468533297
amh,ita,2.560701667929008,0.03694313161530993,4.0,1.0,5.5677643628300215,0.36360389693210726,1.4142135623730951,0.09999999999999998,3.7416573867739413,0.1842105263157895,6.371057478250386,0,8,0,0.8164965809277261,0.4264014327112209,0.6559874832690368,0.28016199045791074,0.39841783351109417,0.5946920193541717
amh,por,3.139498408134355,0.05552985459873461,4.242640687119285,1.0,5.291502622129181,0.33162611756319593,1.7320508075688772,0.1567259572884322,4.58257569495584,0.24280236115151832,7.061726400980468,0,8,0,0.8660254037844386,0.5222329678670935,0.6123563221945337,0.4951378467421696,0.49295366575106464,0.6617554878398904
amh,nld,3.1621564995781233,0.05634835462932164,4.0,1.0,5.656854249492381,0.3714127338073796,1.7320508075688772,0.14188366967896693,5.196152422706632,0.28694957148546174,7.58080491286767,0,8,0,0.8164965809277261,0.5222329678670935,0.6700578181087926,0.6519951551881026,0.49665444943351256,0.6821507756167408
amh,rus,3.1969943193682497,0.05760041106814173,3.3166247903554,1.0,5.5677643628300215,0.35593881128046934,1.4142135623730951,0.09999999999999998,4.47213595499958,0.27666065070294565,6.87877289530603,0,8,0,0.6770032003863301,0.4264014327112209,0.6559874832690368,0.46690457195922563,0.5023445683621667,0.5860517291595039
amh,pol,2.837485506089435,0.04537596646465536,3.4641016151377544,1.0,5.5677643628300215,0.35593881128046934,1.4142135623730951,0.09999999999999998,4.58257569495584,0.26529284168969713,6.48397311086318,0,8,0,0.7071067811865476,0.4264014327112209,0.6559874832690368,0.4951378467421696,0.44362539719188826,0.5963818360584968
amh,cmn,4.462086950045979,0.11214586446707209,3.3166247903554,1.0,5.385164807134504,0.35402480650006074,2.6457513110645907,0.29835358455437655,5.477225575051661,0.3844129887489075,7.826119510164145,0,8,0,0.6770032003863301,0.7977240352174657,0.6271487790515345,0.7238498657063308,0.7089742474777435,0.7219879169604091
amh,jpn,5.216083297630276,0.153221437935684,3.1622776601683795,1.0,4.69041575982343,0.269268685515494,2.8284271247461903,0.4,4.123105625617661,0.2424684892275154,6.53949846166904,0,8,0,0.6454972243679029,0.8528028654224418,0.5174241841340927,0.37767700585916086,0.8321257223797804,0.6585925574906629
amh,kor,4.931910292118399,0.1369940704767154,2.8284271247461903,1.0,4.898979485566356,0.28388512596056714,2.0,0.2173762078750736,5.0,0.33327406617166877,7.249087583457307,0,8,0,0.5773502691896258,0.6030226891555273,0.5503635172791851,0.6018499334426524,0.785711273731248,0.613596510204567
amh,arb,1.1280062999490623,0.007164840753470125,2.6457513110645907,0.5370899501137243,5.916079783099616,0.39322012378308213,2.0,0.15484574527148343,5.0,0.28159084927805156,5.983885830988649,0,8,0,0.5400617248673217,0.6030226891555273,0.7109983804275144,0.6018499334426524,0.16441332113204585,0.6034720219075814
amh,hin,2.482880807569984,0.03470887357399377,3.7416573867739413,1.0,4.69041575982343,0.25500768451244993,2.0,0.1784161637422509,5.744562646538029,0.3437820411102893,7.022763410559538,1,8,0,0.7637626158259734,0.6030226891555273,0.5174241841340927,0.7921930273429978,0.38570722322489803,0.671483609126187
amh,tur,1.9132886482345526,0.02062196973624042,3.605551275463989,1.0,4.58257569495584,0.25034120821965455,1.7320508075688772,0.14188366967896693,5.291502622129181,0.3491859733817134,4.732729676859973,0,8,0,0.7359800721939873,0.5222329678670935,0.500392555981073,0.6763708770249299,0.29267479045578304,0.6175201458977129
amh,vie,4.067088800931123,0.09311024328779771,3.1622776601683795,1.0,6.708203932499369,0.5917517095361371,2.8284271247461903,0.36099034957730625,5.5677643628300215,0.36111449222159364,8.792557341370856,0,8,0,0.6454972243679029,0.8528028654224418,0.8361018285770369,0.7469955782448925,0.6444585441816733,0.7683425133272064
amh,tha,3.7658369185297653,0.0798143495174013,4.123105625617661,1.0,6.708203932499369,0.5783629786442162,2.449489742783178,0.26970325665977857,4.242640687119285,0.22402942980127372,7.797902708151638,0,8,0,0.8416254115301732,0.7385489458759963,0.8361018285770369,0.40823544649754057,0.5952545742239879,0.7453432713292891
amh,swh,1.3461314224089924,0.010191967590792772,4.358898943540674,1.0,6.48074069840786,0.49871958817239703,2.6457513110645907,0.3325761875280854,3.872983346207417,0.18928865289897612,7.112348867642744,0,8,0,0.8897565210026094,0.7977240352174657,0.8001776177905671,0.31373470531840875,0.2000400594182344,0.7334556974319356
amh,fin,3.4513794695449365,0.06716268176852402,3.1622776601683795,1.0,5.291502622129181,0.33162611756319593,2.0,0.1784161637422509,4.47213595499958,0.26315789473684215,6.746770417553735,0,8,0,0.6454972243679029,0.6030226891555273,0.6123563221945337,0.46690457195922563,0.5438937171581861,0.6141064756899527
amh,hun,2.557589086242604,0.03685875697415575,2.8284271247461903,1.0,5.0,0.2808534800392084,2.0,0.19999999999999996,3.872983346207417,0.1836283516077658,5.766695700452277,0,8,0,0.5773502691896258,0.6030226891555273,0.5663181055833848,0.31373470531840875,0.397909450378123,0.5541800524791141
amh,ell,2.193778750545384,0.02711436715663229,3.4641016151377544,1.0,5.744562646538029,0.3545027756320972,2.0,0.19999999999999996,5.0990195135927845,0.3601228833141442,5.817768641718469,0,8,0,0.7071067811865476,0.6030226891555273,0.6839099685708037,0.6271636940259873,0.3384877044117624,0.6606686396834931
amh,heb,1.3324307600671337,0.009998653221433451,2.8284271247461903,0.5714285714285714,5.744562646538029,0.3625988757174059,2.0,0.15484574527148343,5.0990195135927845,0.3691067318559552,5.932440837074405,0,8,0,0.5773502691896258,0.6030226891555273,0.6839099685708037,0.6271636940259873,0.19780230749816152,0.6147074162387365
amh,ind,4.461391550413965,0.11193226050880589,3.872983346207417,1.0,6.557438524302,0.5520106648094796,2.23606797749979,0.2372299286035261,3.0,0.11680863310757705,7.910119069358498,0,8,0,0.7905694150420949,0.6741998624632421,0.8122908231412682,0.09056160925561946,0.7088606667016518,0.6672062294801182
amh,tgl,4.834863610364149,0.13156177219102116,3.7416573867739413,1.0,6.557438524302,0.4939519231489402,2.0,0.19999999999999996,3.605551275463989,0.1773872543393774,7.449344348113563,0,8,0,0.7637626158259734,0.6030226891555273,0.8122908231412682,0.24536725767627113,0.7698604781263684,0.6676407342226867
amh,ces,2.8128299476869203,0.044588182933775866,3.605551275463989,1.0,5.0,0.3043344070000654,1.4142135623730951,0.09999999999999998,4.123105625617661,0.22659791675913576,5.668819814242981,0,8,0,0.7359800721939873,0.4264014327112209,0.5663181055833848,0.37767700585916086,0.4395983639157576,0.5692894700273404
amh,swe,3.2712047298161484,0.06032353057835238,3.605551275463989,1.0,5.744562646538029,0.39543645824165696,1.7320508075688772,0.14188366967896693,6.082762530298219,0.4093958944484689,8.151850943597418,0,8,0,0.7359800721939873,0.5222329678670935,0.6839099685708037,0.8786518532469964,0.5144654778719073,0.6956553092197751
amh,nor,3.398162603292725,0.06509850004898499,3.4641016151377544,1.0,5.5677643628300215,0.36360389693210726,2.0,0.19999999999999996,5.830951894845301,0.37011022106781344,7.973158767935679,0,8,0,0.7071067811865476,0.6030226891555273,0.6559874832690368,0.8142779343403991,0.5352017180661194,0.6929869793530192
amh,dan,3.176272074803937,0.05686456353738656,3.605551275463989,1.0,5.5677643628300215,0.37125391657132323,1.7320508075688772,0.14188366967896693,5.291502622129181,0.3302891774710842,7.744650417412162,0,8,0,0.7359800721939873,0.5222329678670935,0.6559874832690368,0.6763708770249299,0.4989599697635766,0.6589533903206953
amh,ron,2.4353804566174095,0.033420663690762575,3.872983346207417,1.0,5.477225575051661,0.34813172394839365,1.7320508075688772,0.1567259572884322,2.6457513110645907,0.09083241643427054,5.440513189142004,0,8,0,0.7905694150420949,0.5222329678670935,0.6416883174742132,0.0,0.3779489120647503,0.564964175577482
amh,ukr,2.532957284069523,0.036154661985592695,3.4641016151377544,1.0,5.477225575051661,0.34813172394839365,1.4142135623730951,0.09999999999999998,4.0,0.21052631578947367,6.501372740396602,0,8,0,0.7071067811865476,0.4264014327112209,0.6416883174742132,0.3462057713491359,0.3938862972463753,0.5686952365933013
amh,ben,3.181023355505333,0.05696688970246311,3.7416573867739413,1.0,4.795831523312719,0.26393007003482216,1.4142135623730951,0.09999999999999998,5.5677643628300215,0.37125391657132323,6.482685815429405,1,8,0,0.7637626158259734,0.4264014327112209,0.5340729323281959,0.7469955782448925,0.4997360043265094,0.6295798663442957
amh,urd,1.9382162749958314,0.021151881069586986,3.7416573867739413,1.0,4.898979485566356,0.2782886943714359,1.4142135623730951,0.09999999999999998,6.0,0.3818849000363129,7.381249115627081,1,8,0,0.7637626158259734,0.4264014327112209,0.5503635172791851,0.8574940955361688,0.2967462611085182,0.6392632737672855
amh,pan,2.5063841602167685,0.03537235629857327,3.605551275463989,1.0,5.0990195135927845,0.28888888888888886,1.0,0.05131670194948623,5.291502622129181,0.2935827428986433,6.52757080191643,1,8,0,0.7359800721939873,0.30151134457776363,0.581956667535994,0.6763708770249299,0.3895460648225632,0.5834961261047036
amh,tam,2.529295096140513,0.036001380142736905,4.123105625617661,1.0,4.242640687119285,0.2157710697666051,1.4142135623730951,0.10557280900008414,4.795831523312719,0.2825824908068245,5.565531369558631,1,8,0,0.8416254115301732,0.4264014327112209,0.4467052120725283,0.5496554542940227,0.3932881460135862,0.6005417494961456
amh,tel,2.510331586141937,0.03546818568413834,3.1622776601683795,1.0,4.358898943540674,0.22979880775007244,1.7320508075688772,0.1567259572884322,5.477225575051661,0.364149215542126,5.39747692478988,1,8,0,0.6454972243679029,0.5222329678670935,0.4650663600885159,0.7238498657063308,0.3901908044506908,0.5953077013733318
amh,mar,2.393856033892356,0.03225710995356745,3.605551275463989,1.0,4.898979485566356,0.2782886943714359,1.0,0.05131670194948623,4.898979485566356,0.2741459960241872,6.1591114234745845,1,8,0,0.7359800721939873,0.30151134457776363,0.5503635172791851,0.5760246286760073,0.37116665918059516,0.561206588518905
amh,jav,4.436495583800484,0.11072286305164891,3.4641016151377544,1.0,6.782329983125268,0.6270460481429895,2.449489742783178,0.3291796067500631,4.358898943540674,0.25326695411226907,8.508444032862563,0,8,0,0.7071067811865476,0.7385489458759963,0.8478088628064984,0.43795619104683975,0.7047943671534047,0.7172641904009592
amh,mya,3.385599271256587,0.06452598238812557,3.7416573867739413,1.0,5.656854249492381,0.37936710916582483,2.8284271247461903,0.3238765962171868,4.58257569495584,0.24280236115151832,6.882192061816392,0,8,0,0.7637626158259734,0.8528028654224418,0.6700578181087926,0.4951378467421696,0.5331497281925724,0.727269228146115
amh,khm,4.011365499841283,0.09055774309214937,3.0,1.0,6.855654600401044,0.6189682622337278,2.6457513110645907,0.4023856953328032,5.477225575051661,0.37421728209780136,8.965695379512622,0,8,0,0.6123724356957946,0.7977240352174657,0.8593893233471784,0.7238498657063308,0.6353571649275026,0.7453659422848653
